/*
 * evj55_splash_c.h  —  LVGL splash screen image (embedded C array)
 *
 * Resolution : 320×213  RGB565 LE
 * Size       : 133.1 KB
 *
 * USAGE (in splash_screen.c):
 *   #include "evj55_splash_c.h"
 *   // then call splash_show() defined below
 *
 * NOTE: This is the 320×213 thumbnail version for direct firmware embed.
 * For full 1280×800, flash evj55_splash.bin to the 'splash' partition instead
 * and use the partition-based loader in splash_screen.c.
 */

#pragma once
#include "lvgl.h"

#define SPLASH_EMBED_W  320
#define SPLASH_EMBED_H  213

static const uint16_t evj55_splash_data[68160] = {
    0x0000, 0x0000, 0x0000, 0x0000, 0x0000, 0x0000, 0x0000, 0x0000, 0x0000, 0x0000, 0x0000, 0x0000, 0x0000, 0x0000, 0x0000, 0x0000,
    0x0000, 0x0000, 0x0000, 0x0000, 0x0000, 0x0000, 0x0000, 0x0000, 0x0000, 0x0000, 0x0000, 0x0000, 0x0000, 0x0000, 0x0000, 0x0000,
    0x0000, 0x0000, 0x0000, 0x0000, 0x0000, 0x0000, 0x0000, 0x0000, 0x0000, 0x0000, 0x0000, 0x0000, 0x0000, 0x0000, 0x0000, 0x0000,
    0x0000, 0x0000, 0x0000, 0x0000, 0x0000, 0x0000, 0x0000, 0x0000, 0x0000, 0x0000, 0x0000, 0x0000, 0x0000, 0x0000, 0x0000, 0x0000,
    0x0000, 0x0000, 0x0000, 0x0000, 0x0000, 0x0000, 0x0000, 0x0000, 0x0000, 0x0000, 0x0000, 0x0000, 0x0000, 0x0000, 0x0000, 0x0000,
    0x0000, 0x0000, 0x0000, 0x0000, 0x0000, 0x0000, 0x0000, 0x0000, 0x0000, 0x0000, 0x0000, 0x0000, 0x0000, 0x0000, 0x0000, 0x0000,
    0x0000, 0x0000, 0x0000, 0x0000, 0x0000, 0x0000, 0x0000, 0x0000, 0x0000, 0x0000, 0x0000, 0x0000, 0x0000, 0x0000, 0x0000, 0x0000,
    0x0000, 0x0000, 0x0000, 0x0000, 0x0000, 0x0000, 0x0000, 0x0000, 0x0000, 0x0000, 0x0000, 0x0000, 0x0000, 0x0000, 0x0000, 0x0000,
    0x0000, 0x0000, 0x0000, 0x0000, 0x0000, 0x0000, 0x0000, 0x0000, 0x0000, 0x0000, 0x0000, 0x0000, 0x0000, 0x0000, 0x0000, 0x0000,
    0x0000, 0x0000, 0x0000, 0x0000, 0x0000, 0x0000, 0x0000, 0x0000, 0x0000, 0x0000, 0x0000, 0x0000, 0x0000, 0x0000, 0x0000, 0x0000,
    0x0000, 0x0000, 0x0000, 0x0000, 0x0000, 0x0000, 0x0000, 0x0000, 0x0000, 0x0000, 0x0000, 0x0000, 0x0000, 0x0000, 0x0000, 0x0000,
    0x0000, 0x0000, 0x0000, 0x0000, 0x0000, 0x0000, 0x0000, 0x0000, 0x0000, 0x0000, 0x0000, 0x0000, 0x0000, 0x0000, 0x0000, 0x0000,
    0x0000, 0x0000, 0x0000, 0x0000, 0x0000, 0x0000, 0x0000, 0x0000, 0x0000, 0x0000, 0x0000, 0x0000, 0x0000, 0x0000, 0x0000, 0x0000,
    0x0000, 0x0000, 0x0000, 0x0000, 0x0000, 0x0000, 0x0000, 0x0000, 0x0000, 0x0000, 0x0000, 0x0000, 0x0000, 0x0000, 0x0000, 0x0000,
    0x0000, 0x0000, 0x0000, 0x0000, 0x0000, 0x0000, 0x0000, 0x0000, 0x0000, 0x0000, 0x0000, 0x0000, 0x0000, 0x0000, 0x0000, 0x0000,
    0x0000, 0x0000, 0x0000, 0x0000, 0x0000, 0x0000, 0x0000, 0x0000, 0x0000, 0x0000, 0x0000, 0x0000, 0x0000, 0x0000, 0x0000, 0x0000,
    0x0000, 0x0000, 0x0000, 0x0000, 0x0000, 0x0000, 0x0000, 0x0000, 0x0000, 0x0000, 0x0000, 0x0000, 0x0000, 0x0000, 0x0000, 0x0000,
    0x0000, 0x0000, 0x0000, 0x0000, 0x0000, 0x0000, 0x0000, 0x0000, 0x0000, 0x0000, 0x0000, 0x0000, 0x0000, 0x0000, 0x0000, 0x0000,
    0x0000, 0x0000, 0x0000, 0x0000, 0x0000, 0x0000, 0x0000, 0x0000, 0x0000, 0x0000, 0x0000, 0x0000, 0x0000, 0x0000, 0x0000, 0x0000,
    0x0000, 0x0000, 0x0000, 0x0000, 0x0000, 0x0000, 0x0000, 0x0000, 0x0000, 0x0000, 0x0000, 0x0000, 0x0000, 0x0000, 0x0000, 0x0000,
    0x0000, 0x0000, 0x0000, 0x0000, 0x0000, 0x0000, 0x0000, 0x0000, 0x0000, 0x0000, 0x0000, 0x0000, 0x0000, 0x0000, 0x0000, 0x0000,
    0x0000, 0x0000, 0x0000, 0x0000, 0x0000, 0x0000, 0x0000, 0x0000, 0x0000, 0x0000, 0x0000, 0x0000, 0x0000, 0x0000, 0x0000, 0x0000,
    0x0000, 0x0000, 0x0000, 0x0000, 0x0000, 0x0000, 0x0000, 0x0000, 0x0000, 0x0000, 0x0000, 0x0000, 0x0000, 0x0000, 0x0000, 0x0000,
    0x0000, 0x0000, 0x0000, 0x0000, 0x0000, 0x0000, 0x0000, 0x0000, 0x0000, 0x0000, 0x0000, 0x0000, 0x0000, 0x0000, 0x0000, 0x0000,
    0x0000, 0x0000, 0x0000, 0x0000, 0x0000, 0x0000, 0x0000, 0x0000, 0x0000, 0x0000, 0x0000, 0x0000, 0x0000, 0x0000, 0x0000, 0x0000,
    0x0000, 0x0000, 0x0000, 0x0000, 0x0000, 0x0000, 0x0000, 0x0000, 0x0000, 0x0000, 0x0000, 0x0000, 0x0000, 0x0000, 0x0000, 0x0000,
    0x0000, 0x0000, 0x0000, 0x0000, 0x0000, 0x0000, 0x0000, 0x0000, 0x0000, 0x0000, 0x0000, 0x0000, 0x0000, 0x0000, 0x0000, 0x0000,
    0x0000, 0x0000, 0x0000, 0x0000, 0x0000, 0x0000, 0x0000, 0x0000, 0x0000, 0x0000, 0x0000, 0x0000, 0x0000, 0x0000, 0x0000, 0x0000,
    0x0000, 0x0000, 0x0000, 0x0000, 0x0000, 0x0000, 0x0000, 0x0000, 0x0000, 0x0000, 0x0000, 0x0000, 0x0000, 0x0000, 0x0000, 0x0000,
    0x0000, 0x0000, 0x0000, 0x0000, 0x0000, 0x0000, 0x0000, 0x0000, 0x0000, 0x0000, 0x0000, 0x0000, 0x0000, 0x0000, 0x0000, 0x0000,
    0x0000, 0x0000, 0x0000, 0x0000, 0x0000, 0x0000, 0x0000, 0x0000, 0x0000, 0x0000, 0x0000, 0x0000, 0x0000, 0x0000, 0x0000, 0x0000,
    0x0000, 0x0000, 0x0000, 0x0000, 0x0000, 0x0000, 0x0000, 0x0000, 0x0000, 0x0000, 0x0000, 0x0000, 0x0000, 0x0000, 0x0000, 0x0000,
    0x0000, 0x0000, 0x0000, 0x0000, 0x0000, 0x0000, 0x0000, 0x0000, 0x0000, 0x0000, 0x0000, 0x0000, 0x0000, 0x0000, 0x0000, 0x0000,
    0x0000, 0x0000, 0x0000, 0x0000, 0x0000, 0x0000, 0x0000, 0x0000, 0x0000, 0x0000, 0x0000, 0x0000, 0x0000, 0x0000, 0x0000, 0x0000,
    0x0000, 0x0000, 0x0000, 0x0000, 0x0000, 0x0000, 0x0000, 0x0000, 0x0000, 0x0000, 0x0000, 0x0000, 0x0000, 0x0000, 0x0000, 0x0000,
    0x0000, 0x0000, 0x0000, 0x0000, 0x0000, 0x0000, 0x0000, 0x0000, 0x0000, 0x0000, 0x0000, 0x0000, 0x0000, 0x0000, 0x0000, 0x0000,
    0x0000, 0x0000, 0x0000, 0x0000, 0x0000, 0x0000, 0x0000, 0x0000, 0x0000, 0x0000, 0x0000, 0x0000, 0x0000, 0x0000, 0x0000, 0x0000,
    0x0000, 0x0000, 0x0000, 0x0000, 0x0000, 0x0000, 0x0000, 0x0000, 0x0000, 0x0000, 0x0000, 0x0000, 0x0000, 0x0000, 0x0000, 0x0000,
    0x0000, 0x0000, 0x0000, 0x0000, 0x0000, 0x0000, 0x0000, 0x0000, 0x0000, 0x0000, 0x0000, 0x0000, 0x0000, 0x0000, 0x0000, 0x0000,
    0x0000, 0x0000, 0x0000, 0x0000, 0x0000, 0x0000, 0x0000, 0x0000, 0x0000, 0x0000, 0x0000, 0x0000, 0x0000, 0x0000, 0x0000, 0x0000,
    0x0000, 0x0000, 0x0000, 0x0000, 0x0000, 0x0000, 0x0000, 0x0000, 0x0000, 0x0000, 0x0000, 0x0000, 0x0000, 0x0000, 0x0000, 0x0000,
    0x0000, 0x0000, 0x0000, 0x0000, 0x0000, 0x0000, 0x0000, 0x0000, 0x0000, 0x0000, 0x0000, 0x0000, 0x0000, 0x0000, 0x0000, 0x0000,
    0x0000, 0x0000, 0x0000, 0x0000, 0x0000, 0x0000, 0x0000, 0x0000, 0x0000, 0x0000, 0x0000, 0x0000, 0x0000, 0x0000, 0x0000, 0x0000,
    0x0000, 0x0000, 0x0000, 0x0000, 0x0000, 0x0000, 0x0000, 0x0000, 0x0000, 0x0000, 0x0000, 0x0000, 0x0000, 0x0000, 0x0000, 0x0000,
    0x0000, 0x0000, 0x0000, 0x0000, 0x0000, 0x0000, 0x0000, 0x0000, 0x0000, 0x0000, 0x0000, 0x0000, 0x0000, 0x0000, 0x0000, 0x0000,
    0x0000, 0x0000, 0x0000, 0x0000, 0x0000, 0x0000, 0x0000, 0x0000, 0x0000, 0x0000, 0x0000, 0x0000, 0x0000, 0x0000, 0x0000, 0x0000,
    0x0000, 0x0000, 0x0000, 0x0000, 0x0000, 0x0000, 0x0000, 0x0000, 0x0000, 0x0000, 0x0000, 0x0000, 0x0000, 0x0000, 0x0000, 0x0000,
    0x0000, 0x0000, 0x0000, 0x0000, 0x0000, 0x0000, 0x0000, 0x0000, 0x0000, 0x0000, 0x0000, 0x0000, 0x0000, 0x0000, 0x0000, 0x0000,
    0x0000, 0x0000, 0x0000, 0x0000, 0x0000, 0x0000, 0x0000, 0x0000, 0x0000, 0x0000, 0x0000, 0x0000, 0x0000, 0x0000, 0x0000, 0x0000,
    0x0000, 0x0000, 0x0000, 0x0000, 0x0000, 0x0000, 0x0000, 0x0000, 0x0000, 0x0000, 0x0000, 0x0000, 0x0000, 0x0000, 0x0000, 0x0000,
    0x0000, 0x0000, 0x0000, 0x0000, 0x0000, 0x0000, 0x0000, 0x0000, 0x0000, 0x0000, 0x0000, 0x0000, 0x0000, 0x0000, 0x0000, 0x0000,
    0x0000, 0x0000, 0x0000, 0x0000, 0x0000, 0x0000, 0x0000, 0x0000, 0x0000, 0x0000, 0x0000, 0x0000, 0x0000, 0x0000, 0x0000, 0x0000,
    0x0000, 0x0000, 0x0000, 0x0000, 0x0000, 0x0000, 0x0000, 0x0000, 0x0000, 0x0000, 0x0000, 0x0000, 0x0000, 0x0000, 0x0000, 0x0000,
    0x0000, 0x0000, 0x0000, 0x0000, 0x0000, 0x0000, 0x0000, 0x0000, 0x0000, 0x0000, 0x0000, 0x0000, 0x0000, 0x0000, 0x0000, 0x0000,
    0x0000, 0x0000, 0x0000, 0x0000, 0x0000, 0x0000, 0x0000, 0x0000, 0x0000, 0x0000, 0x0000, 0x0000, 0x0000, 0x0000, 0x0000, 0x0000,
    0x0000, 0x0000, 0x0000, 0x0000, 0x0000, 0x0000, 0x0000, 0x0000, 0x0000, 0x0000, 0x0000, 0x0000, 0x0000, 0x0000, 0x0000, 0x0000,
    0x0000, 0x0000, 0x0000, 0x0000, 0x0000, 0x0000, 0x0000, 0x0000, 0x0000, 0x0000, 0x0000, 0x0000, 0x0000, 0x0000, 0x0000, 0x0000,
    0x0000, 0x0000, 0x0000, 0x0000, 0x0000, 0x0000, 0x0000, 0x0000, 0x0000, 0x0000, 0x0000, 0x0000, 0x0000, 0x0000, 0x0000, 0x0000,
    0x0000, 0x0000, 0x0000, 0x0000, 0x0000, 0x0000, 0x0000, 0x0000, 0x0000, 0x0000, 0x0000, 0x0000, 0x0000, 0x0000, 0x0000, 0x0000,
    0x0000, 0x0000, 0x0000, 0x0000, 0x0000, 0x0000, 0x0000, 0x0000, 0x0000, 0x0000, 0x0000, 0x0000, 0x0000, 0x0000, 0x0000, 0x0000,
    0x0000, 0x0000, 0x0000, 0x0000, 0x0000, 0x0000, 0x0000, 0x0000, 0x0000, 0x0000, 0x0000, 0x0000, 0x0000, 0x0000, 0x0000, 0x0000,
    0x0000, 0x0000, 0x0000, 0x0000, 0x0000, 0x0000, 0x0000, 0x0000, 0x0000, 0x0000, 0x0000, 0x0000, 0x0000, 0x0000, 0x0000, 0x0000,
    0x0000, 0x0000, 0x0000, 0x0000, 0x0000, 0x0000, 0x0000, 0x0000, 0x0000, 0x0000, 0x0000, 0x0000, 0x0000, 0x0000, 0x0000, 0x0000,
    0x0000, 0x0000, 0x0000, 0x0000, 0x0000, 0x0000, 0x0000, 0x0000, 0x0000, 0x0000, 0x0000, 0x0000, 0x0000, 0x0000, 0x0000, 0x0000,
    0x0000, 0x0000, 0x0000, 0x0000, 0x0000, 0x0000, 0x0000, 0x0000, 0x0000, 0x0000, 0x0000, 0x0000, 0x0000, 0x0000, 0x0000, 0x0000,
    0x0000, 0x0000, 0x0000, 0x0000, 0x0000, 0x0000, 0x0000, 0x0000, 0x0000, 0x0000, 0x0000, 0x0000, 0x0000, 0x0000, 0x0000, 0x0000,
    0x0000, 0x0000, 0x0000, 0x0000, 0x0000, 0x0000, 0x0000, 0x0000, 0x0000, 0x0000, 0x0000, 0x0000, 0x0000, 0x0000, 0x0000, 0x0000,
    0x0000, 0x0000, 0x0000, 0x0000, 0x0000, 0x0000, 0x0000, 0x0000, 0x0000, 0x0000, 0x0000, 0x0000, 0x0000, 0x0000, 0x0000, 0x0000,
    0x0000, 0x0000, 0x0000, 0x0000, 0x0000, 0x0000, 0x0000, 0x0000, 0x0000, 0x0000, 0x0000, 0x0000, 0x0000, 0x0000, 0x0000, 0x0000,
    0x0000, 0x0000, 0x0000, 0x0000, 0x0000, 0x0000, 0x0000, 0x0000, 0x0000, 0x0000, 0x0000, 0x0000, 0x0000, 0x0000, 0x0000, 0x0000,
    0x0000, 0x0000, 0x0000, 0x0000, 0x0000, 0x0000, 0x0000, 0x0000, 0x0000, 0x0000, 0x0000, 0x0000, 0x0000, 0x0000, 0x0000, 0x0000,
    0x0000, 0x0000, 0x0000, 0x0000, 0x0000, 0x0000, 0x0000, 0x0000, 0x0000, 0x0000, 0x0000, 0x0000, 0x0000, 0x0000, 0x0000, 0x0000,
    0x0000, 0x0000, 0x0000, 0x0000, 0x0000, 0x0000, 0x0000, 0x0000, 0x0000, 0x0000, 0x0000, 0x0000, 0x0000, 0x0000, 0x0000, 0x0000,
    0x0000, 0x0000, 0x0000, 0x0000, 0x0000, 0x0000, 0x0000, 0x0000, 0x0000, 0x0000, 0x0000, 0x0000, 0x0000, 0x0000, 0x0000, 0x0000,
    0x0000, 0x0000, 0x0000, 0x0000, 0x0000, 0x0000, 0x0000, 0x0000, 0x0000, 0x0000, 0x0000, 0x0000, 0x0000, 0x0000, 0x0000, 0x0000,
    0x0000, 0x0000, 0x0000, 0x0000, 0x0000, 0x0000, 0x0000, 0x0000, 0x0000, 0x0000, 0x0000, 0x0000, 0x0000, 0x0000, 0x0000, 0x0000,
    0x0000, 0x0000, 0x0000, 0x0000, 0x0000, 0x0000, 0x0000, 0x0000, 0x0000, 0x0000, 0x0000, 0x0000, 0x0000, 0x0000, 0x0000, 0x0000,
    0x0000, 0x0000, 0x0000, 0x0000, 0x0000, 0x0000, 0x0000, 0x0000, 0x0000, 0x0000, 0x0000, 0x0000, 0x0000, 0x0000, 0x0000, 0x0000,
    0x0000, 0x0000, 0x0000, 0x0000, 0x0000, 0x0000, 0x0000, 0x0000, 0x0000, 0x0000, 0x0000, 0x0000, 0x0000, 0x0000, 0x0000, 0x0000,
    0x0000, 0x0000, 0x0000, 0x0000, 0x0000, 0x0000, 0x0000, 0x0000, 0x0000, 0x0000, 0x0000, 0x0000, 0x0000, 0x0000, 0x0000, 0x0000,
    0x0000, 0x0000, 0x0000, 0x0000, 0x0000, 0x0000, 0x0000, 0x0000, 0x0000, 0x0000, 0x0000, 0x0000, 0x0000, 0x0000, 0x0000, 0x0000,
    0x0000, 0x0000, 0x0000, 0x0000, 0x0000, 0x0000, 0x0000, 0x0000, 0x0000, 0x0000, 0x0000, 0x0000, 0x0000, 0x0000, 0x0000, 0x0000,
    0x0000, 0x0000, 0x0000, 0x0000, 0x0000, 0x0000, 0x0000, 0x0000, 0x0000, 0x0000, 0x0000, 0x0000, 0x0000, 0x0000, 0x0000, 0x0000,
    0x0000, 0x0000, 0x0000, 0x0000, 0x0000, 0x0000, 0x0000, 0x0000, 0x0000, 0x0000, 0x0000, 0x0000, 0x0000, 0x0000, 0x0000, 0x0000,
    0x0000, 0x0000, 0x0000, 0x0000, 0x0000, 0x0000, 0x0000, 0x0000, 0x0000, 0x0000, 0x0000, 0x0000, 0x0000, 0x0000, 0x0000, 0x0000,
    0x0000, 0x0000, 0x0000, 0x0000, 0x0000, 0x0000, 0x0000, 0x0000, 0x0000, 0x0000, 0x0000, 0x0000, 0x0000, 0x0000, 0x0000, 0x0000,
    0x0000, 0x0000, 0x0000, 0x0000, 0x0000, 0x0000, 0x0000, 0x0000, 0x0000, 0x0000, 0x0000, 0x0000, 0x0000, 0x0000, 0x0000, 0x0000,
    0x0000, 0x0000, 0x0000, 0x0000, 0x0000, 0x0000, 0x0000, 0x0000, 0x0000, 0x0000, 0x0000, 0x0000, 0x0000, 0x0000, 0x0000, 0x0000,
    0x0000, 0x0000, 0x0000, 0x0000, 0x0000, 0x0000, 0x0000, 0x0000, 0x0000, 0x0000, 0x0000, 0x0000, 0x0000, 0x0000, 0x0000, 0x0000,
    0x0000, 0x0000, 0x0000, 0x0000, 0x0000, 0x0000, 0x0000, 0x0000, 0x0000, 0x0000, 0x0000, 0x0000, 0x0000, 0x0000, 0x0000, 0x0000,
    0x0000, 0x0000, 0x0000, 0x0000, 0x0000, 0x0000, 0x0000, 0x0000, 0x0000, 0x0000, 0x0000, 0x0000, 0x0000, 0x0000, 0x0000, 0x0000,
    0x0000, 0x0000, 0x0000, 0x0000, 0x0000, 0x0000, 0x0000, 0x0000, 0x0000, 0x0000, 0x0000, 0x0000, 0x0000, 0x0000, 0x0000, 0x0000,
    0x0000, 0x0000, 0x0000, 0x0000, 0x0000, 0x0000, 0x0000, 0x0000, 0x0000, 0x0000, 0x0000, 0x0000, 0x0000, 0x0000, 0x0000, 0x0000,
    0x0000, 0x0000, 0x0000, 0x0000, 0x0000, 0x0000, 0x0000, 0x0000, 0x0000, 0x0000, 0x0000, 0x0000, 0x0000, 0x0000, 0x0000, 0x0000,
    0x0000, 0x0000, 0x0000, 0x0000, 0x0000, 0x0000, 0x0000, 0x0000, 0x0000, 0x0000, 0x0000, 0x0000, 0x0000, 0x0000, 0x0000, 0x0000,
    0x0000, 0x0000, 0x0000, 0x0000, 0x0000, 0x0000, 0x0000, 0x0000, 0x0000, 0x0000, 0x0000, 0x0000, 0x0000, 0x0000, 0x0000, 0x0000,
    0x0000, 0x0000, 0x0000, 0x0000, 0x0000, 0x0000, 0x0000, 0x0000, 0x0000, 0x0000, 0x0000, 0x0000, 0x0000, 0x0000, 0x0000, 0x0000,
    0x0000, 0x0000, 0x0000, 0x0000, 0x0000, 0x0000, 0x0000, 0x0000, 0x0000, 0x0000, 0x0000, 0x0000, 0x0000, 0x0000, 0x0000, 0x0000,
    0x0000, 0x0000, 0x0000, 0x0000, 0x0000, 0x0000, 0x0000, 0x0000, 0x0000, 0x0000, 0x0000, 0x0000, 0x0000, 0x0000, 0x0000, 0x0000,
    0x0000, 0x0000, 0x0000, 0x0000, 0x0000, 0x0000, 0x0000, 0x0000, 0x0000, 0x0000, 0x0000, 0x0000, 0x0000, 0x0000, 0x0000, 0x0000,
    0x0000, 0x0000, 0x0000, 0x0000, 0x0000, 0x0000, 0x0000, 0x0000, 0x0000, 0x0000, 0x0000, 0x0000, 0x0000, 0x0000, 0x0000, 0x0000,
    0x0000, 0x0000, 0x0000, 0x0000, 0x0000, 0x0000, 0x0000, 0x0000, 0x0000, 0x0000, 0x0000, 0x0000, 0x0000, 0x0000, 0x0000, 0x0000,
    0x0000, 0x0000, 0x0000, 0x0000, 0x0000, 0x0000, 0x0000, 0x0000, 0x0000, 0x0000, 0x0000, 0x0000, 0x0000, 0x0000, 0x0000, 0x0000,
    0x0000, 0x0000, 0x0000, 0x0000, 0x0000, 0x0000, 0x0000, 0x0000, 0x0000, 0x0000, 0x0000, 0x0000, 0x0000, 0x0000, 0x0000, 0x0000,
    0x0000, 0x0000, 0x0000, 0x0000, 0x0000, 0x0000, 0x0000, 0x0000, 0x0000, 0x0000, 0x0000, 0x0000, 0x0000, 0x0000, 0x0000, 0x0000,
    0x0000, 0x0000, 0x0000, 0x0000, 0x0000, 0x0000, 0x0000, 0x0000, 0x0000, 0x0000, 0x0000, 0x0000, 0x0000, 0x0000, 0x0000, 0x0000,
    0x0000, 0x0000, 0x0000, 0x0000, 0x0000, 0x0000, 0x0000, 0x0000, 0x0000, 0x0000, 0x0000, 0x0000, 0x0000, 0x0000, 0x0000, 0x0000,
    0x0000, 0x0000, 0x0000, 0x0000, 0x0000, 0x0000, 0x0000, 0x0000, 0x0000, 0x0000, 0x0000, 0x0000, 0x0000, 0x0000, 0x0000, 0x0000,
    0x0000, 0x0000, 0x0000, 0x0000, 0x0000, 0x0000, 0x0000, 0x0000, 0x0000, 0x0000, 0x0000, 0x0000, 0x0000, 0x0000, 0x0000, 0x0000,
    0x0000, 0x0000, 0x0000, 0x0000, 0x0000, 0x0000, 0x0000, 0x0000, 0x0000, 0x0000, 0x0000, 0x0000, 0x0000, 0x0000, 0x0000, 0x0000,
    0x0000, 0x0000, 0x0000, 0x0000, 0x0000, 0x0000, 0x0000, 0x0000, 0x0000, 0x0000, 0x0000, 0x0000, 0x0000, 0x0000, 0x0000, 0x0000,
    0x0000, 0x0000, 0x0000, 0x0000, 0x0000, 0x0000, 0x0000, 0x0000, 0x0000, 0x0000, 0x0000, 0x0000, 0x0000, 0x0000, 0x0000, 0x0000,
    0x0000, 0x0000, 0x0000, 0x0000, 0x0000, 0x0000, 0x0000, 0x0000, 0x0000, 0x0000, 0x0000, 0x0000, 0x0000, 0x0000, 0x0000, 0x0000,
    0x0000, 0x0000, 0x0000, 0x0000, 0x0000, 0x0000, 0x0000, 0x0000, 0x0000, 0x0000, 0x0000, 0x0000, 0x0000, 0x0000, 0x0000, 0x0000,
    0x0000, 0x0000, 0x0000, 0x0000, 0x0000, 0x0000, 0x0000, 0x0000, 0x0000, 0x0000, 0x0000, 0x0000, 0x0000, 0x0000, 0x0000, 0x0000,
    0x0000, 0x0000, 0x0000, 0x0000, 0x0000, 0x0000, 0x0000, 0x0000, 0x0000, 0x0000, 0x0000, 0x0000, 0x0000, 0x0000, 0x0000, 0x0000,
    0x0000, 0x0000, 0x0000, 0x0000, 0x0000, 0x0000, 0x0000, 0x0000, 0x0000, 0x0000, 0x0000, 0x0000, 0x0000, 0x0000, 0x0000, 0x0000,
    0x0000, 0x0000, 0x0000, 0x0000, 0x0000, 0x0000, 0x0000, 0x0000, 0x0000, 0x0000, 0x0000, 0x0000, 0x0000, 0x0000, 0x0000, 0x0000,
    0x0000, 0x0000, 0x0000, 0x0000, 0x0000, 0x0000, 0x0000, 0x0000, 0x0000, 0x0000, 0x0000, 0x0000, 0x0000, 0x0000, 0x0000, 0x0000,
    0x0000, 0x0000, 0x0000, 0x0000, 0x0000, 0x0000, 0x0000, 0x0000, 0x0000, 0x0000, 0x0000, 0x0000, 0x0000, 0x0000, 0x0000, 0x0000,
    0x0000, 0x0000, 0x0000, 0x0000, 0x0000, 0x0000, 0x0000, 0x0000, 0x0000, 0x0000, 0x0000, 0x0000, 0x0000, 0x0000, 0x0000, 0x0000,
    0x0000, 0x0000, 0x0000, 0x0000, 0x0000, 0x0000, 0x0000, 0x0000, 0x0000, 0x0000, 0x0000, 0x0000, 0x0000, 0x0000, 0x0000, 0x0000,
    0x0000, 0x0000, 0x0000, 0x0000, 0x0000, 0x0000, 0x0000, 0x0000, 0x0000, 0x0000, 0x0000, 0x0000, 0x0000, 0x0000, 0x0000, 0x0000,
    0x0000, 0x0000, 0x0000, 0x0000, 0x0000, 0x0000, 0x0000, 0x0000, 0x0000, 0x0000, 0x0000, 0x0000, 0x0000, 0x0000, 0x0000, 0x0000,
    0x0000, 0x0000, 0x0000, 0x0000, 0x0000, 0x0000, 0x0000, 0x0000, 0x0000, 0x0000, 0x0000, 0x0000, 0x0000, 0x0000, 0x0000, 0x0000,
    0x0000, 0x0000, 0x0000, 0x0000, 0x0000, 0x0000, 0x0000, 0x0000, 0x0000, 0x0000, 0x0000, 0x0000, 0x0000, 0x0000, 0x0000, 0x0000,
    0x0000, 0x0000, 0x0000, 0x0000, 0x0000, 0x0000, 0x0000, 0x0000, 0x0000, 0x0000, 0x0000, 0x0000, 0x0000, 0x0000, 0x0000, 0x0000,
    0x0000, 0x0000, 0x0000, 0x0000, 0x0000, 0x0000, 0x0000, 0x0000, 0x0000, 0x0000, 0x0000, 0x0000, 0x0000, 0x0000, 0x0000, 0x0000,
    0x0000, 0x0000, 0x0000, 0x0000, 0x0000, 0x0000, 0x0000, 0x0000, 0x0000, 0x0000, 0x0000, 0x0000, 0x0000, 0x0000, 0x0000, 0x0000,
    0x0000, 0x0000, 0x0000, 0x0000, 0x0000, 0x0000, 0x0000, 0x0000, 0x0000, 0x0000, 0x0000, 0x0000, 0x0000, 0x0000, 0x0000, 0x0000,
    0x0000, 0x0000, 0x0000, 0x0000, 0x0000, 0x0000, 0x0000, 0x0000, 0x0000, 0x0000, 0x0000, 0x0000, 0x0000, 0x0000, 0x0000, 0x0000,
    0x0000, 0x0000, 0x0000, 0x0000, 0x0000, 0x0000, 0x0000, 0x0000, 0x0000, 0x0000, 0x0000, 0x0000, 0x0000, 0x0000, 0x0000, 0x0000,
    0x0000, 0x0000, 0x0000, 0x0000, 0x0000, 0x0000, 0x0000, 0x0000, 0x0000, 0x0000, 0x0000, 0x0000, 0x0000, 0x0000, 0x0000, 0x0000,
    0x0000, 0x0000, 0x0000, 0x0000, 0x0000, 0x0000, 0x0000, 0x0000, 0x0000, 0x0000, 0x0000, 0x0000, 0x0000, 0x0000, 0x0000, 0x0000,
    0x0000, 0x0000, 0x0000, 0x0000, 0x0000, 0x0000, 0x0000, 0x0000, 0x0000, 0x0000, 0x0000, 0x0000, 0x0000, 0x0000, 0x0000, 0x0000,
    0x0000, 0x0000, 0x0000, 0x0000, 0x0000, 0x0000, 0x0000, 0x0000, 0x0000, 0x0000, 0x0000, 0x0000, 0x0000, 0x0000, 0x0000, 0x0000,
    0x0000, 0x0000, 0x0000, 0x0000, 0x0000, 0x0000, 0x0000, 0x0000, 0x0000, 0x0000, 0x0000, 0x0000, 0x0000, 0x0000, 0x0000, 0x0000,
    0x0000, 0x0000, 0x0000, 0x0000, 0x0000, 0x0000, 0x0000, 0x0000, 0x0000, 0x0000, 0x0000, 0x0000, 0x0000, 0x0000, 0x0000, 0x0000,
    0x0000, 0x0000, 0x0000, 0x0000, 0x0000, 0x0000, 0x0000, 0x0000, 0x0000, 0x0000, 0x0000, 0x0000, 0x0000, 0x0000, 0x0000, 0x0000,
    0x0000, 0x0000, 0x0000, 0x0000, 0x0000, 0x0000, 0x0000, 0x0000, 0x0000, 0x0000, 0x0000, 0x0000, 0x0000, 0x0000, 0x0000, 0x0000,
    0x0000, 0x0000, 0x0000, 0x0000, 0x0000, 0x0000, 0x0000, 0x0000, 0x0000, 0x0000, 0x0000, 0x0000, 0x0000, 0x0000, 0x0000, 0x0000,
    0x0000, 0x0000, 0x0000, 0x0000, 0x0000, 0x0000, 0x0000, 0x0000, 0x0000, 0x0000, 0x0000, 0x0000, 0x0000, 0x0000, 0x0000, 0x0000,
    0x0000, 0x0000, 0x0000, 0x0000, 0x0000, 0x0000, 0x0000, 0x0000, 0x0000, 0x0000, 0x0000, 0x0000, 0x0000, 0x0000, 0x0000, 0x0000,
    0x0000, 0x0000, 0x0000, 0x0000, 0x0000, 0x0000, 0x0000, 0x0000, 0x0000, 0x0000, 0x0000, 0x0000, 0x0000, 0x0000, 0x0000, 0x0000,
    0x0000, 0x0000, 0x0000, 0x0000, 0x0000, 0x0000, 0x0000, 0x0000, 0x0000, 0x0000, 0x0000, 0x0000, 0x0000, 0x0000, 0x0000, 0x0000,
    0x0000, 0x0000, 0x0000, 0x0000, 0x0000, 0x0000, 0x0000, 0x0000, 0x0000, 0x0000, 0x0000, 0x0000, 0x0000, 0x0000, 0x0000, 0x0000,
    0x0000, 0x0000, 0x0000, 0x0000, 0x0000, 0x0000, 0x0000, 0x0000, 0x0000, 0x0000, 0x0000, 0x0000, 0x0000, 0x0000, 0x0000, 0x0000,
    0x0000, 0x0000, 0x0000, 0x0000, 0x0000, 0x0000, 0x0000, 0x0000, 0x0000, 0x0000, 0x0000, 0x0000, 0x0000, 0x0000, 0x0000, 0x0000,
    0x0000, 0x0000, 0x0000, 0x0000, 0x0000, 0x0000, 0x0000, 0x0000, 0x0000, 0x0000, 0x0000, 0x0000, 0x0000, 0x0000, 0x0000, 0x0000,
    0x0000, 0x0000, 0x0000, 0x0000, 0x0000, 0x0000, 0x0000, 0x0000, 0x0000, 0x0000, 0x0000, 0x0000, 0x0000, 0x0000, 0x0000, 0x0000,
    0x0000, 0x0000, 0x0000, 0x0000, 0x0000, 0x0000, 0x0000, 0x0000, 0x0000, 0x0000, 0x0000, 0x0000, 0x0000, 0x0000, 0x0000, 0x0000,
    0x0000, 0x0000, 0x0000, 0x0000, 0x0000, 0x0000, 0x0000, 0x0000, 0x0000, 0x0000, 0x0000, 0x0000, 0x0000, 0x0000, 0x0000, 0x0000,
    0x0000, 0x0000, 0x0000, 0x0000, 0x0000, 0x0000, 0x0000, 0x0000, 0x0000, 0x0000, 0x0000, 0x0000, 0x0000, 0x0000, 0x0000, 0x0000,
    0x0000, 0x0000, 0x0000, 0x0000, 0x0000, 0x0000, 0x0000, 0x0000, 0x0000, 0x0000, 0x0000, 0x0000, 0x0000, 0x0000, 0x0000, 0x0000,
    0x0000, 0x0000, 0x0000, 0x0000, 0x0000, 0x0000, 0x0000, 0x0000, 0x0000, 0x0000, 0x0000, 0x0000, 0x0000, 0x0000, 0x0000, 0x0000,
    0x0000, 0x0000, 0x0000, 0x0000, 0x0000, 0x0000, 0x0000, 0x0000, 0x0000, 0x0000, 0x0000, 0x0000, 0x0000, 0x0000, 0x0000, 0x0000,
    0x0000, 0x0000, 0x0000, 0x0000, 0x0000, 0x0000, 0x0000, 0x0000, 0x0000, 0x0000, 0x0000, 0x0000, 0x0000, 0x0000, 0x0000, 0x0000,
    0x0000, 0x0000, 0x0000, 0x0000, 0x0000, 0x0000, 0x0000, 0x0000, 0x0000, 0x0000, 0x0000, 0x0000, 0x0000, 0x0000, 0x0000, 0x0000,
    0x0000, 0x0000, 0x0000, 0x0000, 0x0000, 0x0000, 0x0000, 0x0000, 0x0000, 0x0000, 0x0000, 0x0000, 0x0000, 0x0000, 0x0000, 0x0000,
    0x0000, 0x0000, 0x0000, 0x0000, 0x0000, 0x0000, 0x0000, 0x0000, 0x0000, 0x0000, 0x0000, 0x0000, 0x0000, 0x0000, 0x0000, 0x0000,
    0x0000, 0x0000, 0x0000, 0x0000, 0x0000, 0x0000, 0x0000, 0x0000, 0x0000, 0x0000, 0x0000, 0x0000, 0x0000, 0x0000, 0x0000, 0x0000,
    0x0000, 0x0000, 0x0000, 0x0000, 0x0000, 0x0000, 0x0000, 0x0000, 0x0000, 0x0000, 0x0000, 0x0000, 0x0000, 0x0000, 0x0000, 0x0000,
    0x0000, 0x0000, 0x0000, 0x0000, 0x0000, 0x0000, 0x0000, 0x0000, 0x0000, 0x0000, 0x0000, 0x0000, 0x0000, 0x0000, 0x0000, 0x0000,
    0x0000, 0x0000, 0x0000, 0x0000, 0x0000, 0x0000, 0x0000, 0x0000, 0x0000, 0x0000, 0x0000, 0x0000, 0x0000, 0x0000, 0x0000, 0x0000,
    0x0000, 0x0000, 0x0000, 0x0000, 0x0000, 0x0000, 0x0000, 0x0000, 0x0000, 0x0000, 0x0000, 0x0000, 0x0000, 0x0000, 0x0000, 0x0000,
    0x0000, 0x0000, 0x0000, 0x0000, 0x0000, 0x0000, 0x0000, 0x0000, 0x0000, 0x0000, 0x0000, 0x0000, 0x0000, 0x0000, 0x0000, 0x0000,
    0x0000, 0x0000, 0x0000, 0x0000, 0x0000, 0x0000, 0x0000, 0x0000, 0x0000, 0x0000, 0x0000, 0x0000, 0x0000, 0x0000, 0x0000, 0x0000,
    0x0000, 0x0000, 0x0000, 0x0000, 0x0000, 0x0000, 0x0000, 0x0000, 0x0000, 0x0000, 0x0000, 0x0000, 0x0000, 0x0000, 0x0000, 0x0000,
    0x0000, 0x0000, 0x0000, 0x0000, 0x0000, 0x0000, 0x0000, 0x0000, 0x0000, 0x0000, 0x0000, 0x0000, 0x0000, 0x0000, 0x0000, 0x0000,
    0x0000, 0x0000, 0x0000, 0x0000, 0x0000, 0x0000, 0x0000, 0x0000, 0x0000, 0x0000, 0x0000, 0x0000, 0x0000, 0x0000, 0x0000, 0x0000,
    0x0000, 0x0000, 0x0000, 0x0000, 0x0000, 0x0000, 0x0000, 0x0000, 0x0000, 0x0000, 0x0000, 0x0000, 0x0000, 0x0000, 0x0000, 0x0000,
    0x0000, 0x0000, 0x0000, 0x0000, 0x0000, 0x0000, 0x0000, 0x0000, 0x0000, 0x0000, 0x0000, 0x0000, 0x0000, 0x0000, 0x0000, 0x0000,
    0x0000, 0x0000, 0x0000, 0x0000, 0x0000, 0x0000, 0x0000, 0x0000, 0x0000, 0x0000, 0x0000, 0x0000, 0x0000, 0x0000, 0x0000, 0x0000,
    0x0000, 0x0000, 0x0000, 0x0000, 0x0000, 0x0000, 0x0000, 0x0000, 0x0000, 0x0000, 0x0000, 0x0000, 0x0000, 0x0000, 0x0000, 0x0000,
    0x0000, 0x0000, 0x0000, 0x0000, 0x0000, 0x0000, 0x0000, 0x0000, 0x0000, 0x0000, 0x0000, 0x0000, 0x0000, 0x0000, 0x0000, 0x0000,
    0x0000, 0x0000, 0x0000, 0x0000, 0x0000, 0x0000, 0x0000, 0x0000, 0x0000, 0x0000, 0x0000, 0x0000, 0x0000, 0x0000, 0x0000, 0x0000,
    0x0000, 0x0000, 0x0000, 0x0000, 0x0000, 0x0000, 0x0000, 0x0000, 0x0000, 0x0000, 0x0000, 0x0000, 0x0000, 0x0000, 0x0000, 0x0000,
    0x0000, 0x0000, 0x0000, 0x0000, 0x0000, 0x0000, 0x0000, 0x0000, 0x0000, 0x0000, 0x0000, 0x0000, 0x0000, 0x0000, 0x0000, 0x0000,
    0x0000, 0x0000, 0x0000, 0x0000, 0x0000, 0x0000, 0x0000, 0x0000, 0x0000, 0x0000, 0x0000, 0x0000, 0x0000, 0x0000, 0x0000, 0x0000,
    0x0000, 0x0000, 0x0000, 0x0000, 0x0000, 0x0000, 0x0000, 0x0000, 0x0000, 0x0000, 0x0000, 0x0000, 0x0000, 0x0000, 0x0000, 0x0000,
    0x0000, 0x0000, 0x0000, 0x0000, 0x0000, 0x0000, 0x0000, 0x0000, 0x0000, 0x0000, 0x0000, 0x0000, 0x0000, 0x0000, 0x0000, 0x0000,
    0x0000, 0x0000, 0x0000, 0x0000, 0x0000, 0x0000, 0x0000, 0x0000, 0x0000, 0x0000, 0x0000, 0x0000, 0x0000, 0x0000, 0x0000, 0x0000,
    0x0000, 0x0000, 0x0000, 0x0000, 0x0000, 0x0000, 0x0000, 0x0000, 0x0000, 0x0000, 0x0000, 0x0000, 0x0000, 0x0000, 0x0000, 0x0000,
    0x0000, 0x0000, 0x0000, 0x0000, 0x0000, 0x0000, 0x0000, 0x0000, 0x0000, 0x0000, 0x0000, 0x0000, 0x0000, 0x0000, 0x0000, 0x0000,
    0x0000, 0x0000, 0x0000, 0x0000, 0x0000, 0x0000, 0x0000, 0x0000, 0x0000, 0x0000, 0x0000, 0x0000, 0x0000, 0x0000, 0x0000, 0x0000,
    0x0000, 0x0000, 0x0000, 0x0000, 0x0000, 0x0000, 0x0000, 0x0000, 0x0000, 0x0000, 0x0000, 0x0000, 0x0000, 0x0000, 0x0000, 0x0000,
    0x0000, 0x0000, 0x0000, 0x0000, 0x0000, 0x0000, 0x0000, 0x0000, 0x0000, 0x0000, 0x0000, 0x0000, 0x0000, 0x0000, 0x0000, 0x0000,
    0x0000, 0x0000, 0x0000, 0x0000, 0x0000, 0x0000, 0x0000, 0x0000, 0x0000, 0x0000, 0x0000, 0x0000, 0x0000, 0x0000, 0x0000, 0x0000,
    0x0000, 0x0000, 0x0000, 0x0000, 0x0000, 0x0000, 0x0000, 0x0000, 0x0000, 0x0000, 0x0000, 0x0000, 0x0000, 0x0000, 0x0000, 0x0000,
    0x0000, 0x0000, 0x0000, 0x0000, 0x0000, 0x0000, 0x0000, 0x0000, 0x0000, 0x0000, 0x0000, 0x0000, 0x0000, 0x0000, 0x0000, 0x0000,
    0x0000, 0x0000, 0x0000, 0x0000, 0x0000, 0x0000, 0x0000, 0x0000, 0x0000, 0x0000, 0x0000, 0x0000, 0x0000, 0x0000, 0x0000, 0x0000,
    0x0000, 0x0000, 0x0000, 0x0000, 0x0000, 0x0000, 0x0000, 0x0000, 0x0000, 0x0000, 0x0000, 0x0000, 0x0000, 0x0000, 0x0000, 0x0000,
    0x0000, 0x0000, 0x0000, 0x0000, 0x0000, 0x0000, 0x0000, 0x0000, 0x0000, 0x0000, 0x0000, 0x0000, 0x0000, 0x0000, 0x0000, 0x0000,
    0x0000, 0x0000, 0x0000, 0x0000, 0x0000, 0x0000, 0x0000, 0x0000, 0x0000, 0x0000, 0x0000, 0x0000, 0x0000, 0x0000, 0x0000, 0x0000,
    0x0000, 0x0000, 0x0000, 0x0000, 0x0000, 0x0000, 0x0000, 0x0000, 0x0000, 0x0000, 0x0000, 0x0000, 0x0000, 0x0000, 0x0000, 0x0000,
    0x0000, 0x0000, 0x0000, 0x0000, 0x0000, 0x0000, 0x0000, 0x0000, 0x0000, 0x0000, 0x0000, 0x0000, 0x0000, 0x0000, 0x0000, 0x0000,
    0x0000, 0x0000, 0x0000, 0x0000, 0x0000, 0x0000, 0x0000, 0x0000, 0x0000, 0x0000, 0x0000, 0x0000, 0x0000, 0x0000, 0x0000, 0x0000,
    0x0000, 0x0000, 0x0000, 0x0000, 0x0000, 0x0000, 0x0000, 0x0000, 0x0000, 0x0000, 0x0000, 0x0000, 0x0000, 0x0000, 0x0000, 0x0000,
    0x0000, 0x0000, 0x0000, 0x0000, 0x0000, 0x0000, 0x0000, 0x0000, 0x0000, 0x0000, 0x0000, 0x0000, 0x0000, 0x0000, 0x0000, 0x0000,
    0x0000, 0x0000, 0x0000, 0x0000, 0x0000, 0x0000, 0x0000, 0x0000, 0x0000, 0x0000, 0x0000, 0x0000, 0x0000, 0x0000, 0x0000, 0x0000,
    0x0000, 0x0000, 0x0000, 0x0000, 0x0000, 0x0000, 0x0000, 0x0000, 0x0000, 0x0000, 0x0000, 0x0000, 0x0000, 0x0000, 0x0000, 0x0000,
    0x0000, 0x0000, 0x0000, 0x0000, 0x0000, 0x0000, 0x0000, 0x0000, 0x0000, 0x0000, 0x0000, 0x0000, 0x0000, 0x0000, 0x0000, 0x0000,
    0x0000, 0x0000, 0x0000, 0x0000, 0x0000, 0x0000, 0x0000, 0x0000, 0x0000, 0x0000, 0x0000, 0x0000, 0x0000, 0x0000, 0x0000, 0x0000,
    0x0000, 0x0000, 0x0000, 0x0000, 0x0000, 0x0000, 0x0000, 0x0000, 0x0000, 0x0000, 0x0000, 0x0000, 0x0000, 0x0000, 0x0000, 0x0000,
    0x0000, 0x0000, 0x0000, 0x0000, 0x0000, 0x0000, 0x0000, 0x0000, 0x0000, 0x0000, 0x0000, 0x0000, 0x0000, 0x0000, 0x0000, 0x0000,
    0x0000, 0x0000, 0x0000, 0x0000, 0x0000, 0x0000, 0x0000, 0x0000, 0x0000, 0x0000, 0x0000, 0x0000, 0x0000, 0x0000, 0x0000, 0x0000,
    0x0000, 0x0000, 0x0000, 0x0000, 0x0000, 0x0000, 0x0000, 0x0000, 0x0000, 0x0000, 0x0000, 0x0000, 0x0000, 0x0000, 0x0000, 0x0000,
    0x0000, 0x0000, 0x0000, 0x0000, 0x0000, 0x0000, 0x0000, 0x0000, 0x0000, 0x0000, 0x0000, 0x0000, 0x0000, 0x0000, 0x0000, 0x0000,
    0x0000, 0x0000, 0x0000, 0x0000, 0x0000, 0x0000, 0x0000, 0x0000, 0x0000, 0x0000, 0x0000, 0x0000, 0x0000, 0x0000, 0x0000, 0x0000,
    0x0000, 0x0000, 0x0000, 0x0000, 0x0000, 0x0000, 0x0000, 0x0000, 0x0000, 0x0000, 0x0000, 0x0000, 0x0000, 0x0000, 0x0000, 0x0000,
    0x0000, 0x0000, 0x0000, 0x0000, 0x0000, 0x0000, 0x0000, 0x0000, 0x0000, 0x0000, 0x0000, 0x0000, 0x0000, 0x0000, 0x0000, 0x0000,
    0x0000, 0x0000, 0x0000, 0x0000, 0x0000, 0x0000, 0x0000, 0x0000, 0x0000, 0x0000, 0x0000, 0x0000, 0x0000, 0x0000, 0x0000, 0x0000,
    0x0000, 0x0000, 0x0000, 0x0000, 0x0000, 0x0000, 0x0000, 0x0000, 0x0000, 0x0000, 0x0000, 0x0000, 0x0000, 0x0000, 0x0000, 0x0000,
    0x0000, 0x0000, 0x0000, 0x0000, 0x0000, 0x0000, 0x0000, 0x0000, 0x0000, 0x0000, 0x0000, 0x0000, 0x0000, 0x0000, 0x0000, 0x0000,
    0x0000, 0x0000, 0x0000, 0x0000, 0x0000, 0x0000, 0x0000, 0x0000, 0x0000, 0x0000, 0x0000, 0x0000, 0x0000, 0x0000, 0x0000, 0x0000,
    0x0000, 0x0000, 0x0000, 0x0000, 0x0000, 0x0000, 0x0000, 0x0000, 0x0000, 0x0000, 0x0000, 0x0000, 0x0000, 0x0000, 0x0000, 0x0000,
    0x0000, 0x0000, 0x0000, 0x0000, 0x0000, 0x0000, 0x0000, 0x0000, 0x0000, 0x0000, 0x0000, 0x0000, 0x0000, 0x0000, 0x0000, 0x0000,
    0x0000, 0x0000, 0x0000, 0x0000, 0x0000, 0x0000, 0x0000, 0x0000, 0x0000, 0x0000, 0x0000, 0x0000, 0x0000, 0x0000, 0x0000, 0x0000,
    0x0000, 0x0000, 0x0000, 0x0000, 0x0000, 0x0000, 0x0000, 0x0000, 0x0000, 0x0000, 0x0000, 0x0000, 0x0000, 0x0000, 0x0000, 0x0000,
    0x0000, 0x0000, 0x0000, 0x0000, 0x0000, 0x0000, 0x0000, 0x0000, 0x0000, 0x0000, 0x0000, 0x0000, 0x0000, 0x0000, 0x0000, 0x0000,
    0x0000, 0x0000, 0x0000, 0x0000, 0x0000, 0x0000, 0x0000, 0x0000, 0x0000, 0x0000, 0x0000, 0x0000, 0x0000, 0x0000, 0x0000, 0x0000,
    0x0000, 0x0000, 0x0000, 0x0000, 0x0000, 0x0000, 0x0000, 0x0000, 0x0000, 0x0000, 0x0000, 0x0000, 0x0000, 0x0000, 0x0000, 0x0000,
    0x0000, 0x0000, 0x0000, 0x0000, 0x0000, 0x0000, 0x0000, 0x0000, 0x0000, 0x0000, 0x0000, 0x0000, 0x0000, 0x0000, 0x0000, 0x0000,
    0x0000, 0x0000, 0x0000, 0x0000, 0x0000, 0x0000, 0x0000, 0x0000, 0x0000, 0x0000, 0x0000, 0x0000, 0x0000, 0x0000, 0x0000, 0x0000,
    0x0000, 0x0000, 0x0000, 0x0000, 0x0000, 0x0000, 0x0000, 0x0000, 0x0000, 0x0000, 0x0000, 0x0000, 0x0000, 0x0000, 0x0000, 0x0000,
    0x0000, 0x0000, 0x0000, 0x0000, 0x0000, 0x0000, 0x0000, 0x0000, 0x0000, 0x0000, 0x0000, 0x0000, 0x0000, 0x0000, 0x0000, 0x0000,
    0x0000, 0x0000, 0x0000, 0x0000, 0x0000, 0x0000, 0x0000, 0x0000, 0x0000, 0x0000, 0x0000, 0x0000, 0x0000, 0x0000, 0x0000, 0x0000,
    0x0000, 0x0000, 0x0000, 0x0000, 0x0000, 0x0000, 0x0000, 0x0000, 0x0000, 0x0000, 0x0000, 0x0000, 0x0000, 0x0000, 0x0000, 0x0000,
    0x0000, 0x0000, 0x0000, 0x0000, 0x0000, 0x0000, 0x0000, 0x0000, 0x0000, 0x0000, 0x0000, 0x0000, 0x0000, 0x0000, 0x0000, 0x0000,
    0x0000, 0x0000, 0x0000, 0x0000, 0x0000, 0x0000, 0x0000, 0x0000, 0x0000, 0x0000, 0x0000, 0x0000, 0x0000, 0x0000, 0x0000, 0x0000,
    0x0000, 0x0000, 0x0000, 0x0000, 0x0000, 0x0000, 0x0000, 0x0000, 0x0000, 0x0000, 0x0000, 0x0000, 0x0000, 0x0000, 0x0000, 0x0000,
    0x0000, 0x0000, 0x0000, 0x0000, 0x0000, 0x0000, 0x0000, 0x0000, 0x0000, 0x0000, 0x0000, 0x0000, 0x0000, 0x0000, 0x0000, 0x0000,
    0x0000, 0x0000, 0x0000, 0x0000, 0x0000, 0x0000, 0x0000, 0x0000, 0x0000, 0x0000, 0x0000, 0x0000, 0x0000, 0x0000, 0x0000, 0x0000,
    0x0000, 0x0000, 0x0000, 0x0000, 0x0000, 0x0000, 0x0000, 0x0000, 0x0000, 0x0000, 0x0000, 0x0000, 0x0000, 0x0000, 0x0000, 0x0000,
    0x0000, 0x0000, 0x0000, 0x0000, 0x0000, 0x0000, 0x0000, 0x0000, 0x0000, 0x0000, 0x0000, 0x0000, 0x0000, 0x0000, 0x0000, 0x0000,
    0x0000, 0x0000, 0x0000, 0x0000, 0x0000, 0x0000, 0x0000, 0x0000, 0x0000, 0x0000, 0x0000, 0x0000, 0x0000, 0x0000, 0x0000, 0x0000,
    0x0000, 0x0000, 0x0000, 0x0000, 0x0000, 0x0000, 0x0000, 0x0000, 0x0000, 0x0000, 0x0000, 0x0000, 0x0000, 0x0000, 0x0000, 0x0000,
    0x0000, 0x0000, 0x0000, 0x0000, 0x0000, 0x0000, 0x0000, 0x0000, 0x0000, 0x0000, 0x0000, 0x0000, 0x0000, 0x0000, 0x0000, 0x0000,
    0x0000, 0x0000, 0x0000, 0x0000, 0x0000, 0x0000, 0x0000, 0x0000, 0x0000, 0x0000, 0x0000, 0x0000, 0x0000, 0x0000, 0x0000, 0x0000,
    0x0000, 0x0000, 0x0000, 0x0000, 0x0000, 0x0000, 0x0000, 0x0000, 0x0000, 0x0000, 0x0000, 0x0000, 0x0000, 0x0000, 0x0000, 0x0000,
    0x0000, 0x0000, 0x0000, 0x0000, 0x0000, 0x0000, 0x0000, 0x0000, 0x0000, 0x0000, 0x0000, 0x0000, 0x0000, 0x0000, 0x0000, 0x0000,
    0x0000, 0x0000, 0x0000, 0x0000, 0x0000, 0x0000, 0x0000, 0x0000, 0x0000, 0x0000, 0x0000, 0x0000, 0x0000, 0x0000, 0x0000, 0x0000,
    0x0000, 0x0000, 0x0000, 0x0000, 0x0000, 0x0000, 0x0000, 0x0000, 0x0000, 0x0000, 0x0000, 0x0000, 0x0000, 0x0000, 0x0000, 0x0000,
    0x0000, 0x0000, 0x0000, 0x0000, 0x0000, 0x0000, 0x0000, 0x0000, 0x0000, 0x0000, 0x0000, 0x0000, 0x0000, 0x0000, 0x0000, 0x0000,
    0x0000, 0x0000, 0x0000, 0x0000, 0x0000, 0x0000, 0x0000, 0x0000, 0x0000, 0x0000, 0x0000, 0x0000, 0x0000, 0x0000, 0x0000, 0x0000,
    0x0000, 0x0000, 0x0000, 0x0000, 0x0000, 0x0000, 0x0000, 0x0000, 0x0000, 0x0000, 0x0000, 0x0000, 0x0000, 0x0000, 0x0000, 0x0000,
    0x0000, 0x0000, 0x0000, 0x0000, 0x0000, 0x0000, 0x0000, 0x0000, 0x0000, 0x0000, 0x0000, 0x0000, 0x0000, 0x0000, 0x0000, 0x0000,
    0x0000, 0x0000, 0x0000, 0x0000, 0x0000, 0x0000, 0x0000, 0x0000, 0x0000, 0x0000, 0x0000, 0x0000, 0x0000, 0x0000, 0x0000, 0x0000,
    0x0000, 0x0000, 0x0000, 0x0000, 0x0000, 0x0000, 0x0000, 0x0000, 0x0000, 0x0000, 0x0000, 0x0000, 0x0000, 0x0000, 0x0000, 0x0000,
    0x0000, 0x0000, 0x0000, 0x0000, 0x0000, 0x0000, 0x0000, 0x0000, 0x0000, 0x0000, 0x0000, 0x0000, 0x0000, 0x0000, 0x0000, 0x0000,
    0x0000, 0x0000, 0x0000, 0x0000, 0x0000, 0x0000, 0x0000, 0x0000, 0x0000, 0x0000, 0x0000, 0x0000, 0x0000, 0x0000, 0x0000, 0x0000,
    0x0000, 0x0000, 0x0000, 0x0000, 0x0000, 0x0000, 0x0000, 0x0000, 0x0000, 0x0000, 0x0000, 0x0000, 0x0000, 0x0000, 0x0000, 0x0000,
    0x0000, 0x0000, 0x0000, 0x0000, 0x0000, 0x0000, 0x0000, 0x0000, 0x0000, 0x0000, 0x0000, 0x0000, 0x0000, 0x0000, 0x0000, 0x0000,
    0x0000, 0x0000, 0x0000, 0x0000, 0x0000, 0x0000, 0x0000, 0x0000, 0x0000, 0x0000, 0x0000, 0x0000, 0x0000, 0x0000, 0x0000, 0x0000,
    0x0000, 0x0000, 0x0000, 0x0000, 0x0000, 0x0000, 0x0000, 0x0000, 0x0000, 0x0000, 0x0000, 0x0000, 0x0000, 0x0000, 0x0000, 0x0000,
    0x0000, 0x0000, 0x0000, 0x0000, 0x0000, 0x0000, 0x0000, 0x0000, 0x0000, 0x0000, 0x0000, 0x0000, 0x0000, 0x0000, 0x0000, 0x0000,
    0x0000, 0x0000, 0x0000, 0x0000, 0x0000, 0x0000, 0x0000, 0x0000, 0x0000, 0x0000, 0x0000, 0x0000, 0x0000, 0x0000, 0x0000, 0x0000,
    0x0000, 0x0000, 0x0000, 0x0000, 0x0000, 0x0000, 0x0000, 0x0000, 0x0000, 0x0000, 0x0000, 0x0000, 0x0000, 0x0000, 0x0000, 0x0000,
    0x0000, 0x0000, 0x0000, 0x0000, 0x0000, 0x0000, 0x0000, 0x0000, 0x0000, 0x0000, 0x0000, 0x0000, 0x0000, 0x0000, 0x0000, 0x0000,
    0x0000, 0x0000, 0x0000, 0x0000, 0x0000, 0x0000, 0x0000, 0x0000, 0x0000, 0x0000, 0x0000, 0x0000, 0x0000, 0x0000, 0x0000, 0x0000,
    0x0000, 0x0000, 0x0000, 0x0000, 0x0000, 0x0000, 0x0000, 0x0000, 0x0000, 0x0000, 0x0000, 0x0000, 0x0000, 0x0000, 0x0000, 0x0000,
    0x0000, 0x0000, 0x0000, 0x0000, 0x0000, 0x0000, 0x0000, 0x0000, 0x0000, 0x0000, 0x0000, 0x0000, 0x0000, 0x0000, 0x0000, 0x0000,
    0x0000, 0x0000, 0x0000, 0x0000, 0x0000, 0x0000, 0x0000, 0x0000, 0x0000, 0x0000, 0x0000, 0x0000, 0x0000, 0x0000, 0x0000, 0x0000,
    0x0000, 0x0000, 0x0000, 0x0000, 0x0000, 0x0000, 0x0000, 0x0000, 0x0000, 0x0000, 0x0000, 0x0000, 0x0000, 0x0000, 0x0000, 0x0000,
    0x0000, 0x0000, 0x0000, 0x0000, 0x0000, 0x0000, 0x0000, 0x0000, 0x0000, 0x0000, 0x0000, 0x0000, 0x0000, 0x0000, 0x0000, 0x0000,
    0x0000, 0x0000, 0x0000, 0x0000, 0x0000, 0x0000, 0x0000, 0x0000, 0x0000, 0x0000, 0x0000, 0x0000, 0x0000, 0x0000, 0x0000, 0x0000,
    0x0000, 0x0000, 0x0000, 0x0000, 0x0000, 0x0000, 0x0000, 0x0000, 0x0000, 0x0000, 0x0000, 0x0000, 0x0000, 0x0000, 0x0000, 0x0000,
    0x0000, 0x0000, 0x0000, 0x0000, 0x0000, 0x0000, 0x0000, 0x0000, 0x0000, 0x0000, 0x0000, 0x0000, 0x0000, 0x0000, 0x0000, 0x0000,
    0x0000, 0x0000, 0x0000, 0x0000, 0x0000, 0x0000, 0x0000, 0x0000, 0x0000, 0x0000, 0x0000, 0x0000, 0x0000, 0x0000, 0x0000, 0x0000,
    0x0000, 0x0000, 0x0000, 0x0000, 0x0000, 0x0000, 0x0000, 0x0000, 0x0000, 0x0000, 0x0000, 0x0000, 0x0000, 0x0000, 0x0000, 0x0000,
    0x0000, 0x0000, 0x0000, 0x0000, 0x0000, 0x0000, 0x0000, 0x0000, 0x0000, 0x0000, 0x0000, 0x0000, 0x0000, 0x0000, 0x0000, 0x0000,
    0x0000, 0x0000, 0x0000, 0x0000, 0x0000, 0x0000, 0x0000, 0x0000, 0x0000, 0x0000, 0x0000, 0x0000, 0x0000, 0x0000, 0x0000, 0x0000,
    0x0000, 0x0000, 0x0000, 0x0000, 0x0000, 0x0000, 0x0000, 0x0000, 0x0000, 0x0000, 0x0000, 0x0000, 0x0000, 0x0000, 0x0000, 0x0000,
    0x0000, 0x0000, 0x0000, 0x0000, 0x0000, 0x0000, 0x0000, 0x0000, 0x0000, 0x0000, 0x0000, 0x0000, 0x0000, 0x0000, 0x0000, 0x0000,
    0x0000, 0x0000, 0x0000, 0x0000, 0x0000, 0x0000, 0x0000, 0x0000, 0x0000, 0x0000, 0x0000, 0x0000, 0x0000, 0x0000, 0x0000, 0x0000,
    0x0000, 0x0000, 0x0000, 0x0000, 0x0000, 0x0000, 0x0000, 0x0000, 0x0000, 0x0000, 0x0000, 0x0000, 0x0000, 0x0000, 0x0000, 0x0000,
    0x0000, 0x0000, 0x0000, 0x0000, 0x0000, 0x0000, 0x0000, 0x0000, 0x0000, 0x0000, 0x0000, 0x0000, 0x0000, 0x0000, 0x0000, 0x0000,
    0x0000, 0x0000, 0x0000, 0x0000, 0x0000, 0x0000, 0x0000, 0x0000, 0x0000, 0x0000, 0x0000, 0x0000, 0x0000, 0x0000, 0x0000, 0x0000,
    0x0000, 0x0000, 0x0000, 0x0000, 0x0000, 0x0000, 0x0000, 0x0000, 0x0000, 0x0000, 0x0000, 0x0000, 0x0000, 0x0000, 0x0000, 0x0000,
    0x0000, 0x0000, 0x0000, 0x0000, 0x0000, 0x0000, 0x0000, 0x0000, 0x0000, 0x0000, 0x0000, 0x0000, 0x0000, 0x0000, 0x0000, 0x0000,
    0x0000, 0x0000, 0x0000, 0x0000, 0x0000, 0x0000, 0x0000, 0x0000, 0x0000, 0x0000, 0x0000, 0x0000, 0x0000, 0x0000, 0x0000, 0x0000,
    0x0000, 0x0000, 0x0000, 0x0000, 0x0000, 0x0000, 0x0000, 0x0000, 0x0000, 0x0000, 0x0000, 0x0000, 0x0000, 0x0000, 0x0000, 0x0000,
    0x0000, 0x0000, 0x0000, 0x0000, 0x0000, 0x0000, 0x0000, 0x0000, 0x0000, 0x0000, 0x0000, 0x0000, 0x0000, 0x0000, 0x0000, 0x0000,
    0x0000, 0x0000, 0x0000, 0x0000, 0x0000, 0x0000, 0x0000, 0x0000, 0x0000, 0x0000, 0x0000, 0x0000, 0x0000, 0x0000, 0x0000, 0x0000,
    0x0000, 0x0000, 0x0000, 0x0000, 0x0000, 0x0000, 0x0000, 0x0000, 0x0000, 0x0000, 0x0000, 0x0000, 0x0000, 0x0000, 0x0000, 0x0000,
    0x0000, 0x0000, 0x0000, 0x0000, 0x0000, 0x0000, 0x0000, 0x0000, 0x0000, 0x0000, 0x0000, 0x0000, 0x0000, 0x0000, 0x0000, 0x0000,
    0x0000, 0x0000, 0x0000, 0x0000, 0x0000, 0x0000, 0x0000, 0x0000, 0x0000, 0x0000, 0x0000, 0x0000, 0x0000, 0x0000, 0x0000, 0x0000,
    0x0000, 0x0000, 0x0000, 0x0000, 0x0000, 0x0000, 0x0000, 0x0000, 0x0000, 0x0000, 0x0000, 0x0000, 0x0000, 0x0000, 0x0000, 0x0000,
    0x0000, 0x0000, 0x0000, 0x0000, 0x0000, 0x0000, 0x0000, 0x0000, 0x0000, 0x0000, 0x0000, 0x0000, 0x0000, 0x0000, 0x0000, 0x0000,
    0x0000, 0x0000, 0x0000, 0x0000, 0x0000, 0x0000, 0x0000, 0x0000, 0x0000, 0x0000, 0x0000, 0x0000, 0x0000, 0x0000, 0x0000, 0x0000,
    0x0000, 0x0000, 0x0000, 0x0000, 0x0000, 0x0000, 0x0000, 0x0000, 0x0000, 0x0000, 0x0000, 0x0000, 0x0000, 0x0000, 0x0000, 0x0000,
    0x0000, 0x0000, 0x0000, 0x0000, 0x0000, 0x0000, 0x0000, 0x0000, 0x0000, 0x0000, 0x0000, 0x0000, 0x0000, 0x0000, 0x0000, 0x0000,
    0x0000, 0x0000, 0x0000, 0x0000, 0x0000, 0x0000, 0x0000, 0x0000, 0x0000, 0x0000, 0x0000, 0x0000, 0x0000, 0x0000, 0x0000, 0x0000,
    0x0000, 0x0000, 0x0000, 0x0000, 0x0000, 0x0000, 0x0000, 0x0000, 0x0000, 0x0000, 0x0000, 0x0000, 0x0000, 0x0000, 0x0000, 0x0000,
    0x0000, 0x0000, 0x0000, 0x0000, 0x0000, 0x0000, 0x0000, 0x0000, 0x0000, 0x0000, 0x0000, 0x0000, 0x0000, 0x0000, 0x0000, 0x0000,
    0x0000, 0x0000, 0x0000, 0x0000, 0x0000, 0x0000, 0x0000, 0x0000, 0x0000, 0x0000, 0x0000, 0x0000, 0x0000, 0x0000, 0x0000, 0x0000,
    0x0000, 0x0000, 0x0000, 0x0000, 0x0000, 0x0000, 0x0000, 0x0000, 0x0000, 0x0000, 0x0000, 0x0000, 0x0000, 0x0000, 0x0000, 0x0000,
    0x0000, 0x0000, 0x0000, 0x0000, 0x0000, 0x0000, 0x0000, 0x0000, 0x0000, 0x0000, 0x0000, 0x0000, 0x0000, 0x0000, 0x0000, 0x0000,
    0x0000, 0x0000, 0x0000, 0x0000, 0x0000, 0x0000, 0x0000, 0x0000, 0x0000, 0x0000, 0x0000, 0x0000, 0x0000, 0x0000, 0x0000, 0x0000,
    0x0000, 0x0000, 0x0000, 0x0000, 0x0000, 0x0000, 0x0000, 0x0000, 0x0000, 0x0000, 0x0000, 0x0000, 0x0000, 0x0000, 0x0000, 0x0000,
    0x0000, 0x0000, 0x0000, 0x0000, 0x0000, 0x0000, 0x0000, 0x0000, 0x0000, 0x0000, 0x0000, 0x0000, 0x0000, 0x0000, 0x0000, 0x0000,
    0x0000, 0x0000, 0x0000, 0x0000, 0x0000, 0x0000, 0x0000, 0x0000, 0x0000, 0x0000, 0x0000, 0x0000, 0x0000, 0x0000, 0x0000, 0x0000,
    0x0000, 0x0000, 0x0000, 0x0000, 0x0000, 0x0000, 0x0000, 0x0000, 0x0000, 0x0000, 0x0000, 0x0000, 0x0000, 0x0000, 0x0000, 0x0000,
    0x0000, 0x0000, 0x0000, 0x0000, 0x0000, 0x0000, 0x0000, 0x0000, 0x0000, 0x0000, 0x0000, 0x0000, 0x0000, 0x0000, 0x0000, 0x0000,
    0x0000, 0x0000, 0x0000, 0x0000, 0x0000, 0x0000, 0x0000, 0x0000, 0x0000, 0x0000, 0x0000, 0x0000, 0x0000, 0x0000, 0x0000, 0x0000,
    0x0000, 0x0000, 0x0000, 0x0000, 0x0000, 0x0000, 0x0000, 0x0000, 0x0000, 0x0000, 0x0000, 0x0000, 0x0000, 0x0000, 0x0000, 0x0000,
    0x0000, 0x0000, 0x0000, 0x0000, 0x0000, 0x0000, 0x0000, 0x0000, 0x0000, 0x0000, 0x0000, 0x0000, 0x0000, 0x0000, 0x0000, 0x0000,
    0x0000, 0x0000, 0x0000, 0x0000, 0x0000, 0x0000, 0x0000, 0x0000, 0x0000, 0x0000, 0x0000, 0x0000, 0x0000, 0x0000, 0x0000, 0x0000,
    0x0000, 0x0000, 0x0000, 0x0000, 0x0000, 0x0000, 0x0000, 0x0000, 0x0000, 0x0000, 0x0000, 0x0000, 0x0000, 0x0000, 0x0000, 0x0000,
    0x0000, 0x0000, 0x0000, 0x0000, 0x0000, 0x0000, 0x0000, 0x0000, 0x0000, 0x0000, 0x0000, 0x0000, 0x0000, 0x0000, 0x0000, 0x0000,
    0x0000, 0x0000, 0x0000, 0x0000, 0x0000, 0x0000, 0x0000, 0x0000, 0x0000, 0x0000, 0x0000, 0x0000, 0x0000, 0x0000, 0x0000, 0x0000,
    0x0000, 0x0000, 0x0000, 0x0000, 0x0000, 0x0000, 0x0000, 0x0000, 0x0000, 0x0000, 0x0000, 0x0000, 0x0000, 0x0000, 0x0000, 0x0000,
    0x0000, 0x0000, 0x0000, 0x0000, 0x0000, 0x0000, 0x0000, 0x0000, 0x0000, 0x0000, 0x0000, 0x0000, 0x0000, 0x0000, 0x0000, 0x0000,
    0x0000, 0x0000, 0x0000, 0x0000, 0x0000, 0x0000, 0x0000, 0x0000, 0x0000, 0x0000, 0x0000, 0x0000, 0x0000, 0x0000, 0x0000, 0x0000,
    0x0000, 0x0000, 0x0000, 0x0000, 0x0000, 0x0000, 0x0000, 0x0000, 0x0000, 0x0000, 0x0000, 0x0000, 0x0000, 0x0000, 0x0000, 0x0000,
    0x0000, 0x0000, 0x0000, 0x0000, 0x0000, 0x0000, 0x0000, 0x0000, 0x0000, 0x0000, 0x0000, 0x0000, 0x0000, 0x0000, 0x0000, 0x0000,
    0x0000, 0x0000, 0x0000, 0x0000, 0x0000, 0x0000, 0x0000, 0x0000, 0x0000, 0x0000, 0x0000, 0x0000, 0x0000, 0x0000, 0x0000, 0x0000,
    0x0000, 0x0000, 0x0000, 0x0000, 0x0000, 0x0000, 0x0000, 0x0000, 0x0000, 0x0000, 0x0000, 0x0000, 0x0000, 0x0000, 0x0000, 0x0000,
    0x0000, 0x0000, 0x0000, 0x0000, 0x0000, 0x0000, 0x0000, 0x0000, 0x0000, 0x0000, 0x0000, 0x0000, 0x0000, 0x0000, 0x0000, 0x0000,
    0x0000, 0x0000, 0x0000, 0x0000, 0x0000, 0x0000, 0x0000, 0x0000, 0x0000, 0x0000, 0x0000, 0x0000, 0x0000, 0x0000, 0x0000, 0x0000,
    0x0000, 0x0000, 0x0000, 0x0000, 0x0000, 0x0000, 0x0000, 0x0000, 0x0000, 0x0000, 0x0000, 0x0000, 0x0000, 0x0000, 0x0000, 0x0000,
    0x0000, 0x0000, 0x0000, 0x0000, 0x0000, 0x0000, 0x0000, 0x0000, 0x0000, 0x0000, 0x0000, 0x0000, 0x0000, 0x0000, 0x0000, 0x0000,
    0x0000, 0x0000, 0x0000, 0x0000, 0x0000, 0x0000, 0x0000, 0x0000, 0x0000, 0x0000, 0x0000, 0x0000, 0x0000, 0x0000, 0x0000, 0x0000,
    0x0000, 0x0000, 0x0000, 0x0000, 0x0000, 0x0000, 0x0000, 0x0000, 0x0000, 0x0000, 0x0000, 0x0000, 0x0000, 0x0000, 0x0000, 0x0000,
    0x0000, 0x0000, 0x0000, 0x0000, 0x0000, 0x0000, 0x0000, 0x0000, 0x0000, 0x0000, 0x0000, 0x0000, 0x0000, 0x0000, 0x0000, 0x0000,
    0x0000, 0x0000, 0x0000, 0x0000, 0x0000, 0x0000, 0x0000, 0x0000, 0x0000, 0x0000, 0x0000, 0x0000, 0x0000, 0x0000, 0x0000, 0x0000,
    0x0000, 0x0000, 0x0000, 0x0000, 0x0000, 0x0000, 0x0000, 0x0000, 0x0000, 0x0000, 0x0000, 0x0000, 0x0000, 0x0000, 0x0000, 0x0000,
    0x0000, 0x0000, 0x0000, 0x0000, 0x0000, 0x0000, 0x0000, 0x0000, 0x0000, 0x0000, 0x0000, 0x0000, 0x0000, 0x0000, 0x0000, 0x0000,
    0x0000, 0x0000, 0x0000, 0x0000, 0x0000, 0x0000, 0x0000, 0x0000, 0x0000, 0x0000, 0x0000, 0x0000, 0x0000, 0x0000, 0x0000, 0x0000,
    0x0000, 0x0000, 0x0000, 0x0000, 0x0000, 0x0000, 0x0000, 0x0000, 0x0000, 0x0000, 0x0000, 0x0000, 0x0000, 0x0000, 0x0000, 0x0000,
    0x0000, 0x0000, 0x0000, 0x0000, 0x0000, 0x0000, 0x0000, 0x0000, 0x0000, 0x0000, 0x0000, 0x0000, 0x0000, 0x0000, 0x0000, 0x0000,
    0x0000, 0x0000, 0x0000, 0x0000, 0x0000, 0x0000, 0x0000, 0x0000, 0x0000, 0x0000, 0x0000, 0x0000, 0x0000, 0x0000, 0x0000, 0x0000,
    0x0000, 0x0000, 0x0000, 0x0000, 0x0000, 0x0000, 0x0000, 0x0000, 0x0000, 0x0000, 0x0000, 0x0000, 0x0000, 0x0000, 0x0000, 0x0000,
    0x0000, 0x0000, 0x0000, 0x0000, 0x0000, 0x0000, 0x0000, 0x0000, 0x0000, 0x0000, 0x0000, 0x0000, 0x0000, 0x0000, 0x0000, 0x0000,
    0x0000, 0x0000, 0x0000, 0x0000, 0x0000, 0x0000, 0x0000, 0x0000, 0x0000, 0x0000, 0x0000, 0x0000, 0x0000, 0x0000, 0x0000, 0x0000,
    0x0000, 0x0000, 0x0000, 0x0000, 0x0000, 0x0000, 0x0000, 0x0000, 0x0000, 0x0000, 0x0000, 0x0000, 0x0000, 0x0000, 0x0000, 0x0000,
    0x0000, 0x0000, 0x0000, 0x0000, 0x0000, 0x0000, 0x0000, 0x0000, 0x0000, 0x0000, 0x0000, 0x0000, 0x0000, 0x0000, 0x0000, 0x0000,
    0x0000, 0x0000, 0x0000, 0x0000, 0x0000, 0x0000, 0x0000, 0x0000, 0x0000, 0x0000, 0x0000, 0x0000, 0x0000, 0x0000, 0x0000, 0x0000,
    0x0000, 0x0000, 0x0000, 0x0000, 0x0000, 0x0000, 0x0000, 0x0000, 0x0000, 0x0000, 0x0000, 0x0000, 0x0000, 0x0000, 0x0000, 0x0000,
    0x0000, 0x0000, 0x0000, 0x0000, 0x0000, 0x0000, 0x0000, 0x0000, 0x0000, 0x0000, 0x0000, 0x0000, 0x0000, 0x0000, 0x0000, 0x0000,
    0x0000, 0x0000, 0x0000, 0x0000, 0x0000, 0x0000, 0x0000, 0x0000, 0x0000, 0x0000, 0x0000, 0x0000, 0x0000, 0x0000, 0x0000, 0x0000,
    0x0000, 0x0000, 0x0000, 0x0000, 0x0000, 0x0000, 0x0000, 0x0000, 0x0000, 0x0000, 0x0000, 0x0000, 0x0000, 0x0000, 0x0000, 0x0000,
    0x0000, 0x0000, 0x0000, 0x0000, 0x0000, 0x0000, 0x0000, 0x0000, 0x0000, 0x0000, 0x0000, 0x0000, 0x0000, 0x0000, 0x0000, 0x0000,
    0x0000, 0x0000, 0x0000, 0x0000, 0x0000, 0x0000, 0x0000, 0x0000, 0x0000, 0x0000, 0x0000, 0x0000, 0x0000, 0x0000, 0x0000, 0x0000,
    0x0000, 0x0000, 0x0000, 0x0000, 0x0000, 0x0000, 0x0000, 0x0000, 0x0000, 0x0000, 0x0000, 0x0000, 0x0000, 0x0000, 0x0000, 0x0000,
    0x0000, 0x0000, 0x0000, 0x0000, 0x0000, 0x0000, 0x0000, 0x0000, 0x0000, 0x0000, 0x0000, 0x0000, 0x0000, 0x0000, 0x0000, 0x0000,
    0x0000, 0x0000, 0x0000, 0x0000, 0x0000, 0x0000, 0x0000, 0x0000, 0x0000, 0x0000, 0x0000, 0x0000, 0x0000, 0x0000, 0x0000, 0x0000,
    0x0000, 0x0000, 0x0000, 0x0000, 0x0000, 0x0000, 0x0000, 0x0000, 0x0000, 0x0000, 0x0000, 0x0000, 0x0000, 0x0000, 0x0000, 0x0000,
    0x0000, 0x0000, 0x0000, 0x0000, 0x0000, 0x0000, 0x0000, 0x0000, 0x0000, 0x0000, 0x0000, 0x0000, 0x0000, 0x0000, 0x0000, 0x0000,
    0x0000, 0x0000, 0x0000, 0x0000, 0x0000, 0x0000, 0x0000, 0x0000, 0x0000, 0x0000, 0x0000, 0x0000, 0x0000, 0x0000, 0x0000, 0x0000,
    0x0000, 0x0000, 0x0000, 0x0000, 0x0000, 0x0000, 0x0000, 0x0000, 0x0000, 0x0000, 0x0000, 0x0000, 0x0000, 0x0000, 0x0000, 0x0000,
    0x0000, 0x0000, 0x0000, 0x0000, 0x0000, 0x0000, 0x0000, 0x0000, 0x0000, 0x0000, 0x0000, 0x0000, 0x0000, 0x0000, 0x0000, 0x0000,
    0x0000, 0x0000, 0x0000, 0x0000, 0x0000, 0x0000, 0x0000, 0x0000, 0x0000, 0x0000, 0x0000, 0x0000, 0x0000, 0x0000, 0x0000, 0x0000,
    0x0000, 0x0000, 0x0000, 0x0000, 0x0000, 0x0000, 0x0000, 0x0000, 0x0000, 0x0000, 0x0000, 0x0000, 0x0000, 0x0000, 0x0000, 0x0000,
    0x0000, 0x0000, 0x0000, 0x0000, 0x0000, 0x0000, 0x0000, 0x0000, 0x0000, 0x0000, 0x0000, 0x0000, 0x0000, 0x0000, 0x0000, 0x0000,
    0x0000, 0x0000, 0x0000, 0x0000, 0x0000, 0x0000, 0x0000, 0x0000, 0x0000, 0x0000, 0x0000, 0x0000, 0x0000, 0x0000, 0x0000, 0x0000,
    0x0000, 0x0000, 0x0000, 0x0000, 0x0000, 0x0000, 0x0000, 0x0000, 0x0000, 0x0000, 0x0000, 0x0000, 0x0000, 0x0000, 0x0000, 0x0000,
    0x0000, 0x0000, 0x0000, 0x0000, 0x0000, 0x0000, 0x0000, 0x0000, 0x0000, 0x0000, 0x0000, 0x0000, 0x0000, 0x0000, 0x0000, 0x0000,
    0x0000, 0x0000, 0x0000, 0x0000, 0x0000, 0x0000, 0x0000, 0x0000, 0x0000, 0x0000, 0x0000, 0x0000, 0x0000, 0x0000, 0x0000, 0x0000,
    0x0000, 0x0000, 0x0000, 0x0000, 0x0000, 0x0000, 0x0000, 0x0000, 0x0000, 0x0000, 0x0000, 0x0000, 0x0000, 0x0000, 0x0000, 0x0000,
    0x0000, 0x0000, 0x0000, 0x0000, 0x0000, 0x0000, 0x0000, 0x0000, 0x0000, 0x0000, 0x0000, 0x0000, 0x0000, 0x0000, 0x0000, 0x0000,
    0x0000, 0x0000, 0x0000, 0x0000, 0x0000, 0x0000, 0x0000, 0x0000, 0x0000, 0x0000, 0x0000, 0x0000, 0x0000, 0x0000, 0x0000, 0x0000,
    0x0000, 0x0000, 0x0000, 0x0000, 0x0000, 0x0000, 0x0000, 0x0000, 0x0000, 0x0000, 0x0000, 0x0000, 0x0000, 0x0000, 0x0000, 0x0000,
    0x0000, 0x0000, 0x0000, 0x0000, 0x0000, 0x0000, 0x0000, 0x0000, 0x0000, 0x0000, 0x0000, 0x0000, 0x0000, 0x0000, 0x0000, 0x0000,
    0x0000, 0x0000, 0x0000, 0x0000, 0x0000, 0x0000, 0x0000, 0x0000, 0x0000, 0x0000, 0x0000, 0x0000, 0x0000, 0x0000, 0x0000, 0x0000,
    0x0000, 0x0000, 0x0000, 0x0000, 0x0000, 0x0000, 0x0000, 0x0000, 0x0000, 0x0000, 0x0000, 0x0000, 0x0000, 0x0000, 0x0000, 0x0000,
    0x0000, 0x0000, 0x0000, 0x0000, 0x0000, 0x0000, 0x0000, 0x0000, 0x0000, 0x0000, 0x0000, 0x0000, 0x0000, 0x0000, 0x0000, 0x0000,
    0x0000, 0x0000, 0x0000, 0x0000, 0x0000, 0x0000, 0x0000, 0x0000, 0x0000, 0x0000, 0x0000, 0x0000, 0x0000, 0x0000, 0x0000, 0x0000,
    0x0000, 0x0000, 0x0000, 0x0000, 0x0000, 0x0000, 0x0000, 0x0000, 0x0000, 0x0000, 0x0000, 0x0000, 0x0000, 0x0000, 0x0000, 0x0000,
    0x0000, 0x0000, 0x0000, 0x0000, 0x0000, 0x0000, 0x0000, 0x0000, 0x0000, 0x0000, 0x0000, 0x0000, 0x0000, 0x0000, 0x0000, 0x0000,
    0x0000, 0x0000, 0x0000, 0x0000, 0x0000, 0x0000, 0x0000, 0x0000, 0x0000, 0x0000, 0x0000, 0x0000, 0x0000, 0x0000, 0x0000, 0x0000,
    0x0000, 0x0000, 0x0000, 0x0000, 0x0000, 0x0000, 0x0000, 0x0000, 0x0000, 0x0000, 0x0000, 0x0000, 0x0000, 0x0000, 0x0000, 0x0000,
    0x0000, 0x0000, 0x0000, 0x0000, 0x0000, 0x0000, 0x0000, 0x0000, 0x0000, 0x0000, 0x0000, 0x0000, 0x0000, 0x0000, 0x0000, 0x0000,
    0x0000, 0x0000, 0x0000, 0x0000, 0x0000, 0x0000, 0x0000, 0x0000, 0x0000, 0x0000, 0x0000, 0x0000, 0x0000, 0x0000, 0x0000, 0x0000,
    0x0000, 0x0000, 0x0000, 0x0000, 0x0000, 0x0000, 0x0000, 0x0000, 0x0000, 0x0000, 0x0000, 0x0000, 0x0000, 0x0000, 0x0000, 0x0000,
    0x0000, 0x0000, 0x0000, 0x0000, 0x0000, 0x0000, 0x0000, 0x0000, 0x0000, 0x0000, 0x0000, 0x0000, 0x0000, 0x0000, 0x0000, 0x0000,
    0x0000, 0x0000, 0x0000, 0x0000, 0x0000, 0x0000, 0x0000, 0x0000, 0x0000, 0x0000, 0x0000, 0x0000, 0x0000, 0x0000, 0x0000, 0x0000,
    0x0000, 0x0000, 0x0000, 0x0000, 0x0000, 0x0000, 0x0000, 0x0000, 0x0000, 0x0000, 0x0000, 0x0000, 0x0000, 0x0000, 0x0000, 0x0000,
    0x0000, 0x0000, 0x0000, 0x0000, 0x0000, 0x0000, 0x0000, 0x0000, 0x0000, 0x0000, 0x0000, 0x0000, 0x0000, 0x0000, 0x0000, 0x0000,
    0x0000, 0x0000, 0x0000, 0x0000, 0x0000, 0x0000, 0x0000, 0x0000, 0x0000, 0x0000, 0x0000, 0x0000, 0x0000, 0x0000, 0x0000, 0x0000,
    0x0000, 0x0000, 0x0000, 0x0000, 0x0000, 0x0000, 0x0000, 0x0000, 0x0000, 0x0000, 0x0000, 0x0000, 0x0000, 0x0000, 0x0000, 0x0000,
    0x0000, 0x0000, 0x0000, 0x0000, 0x0000, 0x0000, 0x0000, 0x0000, 0x0000, 0x0000, 0x0000, 0x0000, 0x0000, 0x0000, 0x0000, 0x0000,
    0x0000, 0x0000, 0x0000, 0x0000, 0x0000, 0x0000, 0x0000, 0x0000, 0x0000, 0x0000, 0x0000, 0x0000, 0x0000, 0x0000, 0x0000, 0x0000,
    0x0000, 0x0000, 0x0000, 0x0000, 0x0000, 0x0000, 0x0000, 0x0000, 0x0000, 0x0000, 0x0000, 0x0000, 0x0000, 0x0000, 0x0000, 0x0000,
    0x0000, 0x0000, 0x0000, 0x0000, 0x0000, 0x0000, 0x0000, 0x0000, 0x0000, 0x0000, 0x0000, 0x0000, 0x0000, 0x0000, 0x0000, 0x0000,
    0x0000, 0x0000, 0x0000, 0x0000, 0x0000, 0x0000, 0x0000, 0x0000, 0x0000, 0x0000, 0x0000, 0x0000, 0x0000, 0x0000, 0x0000, 0x0000,
    0x0000, 0x0000, 0x0000, 0x0000, 0x0000, 0x0000, 0x0000, 0x0000, 0x0000, 0x0000, 0x0000, 0x0000, 0x0000, 0x0000, 0x0000, 0x0000,
    0x0000, 0x0000, 0x0000, 0x0000, 0x0000, 0x0000, 0x0000, 0x0000, 0x0000, 0x0000, 0x0000, 0x0000, 0x0000, 0x0000, 0x0000, 0x0000,
    0x0000, 0x0000, 0x0000, 0x0000, 0x0000, 0x0000, 0x0000, 0x0000, 0x0000, 0x0000, 0x0000, 0x0000, 0x0000, 0x0000, 0x0000, 0x0000,
    0x0000, 0x0000, 0x0000, 0x0000, 0x0000, 0x0000, 0x0000, 0x0000, 0x0000, 0x0000, 0x0000, 0x0000, 0x0000, 0x0000, 0x0000, 0x0000,
    0x0000, 0x0000, 0x0000, 0x0000, 0x0000, 0x0000, 0x0000, 0x0000, 0x0000, 0x0000, 0x0000, 0x0000, 0x0000, 0x0000, 0x0000, 0x0000,
    0x0000, 0x0000, 0x0000, 0x0000, 0x0000, 0x0000, 0x0000, 0x0000, 0x0000, 0x0000, 0x0000, 0x0000, 0x0000, 0x0000, 0x0000, 0x0000,
    0x0000, 0x0000, 0x0000, 0x0000, 0x0000, 0x0000, 0x0000, 0x0000, 0x0000, 0x0000, 0x0000, 0x0000, 0x0000, 0x0000, 0x0000, 0x0000,
    0x0000, 0x0000, 0x0000, 0x0000, 0x0000, 0x0000, 0x0000, 0x0000, 0x0000, 0x0000, 0x0000, 0x0000, 0x0000, 0x0000, 0x0000, 0x0000,
    0x0000, 0x0000, 0x0000, 0x0000, 0x0000, 0x0000, 0x0000, 0x0000, 0x0000, 0x0000, 0x0000, 0x0000, 0x0000, 0x0000, 0x0000, 0x0000,
    0x0000, 0x0000, 0x0000, 0x0000, 0x0000, 0x0000, 0x0000, 0x0000, 0x0000, 0x0000, 0x0000, 0x0000, 0x0000, 0x0000, 0x0000, 0x0000,
    0x0000, 0x0000, 0x0000, 0x0000, 0x0000, 0x0000, 0x0000, 0x0000, 0x0000, 0x0000, 0x0000, 0x0000, 0x0000, 0x0000, 0x0000, 0x0000,
    0x0000, 0x0000, 0x0000, 0x0000, 0x0000, 0x0000, 0x0000, 0x0000, 0x0000, 0x0000, 0x0000, 0x0000, 0x0000, 0x0000, 0x0000, 0x0000,
    0x0000, 0x0000, 0x0000, 0x0000, 0x0000, 0x0000, 0x0000, 0x0000, 0x0000, 0x0000, 0x0000, 0x0000, 0x0000, 0x0000, 0x0000, 0x0000,
    0x0000, 0x0000, 0x0000, 0x0000, 0x0000, 0x0000, 0x0000, 0x0000, 0x0000, 0x0000, 0x0000, 0x0000, 0x0000, 0x0000, 0x0000, 0x0000,
    0x0000, 0x0000, 0x0000, 0x0000, 0x0000, 0x0000, 0x0000, 0x0000, 0x0000, 0x0000, 0x0000, 0x0000, 0x0000, 0x0000, 0x0000, 0x0000,
    0x0000, 0x0000, 0x0000, 0x0000, 0x0000, 0x0000, 0x0000, 0x0000, 0x0000, 0x0000, 0x0000, 0x0000, 0x0000, 0x0000, 0x0000, 0x0000,
    0x0000, 0x0000, 0x0000, 0x0000, 0x0000, 0x0000, 0x0000, 0x0000, 0x0000, 0x0000, 0x0000, 0x0000, 0x0000, 0x0000, 0x0000, 0x0000,
    0x0000, 0x0000, 0x0000, 0x0000, 0x0000, 0x0000, 0x0000, 0x0000, 0x0000, 0x0000, 0x0000, 0x0000, 0x0000, 0x0000, 0x0000, 0x0000,
    0x0000, 0x0000, 0x0000, 0x0000, 0x0000, 0x0000, 0x0000, 0x0000, 0x0000, 0x0000, 0x0000, 0x0000, 0x0000, 0x0000, 0x0000, 0x0000,
    0x0000, 0x0000, 0x0000, 0x0000, 0x0000, 0x0000, 0x0000, 0x0000, 0x0000, 0x0000, 0x0000, 0x0000, 0x0000, 0x0000, 0x0000, 0x0000,
    0x0000, 0x0000, 0x0000, 0x0000, 0x0000, 0x0000, 0x0000, 0x0000, 0x0000, 0x0000, 0x0000, 0x0000, 0x0000, 0x0000, 0x0000, 0x0000,
    0x0000, 0x0000, 0x0000, 0x0000, 0x0000, 0x0000, 0x0000, 0x0000, 0x0000, 0x0000, 0x0000, 0x0000, 0x0000, 0x0000, 0x0000, 0x0000,
    0x0000, 0x0000, 0x0000, 0x0000, 0x0000, 0x0000, 0x0000, 0x0000, 0x0000, 0x0000, 0x0000, 0x0000, 0x0000, 0x0000, 0x0000, 0x0000,
    0x0000, 0x0000, 0x0000, 0x0000, 0x0000, 0x0000, 0x0000, 0x0000, 0x0000, 0x0000, 0x0000, 0x0000, 0x0000, 0x0000, 0x0000, 0x0000,
    0x0000, 0x0000, 0x0000, 0x0000, 0x0000, 0x0000, 0x0000, 0x0000, 0x0000, 0x0000, 0x0000, 0x0000, 0x0000, 0x0000, 0x0000, 0x0000,
    0x0000, 0x0000, 0x0000, 0x0000, 0x0000, 0x0000, 0x0000, 0x0000, 0x0000, 0x0000, 0x0000, 0x0000, 0x0000, 0x0000, 0x0000, 0x0000,
    0x0000, 0x0000, 0x0000, 0x0000, 0x0000, 0x0000, 0x0000, 0x0000, 0x0000, 0x0000, 0x0000, 0x0000, 0x0000, 0x0000, 0x0000, 0x0000,
    0x0000, 0x0000, 0x0000, 0x0000, 0x0000, 0x0000, 0x0000, 0x0000, 0x0000, 0x0000, 0x0000, 0x0000, 0x0000, 0x0000, 0x0000, 0x0000,
    0x0000, 0x0000, 0x0000, 0x0000, 0x0000, 0x0000, 0x0000, 0x0000, 0x0000, 0x0000, 0x0000, 0x0000, 0x0000, 0x0000, 0x0000, 0x0000,
    0x0000, 0x0000, 0x0000, 0x0000, 0x0000, 0x0000, 0x0000, 0x0000, 0x0000, 0x0000, 0x0000, 0x0000, 0x0000, 0x0000, 0x0000, 0x0000,
    0x0000, 0x0000, 0x0000, 0x0000, 0x0000, 0x0000, 0x0000, 0x0000, 0x0000, 0x0000, 0x0000, 0x0000, 0x0000, 0x0000, 0x0000, 0x0000,
    0x0000, 0x0000, 0x0000, 0x0000, 0x0000, 0x0000, 0x0000, 0x0000, 0x0000, 0x0000, 0x0000, 0x0000, 0x0000, 0x0000, 0x0000, 0x0000,
    0x0000, 0x0000, 0x0000, 0x0000, 0x0000, 0x0000, 0x0000, 0x0000, 0x0000, 0x0000, 0x0000, 0x0000, 0x0000, 0x0000, 0x0000, 0x0000,
    0x0000, 0x0000, 0x0000, 0x0000, 0x0000, 0x0000, 0x0000, 0x0000, 0x0000, 0x0000, 0x0000, 0x0000, 0x0000, 0x0000, 0x0000, 0x0000,
    0x0000, 0x0000, 0x0000, 0x0000, 0x0000, 0x0000, 0x0000, 0x0000, 0x0000, 0x0000, 0x0000, 0x0000, 0x0000, 0x0000, 0x0000, 0x0000,
    0x0000, 0x0000, 0x0000, 0x0000, 0x0000, 0x0000, 0x0000, 0x0000, 0x0000, 0x0000, 0x0000, 0x0000, 0x0000, 0x0000, 0x0000, 0x0000,
    0x0000, 0x0000, 0x0000, 0x0000, 0x0000, 0x0000, 0x0000, 0x0000, 0x0000, 0x0000, 0x0000, 0x0000, 0x0000, 0x0000, 0x0000, 0x0000,
    0x0000, 0x0000, 0x0000, 0x0000, 0x0000, 0x0000, 0x0000, 0x0000, 0x0000, 0x0000, 0x0000, 0x0000, 0x0000, 0x0000, 0x0000, 0x0000,
    0x0000, 0x0000, 0x0000, 0x0000, 0x0000, 0x0000, 0x0000, 0x0000, 0x0000, 0x0000, 0x0000, 0x0000, 0x0000, 0x0000, 0x0000, 0x0000,
    0x0000, 0x0000, 0x0000, 0x0000, 0x0000, 0x0000, 0x0000, 0x0000, 0x0000, 0x0000, 0x0000, 0x0000, 0x0000, 0x0000, 0x0000, 0x0000,
    0x0000, 0x0000, 0x0000, 0x0000, 0x0000, 0x0000, 0x0000, 0x0000, 0x0000, 0x0000, 0x0000, 0x0000, 0x0000, 0x0000, 0x0000, 0x0000,
    0x0000, 0x0000, 0x0000, 0x0000, 0x0000, 0x0000, 0x0000, 0x0000, 0x0000, 0x0000, 0x0000, 0x0000, 0x0000, 0x0000, 0x0000, 0x0000,
    0x0000, 0x0000, 0x0000, 0x0000, 0x0000, 0x0000, 0x0000, 0x0000, 0x0000, 0x0000, 0x0000, 0x0000, 0x0000, 0x0000, 0x0000, 0x0000,
    0x0000, 0x0000, 0x0000, 0x0000, 0x0000, 0x0000, 0x0000, 0x0000, 0x0000, 0x0000, 0x0000, 0x0000, 0x0000, 0x0000, 0x0000, 0x0000,
    0x0000, 0x0000, 0x0000, 0x0000, 0x0000, 0x0000, 0x0000, 0x0000, 0x0000, 0x0000, 0x0000, 0x0000, 0x0000, 0x0000, 0x0000, 0x0000,
    0x0000, 0x0000, 0x0000, 0x0000, 0x0000, 0x0000, 0x0000, 0x0000, 0x0000, 0x0000, 0x0000, 0x0000, 0x0000, 0x0000, 0x0000, 0x0000,
    0x0000, 0x0000, 0x0000, 0x0000, 0x0000, 0x0000, 0x0000, 0x0000, 0x0000, 0x0000, 0x0000, 0x0000, 0x0000, 0x0000, 0x0000, 0x0000,
    0x0000, 0x0000, 0x0000, 0x0000, 0x0000, 0x0000, 0x0000, 0x0000, 0x0000, 0x0000, 0x0000, 0x0000, 0x0000, 0x0000, 0x0000, 0x0000,
    0x0000, 0x0000, 0x0000, 0x0000, 0x0000, 0x0000, 0x0000, 0x0000, 0x0000, 0x0000, 0x0000, 0x0000, 0x0000, 0x0000, 0x0000, 0x0000,
    0x0000, 0x0000, 0x0000, 0x0000, 0x0000, 0x0000, 0x0000, 0x0000, 0x0000, 0x0000, 0x0000, 0x0000, 0x0000, 0x0000, 0x0000, 0x0000,
    0x0000, 0x0000, 0x0000, 0x0000, 0x0000, 0x0000, 0x0000, 0x0000, 0x0000, 0x0000, 0x0000, 0x0000, 0x0000, 0x0000, 0x0000, 0x0000,
    0x0000, 0x0000, 0x0000, 0x0000, 0x0000, 0x0000, 0x0000, 0x0000, 0x0000, 0x0000, 0x0000, 0x0000, 0x0000, 0x0000, 0x0000, 0x0000,
    0x0000, 0x0000, 0x0000, 0x0000, 0x0000, 0x0000, 0x0000, 0x0000, 0x0000, 0x0000, 0x0000, 0x0000, 0x0000, 0x0000, 0x0000, 0x0000,
    0x0000, 0x0000, 0x0000, 0x0000, 0x0000, 0x0000, 0x0000, 0x0000, 0x0000, 0x0000, 0x0000, 0x0000, 0x0000, 0x0000, 0x0000, 0x0000,
    0x0000, 0x0000, 0x0000, 0x0000, 0x0000, 0x0000, 0x0000, 0x0000, 0x0000, 0x0000, 0x0000, 0x0000, 0x0000, 0x0000, 0x0000, 0x0000,
    0x0000, 0x0000, 0x0000, 0x0000, 0x0000, 0x0000, 0x0000, 0x0000, 0x0000, 0x0000, 0x0000, 0x0000, 0x0000, 0x0000, 0x0000, 0x0000,
    0x0000, 0x0000, 0x0000, 0x0000, 0x0000, 0x0000, 0x0000, 0x0000, 0x0000, 0x0000, 0x0000, 0x0000, 0x0000, 0x0000, 0x0000, 0x0000,
    0x0000, 0x0000, 0x0000, 0x0000, 0x0000, 0x0000, 0x0000, 0x0000, 0x0000, 0x0000, 0x0000, 0x0000, 0x0000, 0x0000, 0x0000, 0x0000,
    0x0000, 0x0000, 0x0000, 0x0000, 0x0000, 0x0000, 0x0000, 0x0000, 0x0000, 0x0000, 0x0000, 0x0000, 0x0000, 0x0000, 0x0000, 0x0000,
    0x0000, 0x0000, 0x0000, 0x0000, 0x0000, 0x0000, 0x0000, 0x0000, 0x0000, 0x0000, 0x0000, 0x0000, 0x0000, 0x0000, 0x0000, 0x0000,
    0x0000, 0x0000, 0x0000, 0x0000, 0x0000, 0x0000, 0x0000, 0x0000, 0x0000, 0x0000, 0x0000, 0x0000, 0x0000, 0x0000, 0x0000, 0x0000,
    0x0000, 0x0000, 0x0000, 0x0000, 0x0000, 0x0000, 0x0000, 0x0000, 0x0000, 0x0000, 0x0000, 0x0000, 0x0000, 0x0000, 0x0000, 0x0000,
    0x0000, 0x0000, 0x0000, 0x0000, 0x0000, 0x0000, 0x0000, 0x0000, 0x0000, 0x0000, 0x0000, 0x0000, 0x0000, 0x0000, 0x0000, 0x0000,
    0x0000, 0x0000, 0x0000, 0x0000, 0x0000, 0x0000, 0x0000, 0x0000, 0x0000, 0x0000, 0x0000, 0x0000, 0x0000, 0x0000, 0x0000, 0x0000,
    0x0000, 0x0000, 0x0000, 0x0000, 0x0000, 0x0000, 0x0000, 0x0000, 0x0000, 0x0000, 0x0000, 0x0000, 0x0000, 0x0000, 0x0000, 0x0000,
    0x0000, 0x0000, 0x0000, 0x0000, 0x0000, 0x0000, 0x0000, 0x0000, 0x0000, 0x0000, 0x0000, 0x0000, 0x0000, 0x0000, 0x0000, 0x0000,
    0x0000, 0x0000, 0x0000, 0x0000, 0x0000, 0x0000, 0x0000, 0x0000, 0x0000, 0x0000, 0x0000, 0x0000, 0x0000, 0x0000, 0x0000, 0x0000,
    0x0000, 0x0000, 0x0000, 0x0000, 0x0000, 0x0000, 0x0000, 0x0000, 0x0000, 0x0000, 0x0000, 0x0000, 0x0000, 0x0000, 0x0000, 0x0000,
    0x0000, 0x0000, 0x0000, 0x0000, 0x0000, 0x0000, 0x0000, 0x0000, 0x0000, 0x0000, 0x0000, 0x0000, 0x0000, 0x0000, 0x0000, 0x0000,
    0x0000, 0x0000, 0x0000, 0x0000, 0x0000, 0x0000, 0x0000, 0x0000, 0x0000, 0x0000, 0x0000, 0x0000, 0x0000, 0x0000, 0x0000, 0x0000,
    0x0000, 0x0000, 0x0000, 0x0000, 0x0000, 0x0000, 0x0000, 0x0000, 0x0000, 0x0000, 0x0000, 0x0000, 0x0000, 0x0000, 0x0000, 0x0000,
    0x0000, 0x0000, 0x0000, 0x0000, 0x0000, 0x0000, 0x0000, 0x0000, 0x0000, 0x0000, 0x0000, 0x0000, 0x0000, 0x0000, 0x0000, 0x0000,
    0x0000, 0x0000, 0x0000, 0x0000, 0x0000, 0x0000, 0x0000, 0x0000, 0x0000, 0x0000, 0x0000, 0x0000, 0x0000, 0x0000, 0x0000, 0x0000,
    0x0000, 0x0000, 0x0000, 0x0000, 0x0000, 0x0000, 0x0000, 0x0000, 0x0000, 0x0000, 0x0000, 0x0000, 0x0000, 0x0000, 0x0000, 0x0000,
    0x0000, 0x0000, 0x0000, 0x0000, 0x0000, 0x0000, 0x0000, 0x0000, 0x0000, 0x0000, 0x0000, 0x0000, 0x0000, 0x0000, 0x0000, 0x0000,
    0x0000, 0x0000, 0x0000, 0x0000, 0x0000, 0x0000, 0x0000, 0x0000, 0x0000, 0x0000, 0x0000, 0x0000, 0x0000, 0x0000, 0x0000, 0x0000,
    0x0000, 0x0000, 0x0000, 0x0000, 0x0000, 0x0000, 0x0000, 0x0000, 0x0000, 0x0000, 0x0000, 0x0000, 0x0000, 0x0000, 0x0000, 0x0000,
    0x0000, 0x0000, 0x0000, 0x0000, 0x0000, 0x0000, 0x0000, 0x0000, 0x0000, 0x0000, 0x0000, 0x0000, 0x0000, 0x0000, 0x0000, 0x0000,
    0x0000, 0x0000, 0x0000, 0x0000, 0x0000, 0x0000, 0x0000, 0x0000, 0x0000, 0x0000, 0x0000, 0x0000, 0x0000, 0x0000, 0x0000, 0x0000,
    0x0000, 0x0000, 0x0000, 0x0000, 0x0000, 0x0000, 0x0000, 0x0000, 0x0000, 0x0000, 0x0000, 0x0000, 0x0000, 0x0000, 0x0000, 0x0000,
    0x0000, 0x0000, 0x0000, 0x0000, 0x0000, 0x0000, 0x0000, 0x0000, 0x0000, 0x0000, 0x0000, 0x0000, 0x0000, 0x0000, 0x0000, 0x0000,
    0x0000, 0x0000, 0x0000, 0x0000, 0x0000, 0x0000, 0x0000, 0x0000, 0x0000, 0x0000, 0x0000, 0x0000, 0x0000, 0x0000, 0x0000, 0x0000,
    0x0000, 0x0000, 0x0000, 0x0000, 0x0000, 0x0000, 0x0000, 0x0000, 0x0000, 0x0000, 0x0000, 0x0000, 0x0000, 0x0000, 0x0000, 0x0000,
    0x0000, 0x0000, 0x0000, 0x0000, 0x0000, 0x0000, 0x0000, 0x0000, 0x0000, 0x0000, 0x0000, 0x0000, 0x0000, 0x0000, 0x0000, 0x0000,
    0x0000, 0x0000, 0x0000, 0x0000, 0x0000, 0x0000, 0x0000, 0x0000, 0x0000, 0x0000, 0x0000, 0x0000, 0x0000, 0x0000, 0x0000, 0x0000,
    0x0000, 0x0000, 0x0000, 0x0000, 0x0000, 0x0000, 0x0000, 0x0000, 0x0000, 0x0000, 0x0000, 0x0000, 0x0000, 0x0000, 0x0000, 0x0000,
    0x0000, 0x0000, 0x0000, 0x0000, 0x0000, 0x0000, 0x0000, 0x0000, 0x0000, 0x0000, 0x0000, 0x0000, 0x0000, 0x0000, 0x0000, 0x0000,
    0x0000, 0x0000, 0x0000, 0x0000, 0x0000, 0x0000, 0x0000, 0x0000, 0x0000, 0x0000, 0x0000, 0x0000, 0x0000, 0x0000, 0x0000, 0x0000,
    0x0000, 0x0000, 0x0000, 0x0000, 0x0000, 0x0000, 0x0000, 0x0000, 0x0000, 0x0000, 0x0000, 0x0000, 0x0000, 0x0000, 0x0000, 0x0000,
    0x0000, 0x0000, 0x0000, 0x0000, 0x0000, 0x0000, 0x0000, 0x0000, 0x0000, 0x0000, 0x0000, 0x0000, 0x0000, 0x0000, 0x0000, 0x0000,
    0x0000, 0x0000, 0x0000, 0x0000, 0x0000, 0x0000, 0x0000, 0x0000, 0x0000, 0x0000, 0x0000, 0x0000, 0x0000, 0x0000, 0x0000, 0x0000,
    0x0000, 0x0000, 0x0000, 0x0000, 0x0000, 0x0000, 0x0000, 0x0000, 0x0000, 0x0000, 0x0000, 0x0000, 0x0000, 0x0000, 0x0000, 0x0000,
    0x0000, 0x0000, 0x0000, 0x0000, 0x0000, 0x0000, 0x0000, 0x0000, 0x0000, 0x0000, 0x0000, 0x0000, 0x0000, 0x0000, 0x0000, 0x0000,
    0x0000, 0x0000, 0x0000, 0x0000, 0x0000, 0x0000, 0x0000, 0x0000, 0x0000, 0x0000, 0x0000, 0x0000, 0x0000, 0x0000, 0x0000, 0x0000,
    0x0000, 0x0000, 0x0000, 0x0000, 0x0000, 0x0000, 0x0000, 0x0000, 0x0000, 0x0000, 0x0000, 0x0000, 0x0000, 0x0000, 0x0000, 0x0000,
    0x0000, 0x0000, 0x0000, 0x0000, 0x0000, 0x0000, 0x0000, 0x0000, 0x0000, 0x0000, 0x0000, 0x0000, 0x0000, 0x0000, 0x0000, 0x0000,
    0x0000, 0x0000, 0x0000, 0x0000, 0x0000, 0x0000, 0x0000, 0x0000, 0x0000, 0x0000, 0x0000, 0x0000, 0x0000, 0x0000, 0x0000, 0x0000,
    0x0000, 0x0000, 0x0000, 0x0000, 0x0000, 0x0000, 0x0000, 0x0000, 0x0000, 0x0000, 0x0000, 0x0000, 0x0000, 0x0000, 0x0000, 0x0000,
    0x0000, 0x0000, 0x0000, 0x0000, 0x0000, 0x0000, 0x0000, 0x0000, 0x0000, 0x0000, 0x0000, 0x0000, 0x0000, 0x0000, 0x0000, 0x0000,
    0x0000, 0x0000, 0x0000, 0x0000, 0x0000, 0x0000, 0x0000, 0x0000, 0x0000, 0x0000, 0x0000, 0x0000, 0x0000, 0x0000, 0x0000, 0x0000,
    0x0000, 0x0000, 0x0000, 0x0000, 0x0000, 0x0000, 0x0000, 0x0000, 0x0000, 0x0000, 0x0000, 0x0000, 0x0000, 0x0000, 0x0000, 0x0000,
    0x0000, 0x0000, 0x0000, 0x0000, 0x0000, 0x0000, 0x0000, 0x0000, 0x0000, 0x0000, 0x0000, 0x0000, 0x0000, 0x0000, 0x0000, 0x0000,
    0x0000, 0x0000, 0x0000, 0x0000, 0x0000, 0x0000, 0x0000, 0x0000, 0x0000, 0x0000, 0x0000, 0x0000, 0x0000, 0x0000, 0x0000, 0x0000,
    0x0000, 0x0000, 0x0000, 0x0000, 0x0000, 0x0000, 0x0000, 0x0000, 0x0000, 0x0000, 0x0000, 0x0000, 0x0000, 0x0000, 0x0000, 0x0000,
    0x0000, 0x0000, 0x0000, 0x0000, 0x0000, 0x0000, 0x0000, 0x0000, 0x0000, 0x0000, 0x0000, 0x0000, 0x0000, 0x0000, 0x0000, 0x0000,
    0x0000, 0x0000, 0x0000, 0x0000, 0x0000, 0x0000, 0x0000, 0x0000, 0x0000, 0x0000, 0x0000, 0x0000, 0x0000, 0x0000, 0x0000, 0x0000,
    0x0000, 0x0000, 0x0000, 0x0000, 0x0000, 0x0000, 0x0000, 0x0000, 0x0000, 0x0000, 0x0000, 0x0000, 0x0000, 0x0000, 0x0000, 0x0000,
    0x0000, 0x0000, 0x0000, 0x0000, 0x0000, 0x0000, 0x0000, 0x0000, 0x0000, 0x0000, 0x0000, 0x0000, 0x0000, 0x0000, 0x0000, 0x0000,
    0x0000, 0x0000, 0x0000, 0x0000, 0x0000, 0x0000, 0x0000, 0x0000, 0x0000, 0x0000, 0x0000, 0x0000, 0x0000, 0x0000, 0x0000, 0x0000,
    0x0000, 0x0000, 0x0000, 0x0000, 0x0000, 0x0000, 0x0000, 0x0000, 0x0000, 0x0000, 0x0000, 0x0000, 0x0000, 0x0000, 0x0000, 0x0000,
    0x0000, 0x0000, 0x0000, 0x0000, 0x0000, 0x0000, 0x0000, 0x0000, 0x0000, 0x0000, 0x0000, 0x0000, 0x0000, 0x0000, 0x0000, 0x0000,
    0x0000, 0x0000, 0x0000, 0x0000, 0x0000, 0x0000, 0x0000, 0x0000, 0x0000, 0x0000, 0x0000, 0x0000, 0x0000, 0x0000, 0x0000, 0x0000,
    0x0000, 0x0000, 0x0000, 0x0000, 0x0000, 0x0000, 0x0000, 0x0000, 0x0000, 0x0000, 0x0000, 0x0000, 0x0000, 0x0000, 0x0000, 0x0000,
    0x0000, 0x0000, 0x0000, 0x0000, 0x0000, 0x0000, 0x0000, 0x0000, 0x0000, 0x0000, 0x0000, 0x0000, 0x0000, 0x0000, 0x0000, 0x0000,
    0x0000, 0x0000, 0x0000, 0x0000, 0x0000, 0x0000, 0x0000, 0x0000, 0x0000, 0x0000, 0x0000, 0x0000, 0x0000, 0x0000, 0x0000, 0x0000,
    0x0000, 0x0000, 0x0000, 0x0000, 0x0000, 0x0000, 0x0000, 0x0000, 0x0000, 0x0000, 0x0000, 0x0000, 0x0000, 0x0000, 0x0000, 0x0000,
    0x0000, 0x0000, 0x0000, 0x0000, 0x0000, 0x0000, 0x0000, 0x0000, 0x0000, 0x0000, 0x0000, 0x0000, 0x0000, 0x0000, 0x0000, 0x0000,
    0x0000, 0x0000, 0x0000, 0x0000, 0x0000, 0x0000, 0x0000, 0x0000, 0x0000, 0x0000, 0x0000, 0x0000, 0x0000, 0x0000, 0x0000, 0x0000,
    0x0000, 0x0000, 0x0000, 0x0000, 0x0000, 0x0000, 0x0000, 0x0000, 0x0000, 0x0000, 0x0000, 0x0000, 0x0000, 0x0000, 0x0000, 0x0000,
    0x0000, 0x0000, 0x0000, 0x0000, 0x0000, 0x0000, 0x0000, 0x0000, 0x0000, 0x0000, 0x0000, 0x0000, 0x0000, 0x0000, 0x0000, 0x0000,
    0x0000, 0x0000, 0x0000, 0x0000, 0x0000, 0x0000, 0x0000, 0x0000, 0x0000, 0x0000, 0x0000, 0x0000, 0x0000, 0x0000, 0x0000, 0x0000,
    0x0000, 0x0000, 0x0000, 0x0000, 0x0000, 0x0000, 0x0000, 0x0000, 0x0000, 0x0000, 0x0000, 0x0000, 0x0000, 0x0000, 0x0000, 0x0000,
    0x0000, 0x0000, 0x0000, 0x0000, 0x0000, 0x0000, 0x0000, 0x0000, 0x0000, 0x0000, 0x0000, 0x0000, 0x0000, 0x0000, 0x0000, 0x0000,
    0x0000, 0x0000, 0x0000, 0x0000, 0x0000, 0x0000, 0x0000, 0x0000, 0x0000, 0x0000, 0x0000, 0x0000, 0x0000, 0x0000, 0x0000, 0x0000,
    0x0000, 0x0000, 0x0000, 0x0000, 0x0000, 0x0000, 0x0000, 0x0000, 0x0000, 0x0000, 0x0000, 0x0000, 0x0000, 0x0000, 0x0000, 0x0000,
    0x0000, 0x0000, 0x0000, 0x0000, 0x0000, 0x0000, 0x0000, 0x0000, 0x0000, 0x0000, 0x0000, 0x0000, 0x0000, 0x0000, 0x0000, 0x0000,
    0x0000, 0x0000, 0x0000, 0x0000, 0x0000, 0x0000, 0x0000, 0x0000, 0x0000, 0x0000, 0x0000, 0x0000, 0x0000, 0x0000, 0x0000, 0x0000,
    0x0000, 0x0000, 0x0000, 0x0000, 0x0000, 0x0000, 0x0000, 0x0000, 0x0000, 0x0000, 0x0000, 0x0000, 0x0000, 0x0000, 0x0000, 0x0000,
    0x0000, 0x0000, 0x0000, 0x0000, 0x0000, 0x0000, 0x0000, 0x0000, 0x0000, 0x0000, 0x0000, 0x0000, 0x0000, 0x0000, 0x0000, 0x0000,
    0x0000, 0x0000, 0x0000, 0x0000, 0x0000, 0x0000, 0x0000, 0x0000, 0x0000, 0x0000, 0x0000, 0x0000, 0x0000, 0x0000, 0x0000, 0x0000,
    0x0000, 0x0000, 0x0000, 0x0000, 0x0000, 0x0000, 0x0000, 0x0000, 0x0000, 0x0000, 0x0000, 0x0000, 0x0000, 0x0000, 0x0000, 0x0000,
    0x0000, 0x0000, 0x0000, 0x0000, 0x0000, 0x0000, 0x0000, 0x0000, 0x0000, 0x0000, 0x0000, 0x0000, 0x0000, 0x0000, 0x0000, 0x0000,
    0x0000, 0x0000, 0x0000, 0x0000, 0x0000, 0x0000, 0x0000, 0x0000, 0x0000, 0x0000, 0x0000, 0x0000, 0x0000, 0x0000, 0x0000, 0x0000,
    0x0000, 0x0000, 0x0000, 0x0000, 0x0000, 0x0000, 0x0000, 0x0000, 0x0000, 0x0000, 0x0000, 0x0000, 0x0000, 0x0000, 0x0000, 0x0000,
    0x0000, 0x0000, 0x0000, 0x0000, 0x0000, 0x0000, 0x0000, 0x0000, 0x0000, 0x0000, 0x0000, 0x0000, 0x0000, 0x0000, 0x0000, 0x0000,
    0x0000, 0x0000, 0x0000, 0x0000, 0x0000, 0x0000, 0x0000, 0x0000, 0x0000, 0x0000, 0x0000, 0x0000, 0x0000, 0x0000, 0x0000, 0x0000,
    0x0000, 0x0000, 0x0000, 0x0000, 0x0000, 0x0000, 0x0000, 0x0000, 0x0000, 0x0000, 0x0000, 0x0000, 0x0000, 0x0000, 0x0000, 0x0000,
    0x0000, 0x0000, 0x0000, 0x0000, 0x0000, 0x0000, 0x0000, 0x0000, 0x0000, 0x0000, 0x0000, 0x0000, 0x0000, 0x0000, 0x0000, 0x0000,
    0x0000, 0x0000, 0x0000, 0x0000, 0x0000, 0x0000, 0x0000, 0x0000, 0x0000, 0x0000, 0x0000, 0x0000, 0x0000, 0x0000, 0x0000, 0x0000,
    0x0000, 0x0000, 0x0000, 0x0000, 0x0000, 0x0000, 0x0000, 0x0000, 0x0000, 0x0000, 0x0000, 0x0000, 0x0000, 0x0000, 0x0000, 0x0000,
    0x0000, 0x0000, 0x0000, 0x0000, 0x0000, 0x0000, 0x0000, 0x0000, 0x0000, 0x0000, 0x0000, 0x0000, 0x0000, 0x0000, 0x0000, 0x0000,
    0x0000, 0x0000, 0x0000, 0x0000, 0x0000, 0x0000, 0x0000, 0x0000, 0x0000, 0x0000, 0x0000, 0x0000, 0x0000, 0x0000, 0x0000, 0x0000,
    0x0000, 0x0000, 0x0000, 0x0000, 0x0000, 0x0000, 0x0000, 0x0000, 0x0000, 0x0000, 0x0000, 0x0000, 0x0000, 0x0000, 0x0000, 0x0000,
    0x0000, 0x0000, 0x0000, 0x0000, 0x0000, 0x0000, 0x0000, 0x0000, 0x0000, 0x0000, 0x0000, 0x0000, 0x0000, 0x0000, 0x0000, 0x0000,
    0x0000, 0x0000, 0x0000, 0x0000, 0x0000, 0x0000, 0x0000, 0x0000, 0x0000, 0x0000, 0x0000, 0x0000, 0x0000, 0x0000, 0x0000, 0x0000,
    0x0000, 0x0000, 0x0000, 0x0000, 0x0000, 0x0000, 0x0000, 0x0000, 0x0000, 0x0000, 0x0000, 0x0000, 0x0000, 0x0000, 0x0000, 0x0000,
    0x0000, 0x0000, 0x0000, 0x0000, 0x0000, 0x0000, 0x0000, 0x0000, 0x0000, 0x0000, 0x0000, 0x0000, 0x0000, 0x0000, 0x0000, 0x0000,
    0x0000, 0x0000, 0x0000, 0x0000, 0x0000, 0x0000, 0x0000, 0x0000, 0x0000, 0x0000, 0x0000, 0x0000, 0x0000, 0x0000, 0x0000, 0x0000,
    0x0000, 0x0000, 0x0000, 0x0000, 0x0000, 0x0000, 0x0000, 0x0000, 0x0000, 0x0000, 0x0000, 0x0000, 0x0000, 0x0000, 0x0000, 0x0000,
    0x0000, 0x0000, 0x0000, 0x0000, 0x0000, 0x0000, 0x0000, 0x0000, 0x0000, 0x0000, 0x0000, 0x0000, 0x0000, 0x0000, 0x0000, 0x0000,
    0x0000, 0x0000, 0x0000, 0x0000, 0x0000, 0x0000, 0x0000, 0x0000, 0x0000, 0x0000, 0x0000, 0x0000, 0x0000, 0x0000, 0x0000, 0x0000,
    0x0000, 0x0000, 0x0000, 0x0000, 0x0000, 0x0000, 0x0000, 0x0000, 0x0000, 0x0000, 0x0000, 0x0000, 0x0000, 0x0000, 0x0000, 0x0000,
    0x0000, 0x0000, 0x0000, 0x0000, 0x0000, 0x0000, 0x0000, 0x0000, 0x0000, 0x0000, 0x0000, 0x0000, 0x0000, 0x0000, 0x0000, 0x0000,
    0x0000, 0x0000, 0x0000, 0x0000, 0x0000, 0x0000, 0x0000, 0x0000, 0x0000, 0x0000, 0x0000, 0x0000, 0x0000, 0x0000, 0x0000, 0x0000,
    0x0000, 0x0000, 0x0000, 0x0000, 0x0000, 0x0000, 0x0000, 0x0000, 0x0000, 0x0000, 0x0000, 0x0000, 0x0000, 0x0000, 0x0000, 0x0000,
    0x0000, 0x0000, 0x0000, 0x0000, 0x0000, 0x0000, 0x0000, 0x0000, 0x0000, 0x0000, 0x0000, 0x0000, 0x0000, 0x0000, 0x0000, 0x0000,
    0x0000, 0x0000, 0x0000, 0x0000, 0x0000, 0x0000, 0x0000, 0x0000, 0x0000, 0x0000, 0x0000, 0x0000, 0x0000, 0x0000, 0x0000, 0x0000,
    0x0000, 0x0000, 0x0000, 0x0000, 0x0000, 0x0000, 0x0000, 0x0000, 0x0000, 0x0000, 0x0000, 0x0000, 0x0000, 0x0000, 0x0000, 0x0000,
    0x0000, 0x0000, 0x0000, 0x0000, 0x0000, 0x0000, 0x0000, 0x0000, 0x0000, 0x0000, 0x0000, 0x0000, 0x0000, 0x0000, 0x0000, 0x0000,
    0x0000, 0x0000, 0x0000, 0x0000, 0x0000, 0x0000, 0x0000, 0x0000, 0x0000, 0x0000, 0x0000, 0x0000, 0x0000, 0x0000, 0x0000, 0x0000,
    0x0000, 0x0000, 0x0000, 0x0000, 0x0000, 0x0000, 0x0000, 0x0000, 0x0000, 0x0000, 0x0000, 0x0000, 0x0000, 0x0000, 0x0000, 0x0000,
    0x0000, 0x0000, 0x0000, 0x0000, 0x0000, 0x0000, 0x0000, 0x0000, 0x0000, 0x0000, 0x0000, 0x0000, 0x0000, 0x0000, 0x0000, 0x0000,
    0x0000, 0x0000, 0x0000, 0x0000, 0x0000, 0x0000, 0x0000, 0x0000, 0x0000, 0x0000, 0x0000, 0x0000, 0x0000, 0x0000, 0x0000, 0x0000,
    0x0000, 0x0000, 0x0000, 0x0000, 0x0000, 0x0000, 0x0000, 0x0000, 0x0000, 0x0000, 0x0000, 0x0000, 0x0000, 0x0000, 0x0000, 0x0000,
    0x0000, 0x0000, 0x0000, 0x0000, 0x0000, 0x0000, 0x0000, 0x0000, 0x0000, 0x0000, 0x0000, 0x0000, 0x0000, 0x0000, 0x0000, 0x0000,
    0x0000, 0x0000, 0x0000, 0x0000, 0x0000, 0x0000, 0x0000, 0x0000, 0x0000, 0x0000, 0x0000, 0x0000, 0x0000, 0x0000, 0x0000, 0x0000,
    0x0000, 0x0000, 0x0000, 0x0000, 0x0000, 0x0000, 0x0000, 0x0000, 0x0000, 0x0000, 0x0000, 0x0000, 0x0000, 0x0000, 0x0000, 0x0000,
    0x0000, 0x0000, 0x0000, 0x0000, 0x0000, 0x0000, 0x0000, 0x0000, 0x0000, 0x0000, 0x0000, 0x0000, 0x0000, 0x0000, 0x0000, 0x0000,
    0x0000, 0x0000, 0x0000, 0x0000, 0x0000, 0x0000, 0x0000, 0x0000, 0x0000, 0x0000, 0x0000, 0x0000, 0x0000, 0x0000, 0x0000, 0x0000,
    0x0000, 0x0000, 0x0000, 0x0000, 0x0000, 0x0000, 0x0000, 0x0000, 0x0000, 0x0000, 0x0000, 0x0000, 0x0000, 0x0000, 0x0000, 0x0000,
    0x0000, 0x0000, 0x0000, 0x0000, 0x0000, 0x0000, 0x0000, 0x0000, 0x0000, 0x0000, 0x0000, 0x0000, 0x0000, 0x0000, 0x0000, 0x0000,
    0x0000, 0x0000, 0x0000, 0x0000, 0x0000, 0x0000, 0x0000, 0x0000, 0x0000, 0x0000, 0x0000, 0x0000, 0x0000, 0x0000, 0x0000, 0x0000,
    0x0000, 0x0000, 0x0000, 0x0000, 0x0000, 0x0000, 0x0000, 0x0000, 0x0000, 0x0000, 0x0000, 0x0000, 0x0000, 0x0000, 0x0000, 0x0000,
    0x0000, 0x0000, 0x0000, 0x0000, 0x0000, 0x0000, 0x0000, 0x0000, 0x0000, 0x0000, 0x0000, 0x0000, 0x0000, 0x0000, 0x0000, 0x0000,
    0x0000, 0x0000, 0x0000, 0x0000, 0x0000, 0x0000, 0x0000, 0x0000, 0x0000, 0x0000, 0x0000, 0x0000, 0x0000, 0x0000, 0x0000, 0x0000,
    0x0000, 0x0000, 0x0000, 0x0000, 0x0000, 0x0000, 0x0000, 0x0000, 0x0000, 0x0000, 0x0000, 0x0000, 0x0000, 0x0000, 0x0000, 0x0000,
    0x0000, 0x0000, 0x0000, 0x0000, 0x0000, 0x0000, 0x0000, 0x0000, 0x0000, 0x0000, 0x0000, 0x0000, 0x0000, 0x0000, 0x0000, 0x0000,
    0x0000, 0x0000, 0x0000, 0x0000, 0x0000, 0x0000, 0x0000, 0x0000, 0x0000, 0x0000, 0x0000, 0x0000, 0x0000, 0x0000, 0x0000, 0x0000,
    0x0000, 0x0000, 0x0000, 0x0000, 0x0000, 0x0000, 0x0000, 0x0000, 0x0000, 0x0000, 0x0000, 0x0000, 0x0000, 0x0000, 0x0000, 0x0000,
    0x0000, 0x0000, 0x0000, 0x0000, 0x0000, 0x0000, 0x0000, 0x0000, 0x0000, 0x0000, 0x0000, 0x0000, 0x0000, 0x0000, 0x0000, 0x0000,
    0x0000, 0x0000, 0x0000, 0x0000, 0x0000, 0x0000, 0x0000, 0x0000, 0x0000, 0x0000, 0x0000, 0x0000, 0x0000, 0x0000, 0x0000, 0x0000,
    0x0000, 0x0000, 0x0000, 0x0000, 0x0000, 0x0000, 0x0000, 0x0000, 0x0000, 0x0000, 0x0000, 0x0000, 0x0000, 0x0000, 0x0000, 0x0000,
    0x0000, 0x0000, 0x0000, 0x0000, 0x0000, 0x0000, 0x0000, 0x0000, 0x0000, 0x0000, 0x0000, 0x0000, 0x0000, 0x0000, 0x0000, 0x0000,
    0x0000, 0x0000, 0x0000, 0x0000, 0x0000, 0x0000, 0x0000, 0x0000, 0x0000, 0x0000, 0x0000, 0x0000, 0x0000, 0x0000, 0x0000, 0x0000,
    0x0000, 0x0000, 0x0000, 0x0000, 0x0000, 0x0000, 0x0000, 0x0000, 0x0000, 0x0000, 0x0000, 0x0000, 0x0000, 0x0000, 0x0000, 0x0000,
    0x0000, 0x0000, 0x0000, 0x0000, 0x0000, 0x0000, 0x0000, 0x0000, 0x0000, 0x0000, 0x0000, 0x0000, 0x0000, 0x0000, 0x0000, 0x0000,
    0x0000, 0x0000, 0x0000, 0x0000, 0x0000, 0x0000, 0x0000, 0x0000, 0x0000, 0x0000, 0x0000, 0x0000, 0x0000, 0x0000, 0x0000, 0x0000,
    0x0000, 0x0000, 0x0000, 0x0000, 0x0000, 0x0000, 0x0000, 0x0000, 0x0000, 0x0000, 0x0000, 0x0000, 0x0000, 0x0000, 0x0000, 0x0000,
    0x0000, 0x0000, 0x0000, 0x0000, 0x0000, 0x0000, 0x0000, 0x0000, 0x0000, 0x0000, 0x0000, 0x0000, 0x0000, 0x0000, 0x0000, 0x0000,
    0x0000, 0x0000, 0x0000, 0x0000, 0x0000, 0x0000, 0x0000, 0x0000, 0x0000, 0x0000, 0x0000, 0x0000, 0x0000, 0x0000, 0x0000, 0x0000,
    0x0000, 0x0000, 0x0000, 0x0000, 0x0000, 0x0000, 0x0000, 0x0000, 0x0000, 0x0000, 0x0000, 0x0000, 0x0000, 0x0000, 0x0000, 0x0000,
    0x0000, 0x0000, 0x0000, 0x0000, 0x0000, 0x0000, 0x0000, 0x0000, 0x0000, 0x0000, 0x0000, 0x0000, 0x0000, 0x0000, 0x0000, 0x0000,
    0x0000, 0x0000, 0x0000, 0x0000, 0x0000, 0x0000, 0x0000, 0x0000, 0x0000, 0x0000, 0x0000, 0x0000, 0x0000, 0x0000, 0x0000, 0x0000,
    0x0000, 0x0000, 0x0000, 0x0000, 0x0000, 0x0000, 0x0000, 0x0000, 0x0000, 0x0000, 0x0000, 0x0000, 0x0000, 0x0000, 0x0000, 0x0000,
    0x0000, 0x0000, 0x0000, 0x0000, 0x0000, 0x0000, 0x0000, 0x0000, 0x0000, 0x0000, 0x0000, 0x0000, 0x0000, 0x0000, 0x0000, 0x0000,
    0x0000, 0x0000, 0x0000, 0x0000, 0x0000, 0x0000, 0x0000, 0x0000, 0x0000, 0x0000, 0x0000, 0x0000, 0x0000, 0x0000, 0x0000, 0x0000,
    0x0000, 0x0000, 0x0000, 0x0000, 0x0000, 0x0000, 0x0000, 0x0000, 0x0000, 0x0000, 0x0000, 0x0000, 0x0000, 0x0000, 0x0000, 0x0000,
    0x0000, 0x0000, 0x0000, 0x0000, 0x0000, 0x0000, 0x0000, 0x0000, 0x0000, 0x0000, 0x0000, 0x0000, 0x0000, 0x0000, 0x0000, 0x0000,
    0x0000, 0x0000, 0x0000, 0x0000, 0x0000, 0x0000, 0x0000, 0x0000, 0x0000, 0x0000, 0x0000, 0x0000, 0x0000, 0x0000, 0x0000, 0x0000,
    0x0000, 0x0000, 0x0000, 0x0000, 0x0000, 0x0000, 0x0000, 0x0000, 0x0000, 0x0000, 0x0000, 0x0000, 0x0000, 0x0000, 0x0000, 0x0000,
    0x0000, 0x0000, 0x0000, 0x0000, 0x0000, 0x0000, 0x0000, 0x0000, 0x0000, 0x0000, 0x0000, 0x0000, 0x0000, 0x0000, 0x0000, 0x0000,
    0x0000, 0x0000, 0x0000, 0x0000, 0x0000, 0x0000, 0x0000, 0x0000, 0x0000, 0x0000, 0x0000, 0x0000, 0x0000, 0x0000, 0x0000, 0x0000,
    0x0000, 0x0000, 0x0000, 0x0000, 0x0000, 0x0000, 0x0000, 0x0000, 0x0000, 0x0000, 0x0000, 0x0000, 0x0000, 0x0000, 0x0000, 0x0000,
    0x0000, 0x0000, 0x0000, 0x0000, 0x0000, 0x0000, 0x0000, 0x0000, 0x0000, 0x0000, 0x0000, 0x0000, 0x0000, 0x0000, 0x0000, 0x0000,
    0x0000, 0x0000, 0x0000, 0x0000, 0x0000, 0x0000, 0x0000, 0x0000, 0x0000, 0x0000, 0x0000, 0x0000, 0x0000, 0x0000, 0x0000, 0x0000,
    0x0000, 0x0000, 0x0000, 0x0000, 0x0000, 0x0000, 0x0000, 0x0000, 0x0000, 0x0000, 0x0000, 0x0000, 0x0000, 0x0000, 0x0000, 0x0000,
    0x0000, 0x0000, 0x0000, 0x0000, 0x0000, 0x0000, 0x0000, 0x0000, 0x0000, 0x0000, 0x0000, 0x0000, 0x0000, 0x0000, 0x0000, 0x0000,
    0x0000, 0x0000, 0x0000, 0x0000, 0x0000, 0x0000, 0x0000, 0x0000, 0x0000, 0x0000, 0x0000, 0x0000, 0x0000, 0x0000, 0x0000, 0x0000,
    0x0000, 0x0000, 0x0000, 0x0000, 0x0000, 0x0000, 0x0000, 0x0000, 0x0000, 0x0000, 0x0000, 0x0000, 0x0000, 0x0000, 0x0000, 0x0000,
    0x0000, 0x0000, 0x0000, 0x0000, 0x0000, 0x0000, 0x0000, 0x0000, 0x0000, 0x0000, 0x0000, 0x0000, 0x0000, 0x0000, 0x0000, 0x0000,
    0x0000, 0x0000, 0x0000, 0x0000, 0x0000, 0x0000, 0x0000, 0x0000, 0x0000, 0x0000, 0x0000, 0x0000, 0x0000, 0x0000, 0x0000, 0x0000,
    0x0000, 0x0000, 0x0000, 0x0000, 0x0000, 0x0000, 0x0000, 0x0000, 0x0000, 0x0000, 0x0000, 0x0000, 0x0000, 0x0000, 0x0000, 0x0000,
    0x0000, 0x0000, 0x0000, 0x0000, 0x0000, 0x0000, 0x0000, 0x0000, 0x0000, 0x0000, 0x0000, 0x0000, 0x0000, 0x0000, 0x0000, 0x0000,
    0x0000, 0x0000, 0x0000, 0x0000, 0x0000, 0x0000, 0x0000, 0x0000, 0x0000, 0x0000, 0x0000, 0x0000, 0x0000, 0x0000, 0x0000, 0x0000,
    0x0000, 0x0000, 0x0000, 0x0000, 0x0000, 0x0000, 0x0000, 0x0000, 0x0000, 0x0000, 0x0000, 0x0000, 0x0000, 0x0000, 0x0000, 0x0000,
    0x0000, 0x0000, 0x0000, 0x0000, 0x0000, 0x0000, 0x0000, 0x0000, 0x0000, 0x0000, 0x0000, 0x0000, 0x0000, 0x0000, 0x0000, 0x0000,
    0x0000, 0x0000, 0x0000, 0x0000, 0x0000, 0x0000, 0x0000, 0x0000, 0x0000, 0x0000, 0x0000, 0x0000, 0x0000, 0x0000, 0x0000, 0x0000,
    0x0000, 0x0000, 0x0000, 0x0000, 0x0000, 0x0000, 0x0000, 0x0000, 0x0000, 0x0000, 0x0000, 0x0000, 0x0000, 0x0000, 0x0000, 0x0000,
    0x0000, 0x0000, 0x0000, 0x0000, 0x0000, 0x0000, 0x0000, 0x0000, 0x0000, 0x0000, 0x0000, 0x0000, 0x0000, 0x0000, 0x0000, 0x0000,
    0x0000, 0x0000, 0x0000, 0x0000, 0x0000, 0x0000, 0x0000, 0x0000, 0x0000, 0x0000, 0x0000, 0x0000, 0x0000, 0x0000, 0x0000, 0x0000,
    0x0000, 0x0000, 0x0000, 0x0000, 0x0000, 0x0000, 0x0000, 0x0000, 0x0000, 0x0000, 0x0000, 0x0000, 0x0000, 0x0000, 0x0000, 0x0000,
    0x0000, 0x0000, 0x0000, 0x0000, 0x0000, 0x0000, 0x0000, 0x0000, 0x0000, 0x0000, 0x0000, 0x0000, 0x0000, 0x0000, 0x0000, 0x0000,
    0x0000, 0x0000, 0x0000, 0x0000, 0x0000, 0x0000, 0x0000, 0x0000, 0x0000, 0x0000, 0x0000, 0x0000, 0x0000, 0x0000, 0x0000, 0x0000,
    0x0000, 0x0000, 0x0000, 0x0000, 0x0000, 0x0000, 0x0000, 0x0000, 0x0000, 0x0000, 0x0000, 0x0000, 0x0000, 0x0000, 0x0000, 0x0000,
    0x0000, 0x0000, 0x0000, 0x0000, 0x0000, 0x0000, 0x0000, 0x0000, 0x0000, 0x0000, 0x0000, 0x0000, 0x0000, 0x0000, 0x0000, 0x0000,
    0x0000, 0x0000, 0x0000, 0x0000, 0x0000, 0x0000, 0x0000, 0x0000, 0x0000, 0x0000, 0x0000, 0x0000, 0x0000, 0x0000, 0x0000, 0x0000,
    0x0000, 0x0000, 0x0000, 0x0000, 0x0000, 0x0000, 0x0000, 0x0000, 0x0000, 0x0000, 0x0000, 0x0000, 0x0000, 0x0000, 0x0000, 0x0000,
    0x0000, 0x0000, 0x0000, 0x0000, 0x0000, 0x0000, 0x0000, 0x0000, 0x0000, 0x0000, 0x0000, 0x0000, 0x0000, 0x0000, 0x0000, 0x0000,
    0x0000, 0x0000, 0x0000, 0x0000, 0x0000, 0x0000, 0x0000, 0x0000, 0x0000, 0x0000, 0x0000, 0x0000, 0x0000, 0x0000, 0x0000, 0x0000,
    0x0000, 0x0000, 0x0000, 0x0000, 0x0000, 0x0000, 0x0000, 0x0000, 0x0000, 0x0000, 0x0000, 0x0000, 0x0000, 0x0000, 0x0000, 0x0000,
    0x0000, 0x0000, 0x0000, 0x0000, 0x0000, 0x0000, 0x0000, 0x0000, 0x0000, 0x0000, 0x0000, 0x0000, 0x0000, 0x0000, 0x0000, 0x0000,
    0x0000, 0x0000, 0x0000, 0x0000, 0x0000, 0x0000, 0x0000, 0x0000, 0x0000, 0x0000, 0x0000, 0x0000, 0x0000, 0x0000, 0x0000, 0x0000,
    0x0000, 0x0000, 0x0000, 0x0000, 0x0000, 0x0000, 0x0000, 0x0000, 0x0000, 0x0000, 0x0000, 0x0000, 0x0000, 0x0000, 0x0000, 0x0000,
    0x0000, 0x0000, 0x0000, 0x0000, 0x0000, 0x0000, 0x0000, 0x0000, 0x0000, 0x0000, 0x0000, 0x0000, 0x0000, 0x0000, 0x0000, 0x0000,
    0x0000, 0x0000, 0x0000, 0x0000, 0x0000, 0x0000, 0x0000, 0x0000, 0x0000, 0x0000, 0x0000, 0x0000, 0x0000, 0x0000, 0x0000, 0x0000,
    0x0000, 0x0000, 0x0000, 0x0000, 0x0000, 0x0000, 0x0000, 0x0000, 0x0000, 0x0000, 0x0000, 0x0000, 0x0000, 0x0000, 0x0000, 0x0000,
    0x0000, 0x0000, 0x0000, 0x0000, 0x0000, 0x0000, 0x0000, 0x0000, 0x0000, 0x0000, 0x0000, 0x0000, 0x0000, 0x0000, 0x0000, 0x0000,
    0x0000, 0x0000, 0x0000, 0x0000, 0x0000, 0x0000, 0x0000, 0x0000, 0x0000, 0x0000, 0x0000, 0x0000, 0x0000, 0x0000, 0x0000, 0x0000,
    0x0000, 0x0000, 0x0000, 0x0000, 0x0000, 0x0000, 0x0000, 0x0000, 0x0000, 0x0000, 0x0000, 0x0000, 0x0000, 0x0000, 0x0000, 0x0000,
    0x0000, 0x0000, 0x0000, 0x0000, 0x0000, 0x0000, 0x0000, 0x0000, 0x0000, 0x0000, 0x0000, 0x0000, 0x0000, 0x0000, 0x0000, 0x0000,
    0x0000, 0x0000, 0x0000, 0x0000, 0x0000, 0x0000, 0x0000, 0x0000, 0x0000, 0x0000, 0x0000, 0x0000, 0x0000, 0x0000, 0x0000, 0x0000,
    0x0000, 0x0000, 0x0000, 0x0000, 0x0000, 0x0000, 0x0000, 0x0000, 0x0000, 0x0000, 0x0000, 0x0000, 0x0000, 0x0000, 0x0000, 0x0000,
    0x0000, 0x0000, 0x0000, 0x0000, 0x0000, 0x0000, 0x0000, 0x0000, 0x0000, 0x0000, 0x0000, 0x0000, 0x0000, 0x0000, 0x0000, 0x0000,
    0x0000, 0x0000, 0x0000, 0x0000, 0x0000, 0x0000, 0x0000, 0x0000, 0x0000, 0x0000, 0x0000, 0x0000, 0x0000, 0x0000, 0x0000, 0x0000,
    0x0000, 0x0000, 0x0000, 0x0000, 0x0000, 0x0000, 0x0000, 0x0000, 0x0000, 0x0000, 0x0000, 0x0000, 0x0000, 0x0000, 0x0000, 0x0000,
    0x0000, 0x0000, 0x0000, 0x0000, 0x0000, 0x0000, 0x0000, 0x0000, 0x0000, 0x0000, 0x0000, 0x0000, 0x0000, 0x0000, 0x0000, 0x0000,
    0x0000, 0x0000, 0x0000, 0x0000, 0x0000, 0x0000, 0x0000, 0x0000, 0x0000, 0x0000, 0x0000, 0x0000, 0x0000, 0x0000, 0x0000, 0x0000,
    0x0000, 0x0000, 0x0000, 0x0000, 0x0000, 0x0000, 0x0000, 0x0000, 0x0000, 0x0000, 0x0000, 0x0000, 0x0000, 0x0000, 0x0000, 0x0000,
    0x0000, 0x0000, 0x0000, 0x0000, 0x0000, 0x0000, 0x0000, 0x0000, 0x0000, 0x0000, 0x0000, 0x0000, 0x0000, 0x0000, 0x0000, 0x0000,
    0x0000, 0x0000, 0x0000, 0x0000, 0x0000, 0x0000, 0x0000, 0x0000, 0x0000, 0x0000, 0x0000, 0x0000, 0x0000, 0x0000, 0x0000, 0x0000,
    0x0000, 0x0000, 0x0000, 0x0000, 0x0000, 0x0000, 0x0000, 0x0000, 0x0000, 0x0000, 0x0000, 0x0000, 0x0000, 0x0000, 0x0000, 0x0000,
    0x0000, 0x0000, 0x0000, 0x0000, 0x0000, 0x0000, 0x0000, 0x0000, 0x0000, 0x0000, 0x0000, 0x0000, 0x0000, 0x0000, 0x0000, 0x0000,
    0x0000, 0x0000, 0x0000, 0x0000, 0x0000, 0x0000, 0x0000, 0x0000, 0x0000, 0x0000, 0x0000, 0x0000, 0x0000, 0x0000, 0x0000, 0x0000,
    0x0000, 0x0000, 0x0000, 0x0000, 0x0000, 0x0000, 0x0000, 0x0000, 0x0000, 0x0000, 0x0000, 0x0000, 0x0000, 0x0000, 0x0000, 0x0000,
    0x0000, 0x0000, 0x0000, 0x0000, 0x0000, 0x0000, 0x0000, 0x0000, 0x0000, 0x0000, 0x0000, 0x0000, 0x0000, 0x0000, 0x0000, 0x0000,
    0x0000, 0x0000, 0x0000, 0x0000, 0x0000, 0x0000, 0x0000, 0x0000, 0x0000, 0x0000, 0x0000, 0x0000, 0x0000, 0x0000, 0x0000, 0x0000,
    0x0000, 0x0000, 0x0000, 0x0000, 0x0000, 0x0000, 0x0000, 0x0000, 0x0000, 0x0000, 0x0000, 0x0000, 0x0000, 0x0000, 0x0000, 0x0000,
    0x0000, 0x0000, 0x0000, 0x0000, 0x0000, 0x0000, 0x0000, 0x0000, 0x0000, 0x0000, 0x0000, 0x0000, 0x0000, 0x0000, 0x0000, 0x0000,
    0x0000, 0x0000, 0x0000, 0x0000, 0x0000, 0x0000, 0x0000, 0x0000, 0x0000, 0x0000, 0x0000, 0x0000, 0x0000, 0x0000, 0x0000, 0x0000,
    0x0000, 0x0000, 0x0000, 0x0000, 0x0000, 0x0000, 0x0000, 0x0000, 0x0000, 0x0000, 0x0000, 0x0000, 0x0000, 0x0000, 0x0000, 0x0000,
    0x0000, 0x0000, 0x0000, 0x0000, 0x0000, 0x0000, 0x0000, 0x0000, 0x0000, 0x0000, 0x0000, 0x0000, 0x0000, 0x0000, 0x0000, 0x0000,
    0x0000, 0x0000, 0x0000, 0x0000, 0x0000, 0x0000, 0x0000, 0x0000, 0x0000, 0x0000, 0x0000, 0x0000, 0x0000, 0x0000, 0x0000, 0x0000,
    0x0000, 0x0000, 0x0000, 0x0000, 0x0000, 0x0000, 0x0000, 0x0000, 0x0000, 0x0000, 0x0000, 0x0000, 0x0000, 0x0000, 0x0000, 0x0000,
    0x0000, 0x0000, 0x0000, 0x0000, 0x0000, 0x0000, 0x0000, 0x0000, 0x0000, 0x0000, 0x0000, 0x0000, 0x0000, 0x0000, 0x0000, 0x0000,
    0x0000, 0x0000, 0x0000, 0x0000, 0x0000, 0x0000, 0x0000, 0x0000, 0x0000, 0x0000, 0x0000, 0x0000, 0x0000, 0x0000, 0x0000, 0x0000,
    0x0000, 0x0000, 0x0000, 0x0000, 0x0000, 0x0000, 0x0000, 0x0000, 0x0000, 0x0000, 0x0000, 0x0000, 0x0000, 0x0000, 0x0000, 0x0000,
    0x0000, 0x0000, 0x0000, 0x0000, 0x0000, 0x0000, 0x0000, 0x0000, 0x0000, 0x0000, 0x0000, 0x0000, 0x0000, 0x0000, 0x0000, 0x0000,
    0x0000, 0x0000, 0x0000, 0x0000, 0x0000, 0x0000, 0x0000, 0x0000, 0x0000, 0x0000, 0x0000, 0x0000, 0x0000, 0x0000, 0x0000, 0x0000,
    0x0000, 0x0000, 0x0000, 0x0000, 0x0000, 0x0000, 0x0000, 0x0000, 0x0000, 0x0000, 0x0000, 0x0000, 0x0000, 0x0000, 0x0000, 0x0000,
    0x0000, 0x0000, 0x0000, 0x0000, 0x0000, 0x0000, 0x0000, 0x0000, 0x0000, 0x0000, 0x0000, 0x0000, 0x0000, 0x0000, 0x0000, 0x0000,
    0x0000, 0x0000, 0x0000, 0x0000, 0x0000, 0x0000, 0x0000, 0x0000, 0x0000, 0x0000, 0x0000, 0x0000, 0x0000, 0x0000, 0x0000, 0x0000,
    0x0000, 0x0000, 0x0000, 0x0000, 0x0000, 0x0000, 0x0000, 0x0000, 0x0000, 0x0000, 0x0000, 0x0000, 0x0000, 0x0000, 0x0000, 0x0000,
    0x0000, 0x0000, 0x0000, 0x0000, 0x0000, 0x0000, 0x0000, 0x0000, 0x0000, 0x0000, 0x0000, 0x0000, 0x0000, 0x0000, 0x0000, 0x0000,
    0x0000, 0x0000, 0x0000, 0x0000, 0x0000, 0x0000, 0x0000, 0x0000, 0x0000, 0x0000, 0x0000, 0x0000, 0x0000, 0x0000, 0x0000, 0x0000,
    0x0000, 0x0000, 0x0000, 0x0000, 0x0000, 0x0000, 0x0000, 0x0000, 0x0000, 0x0000, 0x0000, 0x0000, 0x0000, 0x0000, 0x0000, 0x0000,
    0x0000, 0x0000, 0x0000, 0x0000, 0x0000, 0x0000, 0x0000, 0x0000, 0x0000, 0x0000, 0x0000, 0x0000, 0x0000, 0x0000, 0x0000, 0x0000,
    0x0000, 0x0000, 0x0000, 0x0000, 0x0000, 0x0000, 0x0000, 0x0000, 0x0000, 0x0000, 0x0000, 0x0000, 0x0000, 0x0000, 0x0000, 0x0000,
    0x0000, 0x0000, 0x0000, 0x0000, 0x0000, 0x0000, 0x0000, 0x0000, 0x0000, 0x0000, 0x0000, 0x0000, 0x0000, 0x0000, 0x0000, 0x0000,
    0x0000, 0x0000, 0x0000, 0x0000, 0x0000, 0x0000, 0x0000, 0x0000, 0x0000, 0x0000, 0x0000, 0x0000, 0x0000, 0x0000, 0x0000, 0x0000,
    0x0000, 0x0000, 0x0000, 0x0000, 0x0000, 0x0000, 0x0000, 0x0000, 0x0000, 0x0000, 0x0000, 0x0000, 0x0000, 0x0000, 0x0000, 0x0000,
    0x0000, 0x0000, 0x0000, 0x0000, 0x0000, 0x0000, 0x0000, 0x0000, 0x0000, 0x0000, 0x0000, 0x0000, 0x0000, 0x0000, 0x0000, 0x0000,
    0x0000, 0x0000, 0x0000, 0x0000, 0x0000, 0x0000, 0x0000, 0x0000, 0x0000, 0x0000, 0x0000, 0x0000, 0x0000, 0x0000, 0x0000, 0x0000,
    0x0000, 0x0000, 0x0000, 0x0000, 0x0000, 0x0000, 0x0000, 0x0000, 0x0000, 0x0000, 0x0000, 0x0000, 0x0000, 0x0000, 0x0000, 0x0000,
    0x0000, 0x0000, 0x0000, 0x0000, 0x0000, 0x0000, 0x0000, 0x0000, 0x0000, 0x0000, 0x0000, 0x0000, 0x0000, 0x0000, 0x0000, 0x0000,
    0x0000, 0x0000, 0x0000, 0x0000, 0x0000, 0x0000, 0x0000, 0x0000, 0x0000, 0x0000, 0x0000, 0x0000, 0x0000, 0x0000, 0x0000, 0x0000,
    0x0000, 0x0000, 0x0000, 0x0000, 0x0000, 0x0000, 0x0000, 0x0000, 0x0000, 0x0000, 0x0000, 0x0000, 0x0000, 0x0000, 0x0000, 0x0000,
    0x0000, 0x0000, 0x0000, 0x0000, 0x0000, 0x0000, 0x0000, 0x0000, 0x0000, 0x0000, 0x0000, 0x0000, 0x0000, 0x0000, 0x0000, 0x0000,
    0x0000, 0x0000, 0x0000, 0x0000, 0x0000, 0x0000, 0x0000, 0x0000, 0x0000, 0x0000, 0x0000, 0x0000, 0x0000, 0x0000, 0x0000, 0x0000,
    0x0000, 0x0000, 0x0000, 0x0000, 0x0000, 0x0000, 0x0000, 0x0000, 0x0000, 0x0000, 0x0000, 0x0000, 0x0000, 0x0000, 0x0000, 0x0000,
    0x0000, 0x0000, 0x0000, 0x0000, 0x0000, 0x0000, 0x0000, 0x0000, 0x0000, 0x0000, 0x0000, 0x0000, 0x0000, 0x0000, 0x0000, 0x0000,
    0x0000, 0x0000, 0x0000, 0x0000, 0x0000, 0x0000, 0x0000, 0x0000, 0x0000, 0x0000, 0x0000, 0x0000, 0x0000, 0x0000, 0x0000, 0x0000,
    0x0000, 0x0000, 0x0000, 0x0000, 0x0000, 0x0000, 0x0000, 0x0000, 0x0000, 0x0000, 0x0000, 0x0000, 0x0000, 0x0000, 0x0000, 0x0000,
    0x0000, 0x0000, 0x0000, 0x0000, 0x0000, 0x0000, 0x0000, 0x0000, 0x0000, 0x0000, 0x0000, 0x0000, 0x0000, 0x0000, 0x0000, 0x0000,
    0x0000, 0x0000, 0x0000, 0x0000, 0x0000, 0x0000, 0x0000, 0x0000, 0x0000, 0x0000, 0x0000, 0x0000, 0x0000, 0x0000, 0x0000, 0x0000,
    0x0000, 0x0000, 0x0000, 0x0000, 0x0000, 0x0000, 0x0000, 0x0000, 0x0000, 0x0000, 0x0000, 0x0000, 0x0000, 0x0000, 0x0000, 0x0000,
    0x0000, 0x0000, 0x0000, 0x0000, 0x0000, 0x0000, 0x0000, 0x0000, 0x0000, 0x0000, 0x0000, 0x0000, 0x0000, 0x0000, 0x0000, 0x0000,
    0x0000, 0x0000, 0x0000, 0x0000, 0x0000, 0x0000, 0x0000, 0x0000, 0x0000, 0x0000, 0x0000, 0x0000, 0x0000, 0x0000, 0x0000, 0x0000,
    0x0000, 0x0000, 0x0000, 0x0000, 0x0000, 0x0000, 0x0000, 0x0000, 0x0000, 0x0000, 0x0000, 0x0000, 0x0000, 0x0000, 0x0000, 0x0000,
    0x0000, 0x0000, 0x0000, 0x0000, 0x0000, 0x0000, 0x0000, 0x0000, 0x0000, 0x0000, 0x0000, 0x0000, 0x0000, 0x0000, 0x0000, 0x0000,
    0x0000, 0x0000, 0x0000, 0x0000, 0x0000, 0x0000, 0x0000, 0x0000, 0x0000, 0x0000, 0x0000, 0x0000, 0x0000, 0x0000, 0x0000, 0x0000,
    0x0000, 0x0000, 0x0000, 0x0000, 0x0000, 0x0000, 0x0000, 0x0000, 0x0000, 0x0000, 0x0000, 0x0000, 0x0000, 0x0000, 0x0000, 0x0000,
    0x0000, 0x0000, 0x0000, 0x0000, 0x0000, 0x0000, 0x0000, 0x0000, 0x0000, 0x0000, 0x0000, 0x0000, 0x0000, 0x0000, 0x0000, 0x0000,
    0x0000, 0x0000, 0x0000, 0x0000, 0x0000, 0x0000, 0x0000, 0x0000, 0x0000, 0x0000, 0x0000, 0x0000, 0x0000, 0x0000, 0x0000, 0x0000,
    0x0000, 0x0000, 0x0000, 0x0000, 0x0000, 0x0000, 0x0000, 0x0000, 0x0000, 0x0000, 0x0000, 0x0000, 0x0000, 0x0000, 0x0000, 0x0000,
    0x0000, 0x0000, 0x0000, 0x0000, 0x0000, 0x0000, 0x0000, 0x0000, 0x0000, 0x0000, 0x0000, 0x0000, 0x0000, 0x0000, 0x0000, 0x0000,
    0x0000, 0x0000, 0x0000, 0x0000, 0x0000, 0x0000, 0x0000, 0x0000, 0x0000, 0x0000, 0x0000, 0x0000, 0x0000, 0x0000, 0x0000, 0x0000,
    0x0000, 0x0000, 0x0000, 0x0000, 0x0000, 0x0000, 0x0000, 0x0000, 0x0000, 0x0000, 0x0000, 0x0000, 0x0000, 0x0000, 0x0000, 0x0000,
    0x0000, 0x0000, 0x0000, 0x0000, 0x0000, 0x0000, 0x0000, 0x0000, 0x0000, 0x0000, 0x0000, 0x0000, 0x0000, 0x0000, 0x0000, 0x0000,
    0x0000, 0x0000, 0x0000, 0x0000, 0x0000, 0x0000, 0x0000, 0x0000, 0x0000, 0x0000, 0x0000, 0x0000, 0x0000, 0x0000, 0x0000, 0x0000,
    0x0000, 0x0000, 0x0000, 0x0000, 0x0000, 0x0000, 0x0000, 0x0000, 0x0000, 0x0000, 0x0000, 0x0000, 0x0000, 0x0000, 0x0000, 0x0000,
    0x0000, 0x0000, 0x0000, 0x0000, 0x0000, 0x0000, 0x0000, 0x0000, 0x0000, 0x0000, 0x0000, 0x0000, 0x0000, 0x0000, 0x0000, 0x0000,
    0x0000, 0x0000, 0x0000, 0x0000, 0x0000, 0x0000, 0x0000, 0x0000, 0x0000, 0x0000, 0x0000, 0x0000, 0x0000, 0x0000, 0x0000, 0x0000,
    0x0000, 0x0000, 0x0000, 0x0000, 0x0000, 0x0000, 0x0000, 0x0000, 0x0000, 0x0000, 0x0000, 0x0000, 0x0000, 0x0000, 0x0000, 0x0000,
    0x0000, 0x0000, 0x0000, 0x0000, 0x0000, 0x0000, 0x0000, 0x0000, 0x0000, 0x0000, 0x0000, 0x0000, 0x0000, 0x0000, 0x0000, 0x0000,
    0x0000, 0x0000, 0x0000, 0x0000, 0x0000, 0x0000, 0x0000, 0x0000, 0x0000, 0x0000, 0x0000, 0x0000, 0x0000, 0x0000, 0x0000, 0x0000,
    0x0000, 0x0000, 0x0000, 0x0000, 0x0000, 0x0000, 0x0000, 0x0000, 0x0000, 0x0000, 0x0000, 0x0000, 0x0000, 0x0000, 0x0000, 0x0000,
    0x0000, 0x0000, 0x0000, 0x0000, 0x0000, 0x0000, 0x0000, 0x0000, 0x0000, 0x0000, 0x0000, 0x0000, 0x0000, 0x0000, 0x0000, 0x0000,
    0x0000, 0x0000, 0x0000, 0x0000, 0x0000, 0x0000, 0x0000, 0x0000, 0x0000, 0x0000, 0x0000, 0x0000, 0x0000, 0x0000, 0x0000, 0x0000,
    0x0000, 0x0000, 0x0000, 0x0000, 0x0000, 0x0000, 0x0000, 0x0000, 0x0000, 0x0000, 0x0000, 0x0000, 0x0000, 0x0000, 0x0000, 0x0000,
    0x0000, 0x0000, 0x0000, 0x0000, 0x0000, 0x0000, 0x0000, 0x0000, 0x0000, 0x0000, 0x0000, 0x0000, 0x0000, 0x0000, 0x0000, 0x0000,
    0x0000, 0x0000, 0x0000, 0x0000, 0x0000, 0x0000, 0x0000, 0x0000, 0x0000, 0x0000, 0x0000, 0x0000, 0x0000, 0x0000, 0x0000, 0x0000,
    0x0000, 0x0000, 0x0000, 0x0000, 0x0000, 0x0000, 0x0000, 0x0000, 0x0000, 0x0000, 0x0000, 0x0000, 0x0000, 0x0000, 0x0000, 0x0000,
    0x0000, 0x0000, 0x0000, 0x0000, 0x0000, 0x0000, 0x0000, 0x0000, 0x0000, 0x0000, 0x0000, 0x0000, 0x0000, 0x0000, 0x0000, 0x0000,
    0x0000, 0x0000, 0x0000, 0x0000, 0x0000, 0x0000, 0x0000, 0x0000, 0x0000, 0x0000, 0x0000, 0x0000, 0x0000, 0x0000, 0x0000, 0x0000,
    0x0000, 0x0000, 0x0000, 0x0000, 0x0000, 0x0000, 0x0000, 0x0000, 0x0000, 0x0000, 0x0000, 0x0000, 0x0000, 0x0000, 0x0000, 0x0000,
    0x0000, 0x0000, 0x0000, 0x0000, 0x0000, 0x0000, 0x0000, 0x0000, 0x0000, 0x0000, 0x0000, 0x0000, 0x0000, 0x0000, 0x0000, 0x0000,
    0x0000, 0x0000, 0x0000, 0x0000, 0x0000, 0x0000, 0x0000, 0x0000, 0x0000, 0x0000, 0x0000, 0x0000, 0x0000, 0x0000, 0x0000, 0x0000,
    0x0000, 0x0000, 0x0000, 0x0000, 0x0000, 0x0000, 0x0000, 0x0000, 0x0000, 0x0000, 0x0000, 0x0000, 0x0000, 0x0000, 0x0000, 0x0000,
    0x0000, 0x0000, 0x0000, 0x0000, 0x0000, 0x0000, 0x0000, 0x0000, 0x0000, 0x0000, 0x0000, 0x0000, 0x0000, 0x0000, 0x0000, 0x0000,
    0x0000, 0x0000, 0x0000, 0x0000, 0x0000, 0x0000, 0x0000, 0x0000, 0x0000, 0x0000, 0x0000, 0x0000, 0x0000, 0x0000, 0x0000, 0x0000,
    0x0000, 0x0000, 0x0000, 0x0000, 0x0000, 0x0000, 0x0000, 0x0000, 0x0000, 0x0000, 0x0000, 0x0000, 0x0000, 0x0000, 0x0000, 0x0000,
    0x0000, 0x0000, 0x0000, 0x0000, 0x0000, 0x0000, 0x0000, 0x0000, 0x0000, 0x0000, 0x0000, 0x0000, 0x0000, 0x0000, 0x0000, 0x0000,
    0x0000, 0x0000, 0x0000, 0x0000, 0x0000, 0x0000, 0x0000, 0x0000, 0x0000, 0x0000, 0x0000, 0x0000, 0x0000, 0x0000, 0x0000, 0x0000,
    0x0000, 0x0000, 0x0000, 0x0000, 0x0000, 0x0000, 0x0000, 0x0000, 0x0000, 0x0000, 0x0000, 0x0000, 0x0000, 0x0000, 0x0000, 0x0000,
    0x0000, 0x0000, 0x0000, 0x0000, 0x0000, 0x0000, 0x0000, 0x0000, 0x0000, 0x0000, 0x0000, 0x0000, 0x0000, 0x0000, 0x0000, 0x0000,
    0x0000, 0x0000, 0x0000, 0x0000, 0x0000, 0x0000, 0x0000, 0x0000, 0x0000, 0x0000, 0x0000, 0x0000, 0x0000, 0x0000, 0x0000, 0x0000,
    0x0000, 0x0000, 0x0000, 0x0000, 0x0000, 0x0000, 0x0000, 0x0000, 0x0000, 0x0000, 0x0000, 0x0000, 0x0000, 0x0000, 0x0000, 0x0000,
    0x0000, 0x0000, 0x0000, 0x0000, 0x0000, 0x0000, 0x0000, 0x0000, 0x0000, 0x0000, 0x0000, 0x0000, 0x0000, 0x0000, 0x0000, 0x0000,
    0x0000, 0x0000, 0x0000, 0x0000, 0x0000, 0x0000, 0x0000, 0x0000, 0x0000, 0x0000, 0x0000, 0x0000, 0x0000, 0x0000, 0x0000, 0x0000,
    0x0000, 0x0000, 0x0000, 0x0000, 0x0000, 0x0000, 0x0000, 0x0000, 0x0000, 0x0000, 0x0000, 0x0000, 0x0000, 0x0000, 0x0000, 0x0000,
    0x0000, 0x0000, 0x0000, 0x0000, 0x0000, 0x0000, 0x0000, 0x0000, 0x0000, 0x0000, 0x0000, 0x0000, 0x0000, 0x0000, 0x0000, 0x0000,
    0x0000, 0x0000, 0x0000, 0x0000, 0x0000, 0x0000, 0x0000, 0x0000, 0x0000, 0x0000, 0x0000, 0x0000, 0x0000, 0x0000, 0x0000, 0x0000,
    0x0000, 0x0000, 0x0000, 0x0000, 0x0000, 0x0000, 0x0000, 0x0000, 0x0000, 0x0000, 0x0000, 0x0000, 0x0000, 0x0000, 0x0000, 0x0000,
    0x0000, 0x0000, 0x0000, 0x0000, 0x0000, 0x0000, 0x0000, 0x0000, 0x0000, 0x0000, 0x0000, 0x0000, 0x0000, 0x0000, 0x0000, 0x0000,
    0x0000, 0x0000, 0x0000, 0x0000, 0x0000, 0x0000, 0x0000, 0x0000, 0x0000, 0x0000, 0x0000, 0x0000, 0x0000, 0x0000, 0x0000, 0x0000,
    0x0000, 0x0000, 0x0000, 0x0000, 0x0000, 0x0000, 0x0000, 0x0000, 0x0000, 0x0000, 0x0000, 0x0000, 0x0000, 0x0000, 0x0000, 0x0000,
    0x0000, 0x0000, 0x0000, 0x0000, 0x0000, 0x0000, 0x0000, 0x0000, 0x0000, 0x0000, 0x0000, 0x0000, 0x0000, 0x0000, 0x0000, 0x0000,
    0x0000, 0x0000, 0x0000, 0x0000, 0x0000, 0x0000, 0x0000, 0x0000, 0x0000, 0x0000, 0x0000, 0x0000, 0x0000, 0x0000, 0x0000, 0x0000,
    0x0000, 0x0000, 0x0000, 0x0000, 0x0000, 0x0000, 0x0000, 0x0000, 0x0000, 0x0000, 0x0000, 0x0000, 0x0000, 0x0000, 0x0000, 0x0000,
    0x0000, 0x0000, 0x0000, 0x0000, 0x0000, 0x0000, 0x0000, 0x0000, 0x0000, 0x0000, 0x0000, 0x0000, 0x0000, 0x0000, 0x0000, 0x0000,
    0x0000, 0x0000, 0x0000, 0x0000, 0x0000, 0x0000, 0x0000, 0x0000, 0x0000, 0x0000, 0x0000, 0x0000, 0x0000, 0x0000, 0x0000, 0x0000,
    0x0000, 0x0000, 0x0000, 0x0000, 0x0000, 0x0000, 0x0000, 0x0000, 0x0000, 0x0000, 0x0000, 0x0000, 0x0000, 0x0000, 0x0000, 0x0000,
    0x0000, 0x0000, 0x0000, 0x0000, 0x0000, 0x0000, 0x0000, 0x0000, 0x0000, 0x0000, 0x0000, 0x0000, 0x0000, 0x0000, 0x0000, 0x0000,
    0x0000, 0x0000, 0x0000, 0x0000, 0x0000, 0x0000, 0x0000, 0x0000, 0x0000, 0x0000, 0x0000, 0x0000, 0x0000, 0x0000, 0x0000, 0x0000,
    0x0000, 0x0000, 0x0000, 0x0000, 0x0000, 0x0000, 0x0000, 0x0000, 0x0000, 0x0000, 0x0000, 0x0000, 0x0000, 0x0000, 0x0000, 0x0000,
    0x0000, 0x0000, 0x0000, 0x0000, 0x0000, 0x0000, 0x0000, 0x0000, 0x0000, 0x0000, 0x0000, 0x0000, 0x0000, 0x0000, 0x0000, 0x0000,
    0x0000, 0x0000, 0x0000, 0x0000, 0x0000, 0x0000, 0x0000, 0x0000, 0x0000, 0x0000, 0x0000, 0x0000, 0x0000, 0x0000, 0x0000, 0x0000,
    0x0000, 0x0000, 0x0000, 0x0000, 0x0000, 0x0000, 0x0000, 0x0000, 0x0000, 0x0000, 0x0000, 0x0000, 0x0000, 0x0000, 0x0000, 0x0000,
    0x0000, 0x0000, 0x0000, 0x0000, 0x0000, 0x0000, 0x0000, 0x0000, 0x0000, 0x0000, 0x0000, 0x0000, 0x0000, 0x0000, 0x0000, 0x0000,
    0x0000, 0x0000, 0x0000, 0x0000, 0x0000, 0x0000, 0x0000, 0x0000, 0x0000, 0x0000, 0x0000, 0x0000, 0x0000, 0x0000, 0x0000, 0x0000,
    0x0000, 0x0000, 0x0000, 0x0000, 0x0000, 0x0000, 0x0000, 0x0000, 0x0000, 0x0000, 0x0000, 0x0000, 0x0000, 0x0000, 0x0000, 0x0000,
    0x0000, 0x0000, 0x0000, 0x0000, 0x0000, 0x0000, 0x0000, 0x0000, 0x0000, 0x0000, 0x0000, 0x0000, 0x0000, 0x0000, 0x0000, 0x0000,
    0x0000, 0x0000, 0x0000, 0x0000, 0x0000, 0x0000, 0x0000, 0x0000, 0x0000, 0x0000, 0x0000, 0x0000, 0x0000, 0x0000, 0x0000, 0x0000,
    0x0000, 0x0000, 0x0000, 0x0000, 0x0000, 0x0000, 0x0000, 0x0000, 0x0000, 0x0000, 0x0000, 0x0000, 0x0000, 0x0000, 0x0000, 0x0000,
    0x0000, 0x0000, 0x0000, 0x0000, 0x0000, 0x0000, 0x0000, 0x0000, 0x0000, 0x0000, 0x0000, 0x0000, 0x0000, 0x0000, 0x0000, 0x0000,
    0x0000, 0x0000, 0x0000, 0x0000, 0x0000, 0x0000, 0x0000, 0x0000, 0x0000, 0x0000, 0x0000, 0x0000, 0x0000, 0x0000, 0x0000, 0x0000,
    0x0000, 0x0000, 0x0000, 0x0000, 0x0000, 0x0000, 0x0000, 0x0000, 0x0000, 0x0000, 0x0000, 0x0000, 0x0000, 0x0000, 0x0000, 0x0000,
    0x0000, 0x0000, 0x0000, 0x0000, 0x0000, 0x0000, 0x0000, 0x0000, 0x0000, 0x0000, 0x0000, 0x0000, 0x0000, 0x0000, 0x0000, 0x0000,
    0x0000, 0x0000, 0x0000, 0x0000, 0x0000, 0x0000, 0x0000, 0x0000, 0x0000, 0x0000, 0x0000, 0x0000, 0x0000, 0x0000, 0x0000, 0x0000,
    0x0000, 0x0000, 0x0000, 0x0000, 0x0000, 0x0000, 0x0000, 0x0000, 0x0000, 0x0000, 0x0000, 0x0000, 0x0000, 0x0000, 0x0000, 0x0000,
    0x0000, 0x0000, 0x0000, 0x0000, 0x0000, 0x0000, 0x0000, 0x0000, 0x0000, 0x0000, 0x0000, 0x0000, 0x0000, 0x0000, 0x0000, 0x0000,
    0x0000, 0x0000, 0x0000, 0x0000, 0x0000, 0x0000, 0x0000, 0x0000, 0x0000, 0x0000, 0x0000, 0x0000, 0x0000, 0x0000, 0x0000, 0x0000,
    0x0000, 0x0000, 0x0000, 0x0000, 0x0000, 0x0000, 0x0000, 0x0000, 0x0000, 0x0000, 0x0000, 0x0000, 0x0000, 0x0000, 0x0000, 0x0000,
    0x0000, 0x0000, 0x0000, 0x0000, 0x0000, 0x0000, 0x0000, 0x0000, 0x0000, 0x0000, 0x0000, 0x0000, 0x0000, 0x0000, 0x0000, 0x0000,
    0x0000, 0x0000, 0x0000, 0x0000, 0x0000, 0x0000, 0x0000, 0x0000, 0x0000, 0x0000, 0x0000, 0x0000, 0x0000, 0x0000, 0x0000, 0x0000,
    0x0000, 0x0000, 0x0000, 0x0000, 0x0000, 0x0000, 0x0000, 0x0000, 0x0000, 0x0000, 0x0000, 0x0000, 0x0000, 0x0000, 0x0000, 0x0000,
    0x0000, 0x0000, 0x0000, 0x0000, 0x0000, 0x0000, 0x0000, 0x0000, 0x0000, 0x0000, 0x0000, 0x0000, 0x0000, 0x0000, 0x0000, 0x0000,
    0x0000, 0x0000, 0x0000, 0x0000, 0x0000, 0x0000, 0x0000, 0x0000, 0x0000, 0x0000, 0x0000, 0x0000, 0x0000, 0x0000, 0x0000, 0x0000,
    0x0000, 0x0000, 0x0000, 0x0000, 0x0000, 0x0000, 0x0000, 0x0000, 0x0000, 0x0000, 0x0000, 0x0000, 0x0000, 0x0000, 0x0000, 0x0000,
    0x0000, 0x0000, 0x0000, 0x0000, 0x0000, 0x0000, 0x0000, 0x0000, 0x0000, 0x0000, 0x0000, 0x0000, 0x0000, 0x0000, 0x0000, 0x0000,
    0x0000, 0x0000, 0x0000, 0x0000, 0x0000, 0x0000, 0x0000, 0x0000, 0x0000, 0x0000, 0x0000, 0x0000, 0x0000, 0x0000, 0x0000, 0x0000,
    0x0000, 0x0000, 0x0000, 0x0000, 0x0000, 0x0000, 0x0000, 0x0000, 0x0000, 0x0000, 0x0000, 0x0000, 0x0000, 0x0000, 0x0000, 0x0000,
    0x0000, 0x0000, 0x0000, 0x0000, 0x0000, 0x0000, 0x0000, 0x0000, 0x0000, 0x0000, 0x0000, 0x0000, 0x0000, 0x0000, 0x0000, 0x0000,
    0x0000, 0x0000, 0x0000, 0x0000, 0x0000, 0x0000, 0x0000, 0x0000, 0x0000, 0x0000, 0x0000, 0x0000, 0x0000, 0x0000, 0x0000, 0x0000,
    0x0000, 0x0000, 0x0000, 0x0000, 0x0000, 0x0000, 0x0000, 0x0000, 0x0000, 0x0000, 0x0000, 0x0000, 0x0000, 0x0000, 0x0000, 0x0000,
    0x0000, 0x0000, 0x0000, 0x0000, 0x0000, 0x0000, 0x0000, 0x0000, 0x0000, 0x0000, 0x0000, 0x0000, 0x0000, 0x0000, 0x0000, 0x0000,
    0x0000, 0x0000, 0x0000, 0x0000, 0x0000, 0x0000, 0x0000, 0x0000, 0x0000, 0x0000, 0x0000, 0x0000, 0x0000, 0x0000, 0x0000, 0x0000,
    0x0000, 0x0000, 0x0000, 0x0000, 0x0000, 0x0000, 0x0000, 0x0000, 0x0000, 0x0000, 0x0000, 0x0000, 0x0000, 0x0000, 0x0000, 0x0000,
    0x0000, 0x0000, 0x0000, 0x0000, 0x0000, 0x0000, 0x0000, 0x0000, 0x0000, 0x0000, 0x0000, 0x0000, 0x0000, 0x0000, 0x0000, 0x0000,
    0x0000, 0x0000, 0x0000, 0x0000, 0x0000, 0x0000, 0x0000, 0x0000, 0x0000, 0x0000, 0x0000, 0x0000, 0x0000, 0x0000, 0x0000, 0x0000,
    0x0000, 0x0000, 0x0000, 0x0000, 0x0000, 0x0000, 0x0000, 0x0000, 0x0000, 0x0000, 0x0000, 0x0000, 0x0000, 0x0000, 0x0000, 0x0000,
    0x0000, 0x0000, 0x0000, 0x0000, 0x0000, 0x0000, 0x0000, 0x0000, 0x0000, 0x0000, 0x0000, 0x0000, 0x0000, 0x0000, 0x0000, 0x0000,
    0x0000, 0x0000, 0x0000, 0x0000, 0x0000, 0x0000, 0x0000, 0x0000, 0x0000, 0x0000, 0x0000, 0x0000, 0x0000, 0x0000, 0x0000, 0x0000,
    0x0000, 0x0000, 0x0000, 0x0000, 0x0000, 0x0000, 0x0000, 0x0000, 0x0000, 0x0000, 0x0000, 0x0000, 0x0000, 0x0000, 0x0000, 0x0000,
    0x0000, 0x0000, 0x0000, 0x0000, 0x0000, 0x0000, 0x0000, 0x0000, 0x0000, 0x0000, 0x0000, 0x0000, 0x0000, 0x0000, 0x0000, 0x0000,
    0x0000, 0x0000, 0x0000, 0x0000, 0x0000, 0x0000, 0x0000, 0x0000, 0x0000, 0x0000, 0x0000, 0x0000, 0x0000, 0x0000, 0x0000, 0x0000,
    0x0000, 0x0000, 0x0000, 0x0000, 0x0000, 0x0000, 0x0000, 0x0000, 0x0000, 0x0000, 0x0000, 0x0000, 0x0000, 0x0000, 0x0000, 0x0000,
    0x0000, 0x0000, 0x0000, 0x0000, 0x0000, 0x0000, 0x0000, 0x0000, 0x0000, 0x0000, 0x0000, 0x0000, 0x0000, 0x0000, 0x0000, 0x0000,
    0x0000, 0x0000, 0x0000, 0x0000, 0x0000, 0x0000, 0x0000, 0x0000, 0x0000, 0x0000, 0x0000, 0x0000, 0x0000, 0x0000, 0x0000, 0x0000,
    0x0000, 0x0000, 0x0000, 0x0000, 0x0000, 0x0000, 0x0000, 0x0000, 0x0000, 0x0000, 0x0000, 0x0000, 0x0000, 0x0000, 0x0000, 0x0000,
    0x0000, 0x0000, 0x0000, 0x0000, 0x0000, 0x0000, 0x0000, 0x0000, 0x0000, 0x0000, 0x0000, 0x0000, 0x0000, 0x0000, 0x0000, 0x0000,
    0x0000, 0x0000, 0x0000, 0x0000, 0x0000, 0x0000, 0x0000, 0x0000, 0x0000, 0x0000, 0x0000, 0x0000, 0x0000, 0x0000, 0x0000, 0x0000,
    0x0000, 0x0000, 0x0000, 0x0000, 0x0000, 0x0000, 0x0000, 0x0000, 0x0000, 0x0000, 0x0000, 0x0000, 0x0000, 0x0000, 0x0000, 0x0000,
    0x0000, 0x0000, 0x0000, 0x0000, 0x0000, 0x0000, 0x0000, 0x0000, 0x0000, 0x0000, 0x0000, 0x0000, 0x0000, 0x0000, 0x0000, 0x0000,
    0x0000, 0x0000, 0x0000, 0x0000, 0x0000, 0x0000, 0x0000, 0x0000, 0x0000, 0x0000, 0x0000, 0x0000, 0x0000, 0x0000, 0x0000, 0x0000,
    0x0000, 0x0000, 0x0000, 0x0000, 0x0000, 0x0000, 0x0000, 0x0000, 0x0000, 0x0000, 0x0000, 0x0000, 0x0000, 0x0000, 0x0000, 0x0000,
    0x0000, 0x0000, 0x0000, 0x0000, 0x0000, 0x0000, 0x0000, 0x0000, 0x0000, 0x0000, 0x0000, 0x0000, 0x0000, 0x0000, 0x0000, 0x0000,
    0x0000, 0x0000, 0x0000, 0x0000, 0x0000, 0x0000, 0x0000, 0x0000, 0x0000, 0x0000, 0x0000, 0x0000, 0x0000, 0x0000, 0x0000, 0x0000,
    0x0000, 0x0000, 0x0000, 0x0000, 0x0000, 0x0000, 0x0000, 0x0000, 0x0000, 0x0000, 0x0000, 0x0000, 0x0000, 0x0000, 0x0000, 0x0000,
    0x0000, 0x0000, 0x0000, 0x0000, 0x0000, 0x0000, 0x0000, 0x0000, 0x0000, 0x0000, 0x0000, 0x0000, 0x0000, 0x0000, 0x0000, 0x0000,
    0x0000, 0x0000, 0x0000, 0x0000, 0x0000, 0x0000, 0x0000, 0x0000, 0x0000, 0x0000, 0x0000, 0x0000, 0x0000, 0x0000, 0x0000, 0x0000,
    0x0000, 0x0000, 0x0000, 0x0000, 0x0000, 0x0000, 0x0000, 0x0000, 0x0000, 0x0000, 0x0000, 0x0000, 0x0000, 0x0000, 0x0000, 0x0000,
    0x0000, 0x0000, 0x0000, 0x0000, 0x0000, 0x0000, 0x0000, 0x0000, 0x0000, 0x0000, 0x0000, 0x0000, 0x0000, 0x0000, 0x0000, 0x0000,
    0x0000, 0x0000, 0x0000, 0x0000, 0x0000, 0x0000, 0x0000, 0x0000, 0x0000, 0x0000, 0x0000, 0x0000, 0x0000, 0x0000, 0x0000, 0x0000,
    0x0000, 0x0000, 0x0000, 0x0000, 0x0000, 0x0000, 0x0000, 0x0000, 0x0000, 0x0000, 0x0000, 0x0000, 0x0000, 0x0000, 0x0000, 0x0000,
    0x0000, 0x0000, 0x0000, 0x0000, 0x0000, 0x0000, 0x0000, 0x0000, 0x0000, 0x0000, 0x0000, 0x0000, 0x0000, 0x0000, 0x0000, 0x0000,
    0x0000, 0x0000, 0x0000, 0x0000, 0x0000, 0x0000, 0x0000, 0x0000, 0x0000, 0x0000, 0x0000, 0x0000, 0x0000, 0x0000, 0x0000, 0x0000,
    0x0000, 0x0000, 0x0000, 0x0000, 0x0000, 0x0000, 0x0000, 0x0000, 0x0000, 0x0000, 0x0000, 0x0000, 0x0000, 0x0000, 0x0000, 0x0000,
    0x0000, 0x0000, 0x0000, 0x0000, 0x0000, 0x0000, 0x0000, 0x0000, 0x0000, 0x0000, 0x0000, 0x0000, 0x0000, 0x0000, 0x0000, 0x0000,
    0x0000, 0x0000, 0x0000, 0x0000, 0x0000, 0x0000, 0x0000, 0x0000, 0x0000, 0x0000, 0x0000, 0x0000, 0x0000, 0x0000, 0x0000, 0x0000,
    0x0000, 0x0000, 0x0000, 0x0000, 0x0000, 0x0000, 0x0000, 0x0000, 0x0000, 0x0000, 0x0000, 0x0000, 0x0000, 0x0000, 0x0000, 0x0000,
    0x0000, 0x0000, 0x0000, 0x0000, 0x0000, 0x0000, 0x0000, 0x0000, 0x0000, 0x0000, 0x0000, 0x0000, 0x0000, 0x0000, 0x0000, 0x0000,
    0x0000, 0x0000, 0x0000, 0x0000, 0x0000, 0x0000, 0x0000, 0x0000, 0x0000, 0x0000, 0x0000, 0x0000, 0x0000, 0x0000, 0x0000, 0x0000,
    0x0000, 0x0000, 0x0000, 0x0000, 0x0000, 0x0000, 0x0000, 0x0000, 0x0000, 0x0000, 0x0000, 0x0000, 0x0000, 0x0000, 0x0000, 0x0000,
    0x0000, 0x0000, 0x0000, 0x0000, 0x0000, 0x0000, 0x0000, 0x0000, 0x0000, 0x0000, 0x0000, 0x0000, 0x0000, 0x0000, 0x0000, 0x0000,
    0x0000, 0x0000, 0x0000, 0x0000, 0x0000, 0x0000, 0x0000, 0x0000, 0x0000, 0x0000, 0x0000, 0x0000, 0x0000, 0x0000, 0x0000, 0x0000,
    0x0000, 0x0000, 0x0000, 0x0000, 0x0000, 0x0000, 0x0000, 0x0000, 0x0000, 0x0000, 0x0000, 0x0000, 0x0000, 0x0000, 0x0000, 0x0000,
    0x0000, 0x0000, 0x0000, 0x0000, 0x0000, 0x0000, 0x0000, 0x0000, 0x0000, 0x0000, 0x0000, 0x0000, 0x0000, 0x0000, 0x0000, 0x0000,
    0x0000, 0x0000, 0x0000, 0x0000, 0x0000, 0x0000, 0x0000, 0x0000, 0x0000, 0x0000, 0x0000, 0x0000, 0x0000, 0x0000, 0x0000, 0x0000,
    0x0000, 0x0000, 0x0000, 0x0000, 0x0000, 0x0000, 0x0000, 0x0000, 0x0000, 0x0000, 0x0000, 0x0000, 0x0000, 0x0000, 0x0000, 0x0000,
    0x0000, 0x0000, 0x0000, 0x0000, 0x0000, 0x0000, 0x0000, 0x0000, 0x0000, 0x0000, 0x0000, 0x0000, 0x0000, 0x0000, 0x0000, 0x0000,
    0x0000, 0x0000, 0x0000, 0x0000, 0x0000, 0x0000, 0x0000, 0x0000, 0x0000, 0x0000, 0x0000, 0x0000, 0x0000, 0x0000, 0x0000, 0x0000,
    0x0000, 0x0000, 0x0000, 0x0000, 0x0000, 0x0000, 0x0000, 0x0000, 0x0000, 0x0000, 0x0000, 0x0000, 0x0000, 0x0000, 0x0000, 0x0000,
    0x0000, 0x0000, 0x0000, 0x0000, 0x0000, 0x0000, 0x0000, 0x0000, 0x0000, 0x0000, 0x0000, 0x0000, 0x0000, 0x0000, 0x0000, 0x0000,
    0x0000, 0x0000, 0x0000, 0x0000, 0x0000, 0x0000, 0x0000, 0x0000, 0x0000, 0x0000, 0x0000, 0x0000, 0x0000, 0x0000, 0x0000, 0x0000,
    0x0000, 0x0000, 0x0000, 0x0000, 0x0000, 0x0000, 0x0000, 0x0000, 0x0000, 0x0000, 0x0000, 0x0000, 0x0000, 0x0000, 0x0000, 0x0000,
    0x0000, 0x0000, 0x0000, 0x0000, 0x0000, 0x0000, 0x0000, 0x0000, 0x0000, 0x0000, 0x0000, 0x0000, 0x0000, 0x0000, 0x0000, 0x0000,
    0x0000, 0x0000, 0x0000, 0x0000, 0x0000, 0x0000, 0x0000, 0x0000, 0x0000, 0x0000, 0x0000, 0x0000, 0x0000, 0x0000, 0x0000, 0x0000,
    0x0000, 0x0000, 0x0000, 0x0000, 0x0000, 0x0000, 0x0000, 0x0000, 0x0000, 0x0000, 0x0000, 0x0000, 0x0000, 0x0000, 0x0000, 0x0000,
    0x0000, 0x0000, 0x0000, 0x0000, 0x0000, 0x0000, 0x0000, 0x0000, 0x0000, 0x0000, 0x0000, 0x0000, 0x0000, 0x0000, 0x0000, 0x0000,
    0x0000, 0x0000, 0x0000, 0x0000, 0x0000, 0x0000, 0x0000, 0x0000, 0x0000, 0x0000, 0x0000, 0x0000, 0x0000, 0x0000, 0x0000, 0x0000,
    0x0000, 0x0000, 0x0000, 0x0000, 0x0000, 0x0000, 0x0000, 0x0000, 0x0000, 0x0000, 0x0000, 0x0000, 0x0000, 0x0000, 0x0000, 0x0000,
    0x0000, 0x0000, 0x0000, 0x0000, 0x0000, 0x0000, 0x0000, 0x0000, 0x0000, 0x0000, 0x0000, 0x0000, 0x0000, 0x0000, 0x0000, 0x0000,
    0x0000, 0x0000, 0x0000, 0x0000, 0x0000, 0x0000, 0x0000, 0x0000, 0x0000, 0x0000, 0x0000, 0x0000, 0x0000, 0x0000, 0x0000, 0x0000,
    0x0000, 0x0000, 0x0000, 0x0000, 0x0000, 0x0000, 0x0000, 0x0000, 0x0000, 0x0000, 0x0000, 0x0000, 0x0000, 0x0000, 0x0000, 0x0000,
    0x0000, 0x0000, 0x0000, 0x0000, 0x0000, 0x0000, 0x0000, 0x0000, 0x0000, 0x0000, 0x0000, 0x0000, 0x0000, 0x0000, 0x0000, 0x0000,
    0x0000, 0x0000, 0x0000, 0x0000, 0x0000, 0x0000, 0x0000, 0x0000, 0x0000, 0x0000, 0x0000, 0x0000, 0x0000, 0x0000, 0x0000, 0x0000,
    0x0000, 0x0000, 0x0000, 0x0000, 0x0000, 0x0000, 0x0000, 0x0000, 0x0000, 0x0000, 0x0020, 0x0000, 0x0000, 0x0000, 0x0000, 0x0000,
    0x0000, 0x0000, 0x0000, 0x0000, 0x0000, 0x0000, 0x0000, 0x0000, 0x0000, 0x0000, 0x0000, 0x0000, 0x0000, 0x0000, 0x0000, 0x0000,
    0x0000, 0x0000, 0x0000, 0x0000, 0x0000, 0x0000, 0x0000, 0x0000, 0x0000, 0x0000, 0x0000, 0x0000, 0x0000, 0x0000, 0x0000, 0x0000,
    0x0000, 0x0000, 0x0000, 0x0000, 0x0000, 0x0000, 0x0000, 0x0000, 0x0000, 0x0000, 0x0000, 0x0000, 0x0000, 0x0000, 0x0000, 0x0000,
    0x0000, 0x0000, 0x0000, 0x0000, 0x0000, 0x0000, 0x0000, 0x0000, 0x0000, 0x0000, 0x0000, 0x0000, 0x0000, 0x0000, 0x0000, 0x0000,
    0x0000, 0x0000, 0x0000, 0x0000, 0x0000, 0x0000, 0x0000, 0x0000, 0x0000, 0x0000, 0x0000, 0x0000, 0x0000, 0x0000, 0x0000, 0x0000,
    0x0000, 0x0000, 0x0000, 0x0000, 0x0000, 0x0000, 0x0000, 0x0000, 0x0000, 0x0000, 0x0000, 0x0000, 0x0000, 0x0000, 0x0000, 0x0000,
    0x0000, 0x0000, 0x0000, 0x0000, 0x0000, 0x0000, 0x0000, 0x0000, 0x0000, 0x0000, 0x0000, 0x0000, 0x0000, 0x0000, 0x0000, 0x0000,
    0x0000, 0x0000, 0x0000, 0x0000, 0x0000, 0x0000, 0x0000, 0x0000, 0x0000, 0x0000, 0x0000, 0x0000, 0x0000, 0x0000, 0x0000, 0x0000,
    0x0000, 0x0000, 0x0000, 0x0000, 0x0000, 0x0000, 0x0000, 0x0000, 0x0000, 0x0000, 0x0000, 0x0000, 0x0000, 0x0000, 0x0000, 0x0000,
    0x0000, 0x0000, 0x0000, 0x0000, 0x0000, 0x0000, 0x0000, 0x0000, 0x0000, 0x0000, 0x0000, 0x0000, 0x0000, 0x0000, 0x0000, 0x0000,
    0x0000, 0x0000, 0x0000, 0x0000, 0x0000, 0x0000, 0x0000, 0x0000, 0x0000, 0x0000, 0x0000, 0x0000, 0x0000, 0x0000, 0x0000, 0x0000,
    0x0000, 0x0000, 0x0000, 0x0000, 0x0000, 0x0000, 0x0000, 0x0000, 0x0000, 0x0000, 0x0000, 0x0000, 0x0000, 0x0000, 0x0000, 0x0000,
    0x0000, 0x0000, 0x0000, 0x0000, 0x0000, 0x0000, 0x0000, 0x0000, 0x0000, 0x0000, 0x0000, 0x0000, 0x0000, 0x0000, 0x0000, 0x0000,
    0x0000, 0x0000, 0x0000, 0x0000, 0x0000, 0x0000, 0x0000, 0x0000, 0x0000, 0x0000, 0x0000, 0x0000, 0x0000, 0x0000, 0x0000, 0x0000,
    0x0000, 0x0000, 0x0000, 0x0000, 0x0000, 0x0000, 0x0000, 0x0000, 0x0000, 0x0000, 0x0000, 0x0000, 0x0000, 0x0000, 0x0000, 0x0000,
    0x0000, 0x0000, 0x0000, 0x0000, 0x0000, 0x0000, 0x0000, 0x0000, 0x0000, 0x0000, 0x0000, 0x0000, 0x0000, 0x0000, 0x0000, 0x0000,
    0x0000, 0x0000, 0x0000, 0x0000, 0x0000, 0x0000, 0x0000, 0x0000, 0x0000, 0x0000, 0x0000, 0x0000, 0x0000, 0x0000, 0x0000, 0x0000,
    0x0000, 0x0000, 0x0000, 0x0000, 0x0000, 0x0000, 0x0000, 0x0000, 0x0000, 0x0000, 0x0000, 0x0000, 0x0000, 0x0000, 0x0000, 0x0000,
    0x0000, 0x0000, 0x0000, 0x0000, 0x0000, 0x0000, 0x0000, 0x0000, 0x0000, 0x0000, 0x0000, 0x0000, 0x0020, 0x0020, 0x0000, 0x0000,
    0x0000, 0x0000, 0x0000, 0x0000, 0x0000, 0x0000, 0x0000, 0x0000, 0x0000, 0x0000, 0x0000, 0x0000, 0x0000, 0x0000, 0x0000, 0x0000,
    0x0000, 0x0000, 0x0000, 0x0000, 0x0000, 0x0000, 0x0000, 0x0000, 0x0000, 0x0000, 0x0000, 0x0000, 0x0000, 0x0000, 0x0000, 0x0000,
    0x0000, 0x0000, 0x0000, 0x0000, 0x0000, 0x0000, 0x0000, 0x0000, 0x0000, 0x0000, 0x0000, 0x0000, 0x0000, 0x0000, 0x0000, 0x0000,
    0x0000, 0x0000, 0x0000, 0x0000, 0x0000, 0x0000, 0x0000, 0x0000, 0x0000, 0x0000, 0x0000, 0x0000, 0x0000, 0x0000, 0x0000, 0x0000,
    0x0000, 0x0000, 0x0000, 0x0000, 0x0000, 0x0000, 0x0000, 0x0000, 0x0000, 0x0000, 0x0000, 0x0000, 0x0000, 0x0000, 0x0000, 0x0000,
    0x0000, 0x0000, 0x0000, 0x0000, 0x0000, 0x0000, 0x0000, 0x0000, 0x0000, 0x0000, 0x0000, 0x0000, 0x0000, 0x0000, 0x0000, 0x0000,
    0x0000, 0x0000, 0x0000, 0x0000, 0x0000, 0x0000, 0x0000, 0x0000, 0x0000, 0x0000, 0x0000, 0x0000, 0x0000, 0x0000, 0x0000, 0x0000,
    0x0000, 0x0000, 0x0000, 0x0000, 0x0000, 0x0000, 0x0000, 0x0000, 0x0000, 0x0000, 0x0000, 0x0000, 0x0000, 0x0000, 0x0000, 0x0000,
    0x0000, 0x0000, 0x0000, 0x0000, 0x0000, 0x0000, 0x0000, 0x0000, 0x0000, 0x0000, 0x0000, 0x0000, 0x0000, 0x0000, 0x0000, 0x0000,
    0x0000, 0x0000, 0x0000, 0x0000, 0x0000, 0x0000, 0x0000, 0x0000, 0x0000, 0x0000, 0x0000, 0x0000, 0x0000, 0x0000, 0x0000, 0x0000,
    0x0000, 0x0000, 0x0000, 0x0000, 0x0000, 0x0000, 0x0000, 0x0000, 0x0000, 0x0000, 0x0000, 0x0000, 0x0000, 0x0000, 0x0000, 0x0000,
    0x0000, 0x0000, 0x0000, 0x0000, 0x0000, 0x0000, 0x0000, 0x0000, 0x0000, 0x0000, 0x0000, 0x0000, 0x0000, 0x0000, 0x0000, 0x0000,
    0x0000, 0x0000, 0x0000, 0x0000, 0x0000, 0x0000, 0x0000, 0x0000, 0x0000, 0x0000, 0x0000, 0x0000, 0x0000, 0x0000, 0x0000, 0x0000,
    0x0000, 0x0000, 0x0000, 0x0000, 0x0000, 0x0000, 0x0000, 0x0000, 0x0000, 0x0000, 0x0000, 0x0000, 0x0000, 0x0000, 0x0000, 0x0000,
    0x0000, 0x0000, 0x0000, 0x0000, 0x0000, 0x0000, 0x0000, 0x0000, 0x0000, 0x0000, 0x0000, 0x0000, 0x0000, 0x0000, 0x0000, 0x0000,
    0x0000, 0x0000, 0x0000, 0x0000, 0x0000, 0x0000, 0x0000, 0x0000, 0x0000, 0x0000, 0x0000, 0x0000, 0x0000, 0x0000, 0x0000, 0x0000,
    0x0000, 0x0000, 0x0000, 0x0000, 0x0000, 0x0000, 0x0000, 0x0000, 0x0000, 0x0000, 0x0000, 0x0000, 0x0000, 0x0000, 0x0000, 0x0000,
    0x0000, 0x0000, 0x0000, 0x0000, 0x0000, 0x0000, 0x0000, 0x0000, 0x0000, 0x0000, 0x0000, 0x0000, 0x0000, 0x0000, 0x0000, 0x0000,
    0x0000, 0x0000, 0x0000, 0x0000, 0x0000, 0x0000, 0x0000, 0x0000, 0x0000, 0x0000, 0x0000, 0x0000, 0x0020, 0x0020, 0x0000, 0x0000,
    0x0000, 0x0000, 0x0000, 0x0000, 0x0000, 0x0000, 0x0000, 0x0000, 0x0000, 0x0000, 0x0000, 0x0000, 0x0000, 0x0000, 0x0000, 0x0000,
    0x0000, 0x0000, 0x0000, 0x0861, 0x18C3, 0x1904, 0x2965, 0x39E7, 0x4A69, 0x5AEB, 0x738E, 0x7BCE, 0x8450, 0x8450, 0x8C51, 0x8410,
    0x630B, 0x0020, 0x0000, 0x0000, 0x0000, 0x0000, 0x0000, 0x0000, 0x0000, 0x0000, 0x0000, 0x0000, 0x0000, 0x0000, 0x0000, 0x0000,
    0x0000, 0x0000, 0x0000, 0x0000, 0x0000, 0x0000, 0x0000, 0x0000, 0x0000, 0x0000, 0x0000, 0x0000, 0x0000, 0x0000, 0x0000, 0x0000,
    0x0000, 0x0000, 0x0000, 0x0000, 0x0000, 0x0000, 0x0000, 0x0000, 0x0000, 0x0000, 0x0000, 0x0000, 0x0000, 0x0000, 0x0000, 0x0000,
    0x0000, 0x0000, 0x0000, 0x0000, 0x0000, 0x0000, 0x0000, 0x0000, 0x0000, 0x0000, 0x0000, 0x0000, 0x0000, 0x0000, 0x0000, 0x0000,
    0x0000, 0x0000, 0x0000, 0x0000, 0x0000, 0x0000, 0x0000, 0x0000, 0x0000, 0x0000, 0x0000, 0x0000, 0x0000, 0x0000, 0x0000, 0x0000,
    0x0000, 0x0000, 0x0000, 0x0000, 0x0000, 0x0000, 0x0000, 0x0000, 0x0000, 0x0000, 0x0000, 0x0000, 0x0000, 0x0000, 0x0000, 0x0000,
    0x0000, 0x0000, 0x0000, 0x0000, 0x0000, 0x0000, 0x0000, 0x0000, 0x0000, 0x0000, 0x0000, 0x0000, 0x0000, 0x0000, 0x0000, 0x0000,
    0x0000, 0x0000, 0x0000, 0x0000, 0x0000, 0x0000, 0x0000, 0x0000, 0x0000, 0x0000, 0x0000, 0x0000, 0x0000, 0x0000, 0x0000, 0x0000,
    0x0000, 0x0000, 0x0000, 0x0000, 0x0000, 0x0000, 0x0000, 0x0000, 0x0000, 0x0000, 0x0000, 0x0000, 0x0000, 0x0000, 0x0000, 0x0000,
    0x0000, 0x0000, 0x0000, 0x0000, 0x0000, 0x0000, 0x0000, 0x0000, 0x0000, 0x0000, 0x0000, 0x0000, 0x0000, 0x0000, 0x0000, 0x0000,
    0x0000, 0x0000, 0x0000, 0x0000, 0x0000, 0x0000, 0x0000, 0x0000, 0x0000, 0x0000, 0x0000, 0x0000, 0x0000, 0x0000, 0x0000, 0x0000,
    0x0000, 0x0000, 0x0000, 0x0000, 0x0000, 0x0000, 0x0000, 0x0000, 0x0000, 0x0000, 0x0000, 0x0000, 0x0000, 0x0000, 0x0000, 0x0000,
    0x0000, 0x0000, 0x0000, 0x0000, 0x0000, 0x0000, 0x0000, 0x0000, 0x0000, 0x0000, 0x0000, 0x0000, 0x0000, 0x0000, 0x0000, 0x0000,
    0x0000, 0x0000, 0x0000, 0x0000, 0x0000, 0x0000, 0x0000, 0x0000, 0x0000, 0x0000, 0x0000, 0x0000, 0x0000, 0x0000, 0x0000, 0x0000,
    0x0000, 0x0000, 0x0000, 0x0000, 0x0000, 0x0000, 0x0000, 0x0000, 0x0000, 0x0000, 0x0000, 0x0000, 0x0000, 0x0000, 0x0000, 0x0000,
    0x0000, 0x0000, 0x0000, 0x0000, 0x0000, 0x0000, 0x0000, 0x0000, 0x0000, 0x0000, 0x0000, 0x0000, 0x0000, 0x0000, 0x0000, 0x0000,
    0x0000, 0x0000, 0x0000, 0x0000, 0x0000, 0x0000, 0x0000, 0x0000, 0x0000, 0x0000, 0x0000, 0x0000, 0x0020, 0x0020, 0x0020, 0x0020,
    0x0000, 0x0000, 0x0000, 0x0000, 0x0000, 0x0000, 0x0000, 0x0000, 0x0000, 0x0000, 0x0000, 0x0000, 0x0000, 0x0000, 0x0000, 0x0000,
    0x0000, 0x0000, 0x0000, 0x0020, 0x0040, 0x10A2, 0x18E3, 0x2124, 0x3186, 0x39E7, 0x4A49, 0x52AA, 0x634C, 0x738E, 0x7BEF, 0x8C71,
    0x9CF3, 0xA554, 0xB596, 0xBDF7, 0xC618, 0xBE17, 0xBDF7, 0xBDF7, 0xBDD6, 0xB5B5, 0xB575, 0xA513, 0x9491, 0x840F, 0x83EF, 0x6B2C,
    0x39C7, 0x0020, 0x0000, 0x0000, 0x0000, 0x0000, 0x0000, 0x0000, 0x0000, 0x0000, 0x0000, 0x0000, 0x0000, 0x0000, 0x0000, 0x0000,
    0x0000, 0x0000, 0x0000, 0x0000, 0x0000, 0x0000, 0x0000, 0x0000, 0x0000, 0x0000, 0x0000, 0x0000, 0x0000, 0x0000, 0x0000, 0x0000,
    0x0000, 0x0000, 0x0000, 0x0000, 0x0000, 0x0000, 0x0000, 0x0000, 0x0000, 0x0000, 0x0000, 0x0000, 0x0000, 0x0000, 0x0000, 0x0000,
    0x0000, 0x0000, 0x0000, 0x0000, 0x0000, 0x0000, 0x0000, 0x0000, 0x0000, 0x0000, 0x0000, 0x0000, 0x0000, 0x0000, 0x0000, 0x0000,
    0x0000, 0x0000, 0x0000, 0x0000, 0x0000, 0x0000, 0x0000, 0x0000, 0x0000, 0x0000, 0x0000, 0x0000, 0x0000, 0x0000, 0x0000, 0x0000,
    0x0000, 0x0000, 0x0000, 0x0000, 0x0000, 0x0000, 0x0000, 0x0000, 0x0000, 0x0000, 0x0000, 0x0000, 0x0000, 0x0000, 0x0000, 0x0000,
    0x0000, 0x0000, 0x0000, 0x0000, 0x0000, 0x0000, 0x0000, 0x0000, 0x0000, 0x0000, 0x0000, 0x0000, 0x0000, 0x0000, 0x0000, 0x0000,
    0x0000, 0x0000, 0x0000, 0x0000, 0x0000, 0x0000, 0x0000, 0x0000, 0x0000, 0x0000, 0x0000, 0x0000, 0x0000, 0x0000, 0x0000, 0x0000,
    0x0000, 0x0000, 0x0000, 0x0000, 0x0000, 0x0000, 0x0000, 0x0000, 0x0000, 0x0000, 0x0000, 0x0000, 0x0000, 0x0000, 0x0000, 0x0000,
    0x0000, 0x0000, 0x0000, 0x0000, 0x0000, 0x0000, 0x0000, 0x0000, 0x0000, 0x0000, 0x0000, 0x0000, 0x0000, 0x0000, 0x0000, 0x0000,
    0x0000, 0x0000, 0x0000, 0x0000, 0x0000, 0x0000, 0x0000, 0x0000, 0x0000, 0x0000, 0x0000, 0x0000, 0x0000, 0x0000, 0x0000, 0x0000,
    0x0000, 0x0000, 0x0000, 0x0000, 0x0000, 0x0000, 0x0000, 0x0000, 0x0000, 0x0000, 0x0000, 0x0000, 0x0000, 0x0000, 0x0000, 0x0000,
    0x0000, 0x0000, 0x0000, 0x0000, 0x0000, 0x0000, 0x0000, 0x0000, 0x0000, 0x0000, 0x0000, 0x0000, 0x0000, 0x0000, 0x0000, 0x0000,
    0x0000, 0x0000, 0x0000, 0x0000, 0x0000, 0x0000, 0x0000, 0x0000, 0x0000, 0x0000, 0x0000, 0x0000, 0x0000, 0x0000, 0x0000, 0x0000,
    0x0000, 0x0000, 0x0000, 0x0000, 0x0000, 0x0000, 0x0000, 0x0000, 0x0000, 0x0000, 0x0000, 0x0000, 0x0000, 0x0000, 0x0000, 0x0000,
    0x0000, 0x0000, 0x0000, 0x0000, 0x0000, 0x0000, 0x0000, 0x0000, 0x0000, 0x0000, 0x0000, 0x0000, 0x0000, 0x0000, 0x0020, 0x0020,
    0x0000, 0x0000, 0x0000, 0x0000, 0x0000, 0x0000, 0x0000, 0x0000, 0x0000, 0x0000, 0x0000, 0x0000, 0x0000, 0x0000, 0x0000, 0x0000,
    0x0000, 0x0000, 0x0000, 0x0000, 0x0041, 0x0861, 0x10A2, 0x18E3, 0x2965, 0x39E7, 0x4228, 0x52CB, 0x632C, 0x73CE, 0x8C51, 0x9491,
    0x9CD2, 0xA534, 0xB595, 0xBDD7, 0xBDF7, 0xC638, 0xC638, 0xC618, 0xC617, 0xC617, 0xC5F7, 0xB5B6, 0xAD75, 0xA533, 0x9CF3, 0x94B1,
    0x8C50, 0x7BEE, 0x736D, 0x62EB, 0x5ACA, 0x6B4C, 0x736C, 0x5289, 0x2965, 0x2103, 0x18A2, 0x1082, 0x0841, 0x0820, 0x0000, 0x0000,
    0x0000, 0x0000, 0x0000, 0x0000, 0x0000, 0x0000, 0x0000, 0x0000, 0x0000, 0x0000, 0x0000, 0x0000, 0x0000, 0x0000, 0x0000, 0x0000,
    0x0000, 0x0000, 0x0000, 0x0000, 0x0000, 0x0000, 0x0000, 0x0000, 0x0000, 0x0000, 0x0000, 0x0000, 0x0000, 0x0000, 0x0000, 0x0000,
    0x0000, 0x0000, 0x0000, 0x0000, 0x0000, 0x0000, 0x0000, 0x0000, 0x0000, 0x0000, 0x0000, 0x0000, 0x0000, 0x0000, 0x0000, 0x0000,
    0x0000, 0x0000, 0x0000, 0x0000, 0x0000, 0x0000, 0x0000, 0x0000, 0x0000, 0x0000, 0x0000, 0x0000, 0x0000, 0x0000, 0x0000, 0x0000,
    0x0000, 0x0000, 0x0000, 0x0000, 0x0000, 0x0000, 0x0000, 0x0000, 0x0000, 0x0000, 0x0000, 0x0000, 0x0000, 0x0000, 0x0000, 0x0000,
    0x0000, 0x0000, 0x0000, 0x0000, 0x0000, 0x0000, 0x0000, 0x0000, 0x0000, 0x0000, 0x0000, 0x0000, 0x0000, 0x0000, 0x0000, 0x0000,
    0x0000, 0x0000, 0x0000, 0x0000, 0x0000, 0x0000, 0x0000, 0x0000, 0x0000, 0x0000, 0x0000, 0x0000, 0x0000, 0x0000, 0x0000, 0x0000,
    0x0000, 0x0000, 0x0000, 0x0000, 0x0000, 0x0000, 0x0000, 0x0000, 0x0000, 0x0000, 0x0000, 0x0000, 0x0000, 0x0000, 0x0000, 0x0000,
    0x0000, 0x0000, 0x0000, 0x0000, 0x0000, 0x0000, 0x0000, 0x0000, 0x0000, 0x0000, 0x0000, 0x0000, 0x0000, 0x0000, 0x0000, 0x0000,
    0x0000, 0x0000, 0x0000, 0x0000, 0x0000, 0x0000, 0x0000, 0x0000, 0x0000, 0x0000, 0x0000, 0x0000, 0x0000, 0x0000, 0x0000, 0x0000,
    0x0000, 0x0000, 0x0000, 0x0000, 0x0000, 0x0000, 0x0000, 0x0000, 0x0000, 0x0000, 0x0000, 0x0000, 0x0000, 0x0000, 0x0000, 0x0000,
    0x0000, 0x0000, 0x0000, 0x0000, 0x0000, 0x0000, 0x0000, 0x0000, 0x0000, 0x0000, 0x0000, 0x0000, 0x0000, 0x0000, 0x0000, 0x0000,
    0x0000, 0x0000, 0x0000, 0x0000, 0x0000, 0x0000, 0x0000, 0x0000, 0x0000, 0x0000, 0x0000, 0x0000, 0x0000, 0x0000, 0x0000, 0x0000,
    0x0000, 0x0000, 0x0000, 0x0000, 0x0000, 0x0000, 0x0000, 0x0000, 0x0000, 0x0000, 0x0000, 0x0000, 0x0000, 0x0000, 0x0000, 0x0000,
    0x0000, 0x0000, 0x0000, 0x0000, 0x0000, 0x0000, 0x0000, 0x0000, 0x0000, 0x0000, 0x0000, 0x0000, 0x0000, 0x0000, 0x0000, 0x0000,
    0x0020, 0x0000, 0x0000, 0x0000, 0x0000, 0x0000, 0x0000, 0x0000, 0x0000, 0x0000, 0x0000, 0x0000, 0x0000, 0x0000, 0x0000, 0x0000,
    0x0000, 0x0000, 0x0000, 0x0000, 0x0000, 0x0841, 0x1082, 0x18E3, 0x2965, 0x31A6, 0x4208, 0x52AA, 0x630C, 0x6B4D, 0x7BEF, 0x9492,
    0x8C92, 0x9CD3, 0xA554, 0xB596, 0xBDF7, 0xC618, 0xC638, 0xC638, 0xCE58, 0xCE58, 0xCE38, 0xC618, 0xBDF7, 0xB595, 0xAD34, 0x9CB2,
    0x8C70, 0x8C50, 0x7BCE, 0x6B4C, 0x632C, 0x5AEA, 0x5289, 0x4207, 0x39C6, 0x3165, 0x2103, 0x18E3, 0x18C2, 0x1061, 0x1061, 0x1061,
    0x0820, 0x0000, 0x0020, 0x0000, 0x0861, 0x8C51, 0xC659, 0x8C72, 0x0841, 0x0000, 0x0000, 0x0000, 0x0000, 0x0000, 0x0000, 0x0000,
    0x0000, 0x0000, 0x0000, 0x0000, 0x0000, 0x0000, 0x0000, 0x0000, 0x0000, 0x0000, 0x0000, 0x0000, 0x0000, 0x0000, 0x0000, 0x0000,
    0x0000, 0x0000, 0x0000, 0x0000, 0x0000, 0x0000, 0x0000, 0x0000, 0x0000, 0x0000, 0x0000, 0x0000, 0x0000, 0x0000, 0x0000, 0x0000,
    0x0000, 0x0000, 0x0000, 0x0000, 0x0000, 0x0000, 0x0000, 0x0000, 0x0000, 0x0000, 0x0000, 0x0000, 0x0000, 0x0000, 0x0000, 0x0000,
    0x0000, 0x0000, 0x0000, 0x0000, 0x0000, 0x0000, 0x0000, 0x0000, 0x0000, 0x0000, 0x0000, 0x0000, 0x0000, 0x0000, 0x0000, 0x0000,
    0x0000, 0x0000, 0x0000, 0x0000, 0x0000, 0x0000, 0x0000, 0x0000, 0x0000, 0x0000, 0x0000, 0x0000, 0x0000, 0x0000, 0x0000, 0x0000,
    0x0000, 0x0000, 0x0000, 0x0000, 0x0000, 0x0000, 0x0000, 0x0000, 0x0000, 0x0000, 0x0000, 0x0000, 0x0000, 0x0000, 0x0000, 0x0000,
    0x0000, 0x0000, 0x0000, 0x0000, 0x0000, 0x0000, 0x0000, 0x0000, 0x0000, 0x0000, 0x0000, 0x0000, 0x0000, 0x0000, 0x0000, 0x0000,
    0x0000, 0x0000, 0x0000, 0x0000, 0x0000, 0x0000, 0x0000, 0x0000, 0x0000, 0x0000, 0x0000, 0x0000, 0x0000, 0x0000, 0x0000, 0x0000,
    0x0000, 0x0000, 0x0000, 0x0000, 0x0000, 0x0000, 0x0000, 0x0000, 0x0000, 0x0000, 0x0000, 0x0000, 0x0000, 0x0000, 0x0000, 0x0000,
    0x0000, 0x0000, 0x0000, 0x0000, 0x0000, 0x0000, 0x0000, 0x0000, 0x0000, 0x0000, 0x0000, 0x0000, 0x0000, 0x0000, 0x0000, 0x0000,
    0x0000, 0x0000, 0x0000, 0x0000, 0x0000, 0x0000, 0x0000, 0x0000, 0x0000, 0x0000, 0x0000, 0x0000, 0x0000, 0x0000, 0x0000, 0x0000,
    0x0000, 0x0000, 0x0000, 0x0000, 0x0000, 0x0000, 0x0000, 0x0000, 0x0000, 0x0000, 0x0000, 0x0000, 0x0000, 0x0000, 0x0000, 0x0000,
    0x0000, 0x0000, 0x0000, 0x0000, 0x0000, 0x0000, 0x0000, 0x0000, 0x0000, 0x0000, 0x0000, 0x0000, 0x0000, 0x0000, 0x0000, 0x0000,
    0x0000, 0x0000, 0x0000, 0x0000, 0x0000, 0x0000, 0x0000, 0x0000, 0x0000, 0x0000, 0x0000, 0x0000, 0x0000, 0x0000, 0x0000, 0x0000,
    0x0000, 0x0000, 0x0000, 0x0000, 0x0000, 0x0000, 0x0000, 0x0000, 0x0000, 0x0000, 0x0000, 0x0000, 0x0000, 0x0000, 0x0000, 0x0000,
    0x0000, 0x0000, 0x0000, 0x0000, 0x0000, 0x0020, 0x0841, 0x1082, 0x2104, 0x2945, 0x3186, 0x4228, 0x528A, 0x630C, 0x738E, 0x8410,
    0x8C92, 0x9CF3, 0xAD75, 0xB595, 0xBDD6, 0xC638, 0xCE58, 0xCE58, 0xCE79, 0xCE58, 0xC638, 0xBDF7, 0xBDD6, 0xB595, 0xAD54, 0x9CF2,
    0x9CD2, 0x9470, 0x840F, 0x738D, 0x6B4C, 0x632B, 0x5AAA, 0x4A48, 0x4207, 0x39C6, 0x2944, 0x2124, 0x2103, 0x10A2, 0x1081, 0x1061,
    0x0820, 0x0840, 0x0020, 0x0000, 0x0000, 0x0000, 0x0000, 0x0000, 0x0000, 0x0000, 0x0000, 0x0000, 0x0000, 0x0000, 0x0000, 0x0000,
    0x0000, 0x0000, 0x0000, 0x0000, 0x0020, 0x2124, 0x5AEC, 0xC639, 0x6B8E, 0x0020, 0x0000, 0x0000, 0x0000, 0x0000, 0x0000, 0x0000,
    0x0000, 0x0000, 0x0000, 0x0000, 0x0000, 0x0000, 0x0000, 0x0000, 0x0000, 0x0000, 0x0000, 0x0000, 0x0000, 0x0000, 0x0000, 0x0000,
    0x0000, 0x0000, 0x0000, 0x0000, 0x0000, 0x0000, 0x0000, 0x0000, 0x0000, 0x0000, 0x0000, 0x0000, 0x0000, 0x0000, 0x0000, 0x0000,
    0x0000, 0x0000, 0x0000, 0x0000, 0x0000, 0x0000, 0x0000, 0x0000, 0x0000, 0x0000, 0x0000, 0x0000, 0x0000, 0x0000, 0x0000, 0x0000,
    0x0000, 0x0000, 0x0000, 0x0000, 0x0000, 0x0000, 0x0000, 0x0000, 0x0000, 0x0000, 0x0000, 0x0000, 0x0000, 0x0000, 0x0000, 0x0000,
    0x0000, 0x0000, 0x0000, 0x0000, 0x0000, 0x0000, 0x0000, 0x0000, 0x0000, 0x0000, 0x0000, 0x0000, 0x0000, 0x0000, 0x0000, 0x0000,
    0x0000, 0x0000, 0x0000, 0x0000, 0x0000, 0x0000, 0x0000, 0x0000, 0x0000, 0x0000, 0x0000, 0x0000, 0x0000, 0x0000, 0x0000, 0x0000,
    0x0000, 0x0000, 0x0000, 0x0000, 0x0000, 0x0000, 0x0000, 0x0000, 0x0000, 0x0000, 0x0000, 0x0000, 0x0000, 0x0000, 0x0000, 0x0000,
    0x0000, 0x0000, 0x0000, 0x0000, 0x0000, 0x0000, 0x0000, 0x0000, 0x0000, 0x0000, 0x0000, 0x0000, 0x0000, 0x0000, 0x0000, 0x0000,
    0x0000, 0x0000, 0x0000, 0x0000, 0x0000, 0x0000, 0x0000, 0x0000, 0x0000, 0x0000, 0x0000, 0x0000, 0x0000, 0x0000, 0x0000, 0x0000,
    0x0000, 0x0000, 0x0000, 0x0000, 0x0000, 0x0000, 0x0000, 0x0000, 0x0000, 0x0000, 0x0000, 0x0000, 0x0000, 0x0000, 0x0000, 0x0000,
    0x0000, 0x0000, 0x0000, 0x0000, 0x0000, 0x0000, 0x0000, 0x0000, 0x0000, 0x0000, 0x0000, 0x0000, 0x0000, 0x0000, 0x0000, 0x0000,
    0x0000, 0x0000, 0x0000, 0x0000, 0x0000, 0x0000, 0x0000, 0x0000, 0x0000, 0x0000, 0x0000, 0x0000, 0x0000, 0x0000, 0x0000, 0x0000,
    0x0000, 0x0000, 0x0000, 0x0000, 0x0000, 0x0000, 0x0000, 0x0000, 0x0000, 0x0000, 0x0000, 0x0000, 0x0000, 0x0000, 0x0000, 0x0000,
    0x0000, 0x0000, 0x0000, 0x0000, 0x0000, 0x0000, 0x0000, 0x0000, 0x0000, 0x0000, 0x0000, 0x0000, 0x0000, 0x0000, 0x0000, 0x0000,
    0x0000, 0x0000, 0x0000, 0x0000, 0x0000, 0x0000, 0x0000, 0x0000, 0x0000, 0x0000, 0x0000, 0x0000, 0x0000, 0x0000, 0x0020, 0x630C,
    0x7BEF, 0x8C51, 0x9CD3, 0xA534, 0xBDD7, 0xBDD7, 0xBDF7, 0xC638, 0xCE59, 0xCE58, 0xC638, 0xBDF7, 0xBDD6, 0xB5B6, 0xAD54, 0xA513,
    0x9CB1, 0x8C50, 0x7BEE, 0x738D, 0x6B4C, 0x62EA, 0x5289, 0x4A48, 0x41E7, 0x3185, 0x2965, 0x2103, 0x18A2, 0x18C2, 0x1061, 0x0020,
    0x0020, 0x0820, 0x0820, 0x0000, 0x0000, 0x0000, 0x0000, 0x0000, 0x0000, 0x0000, 0x0000, 0x0000, 0x0000, 0x0000, 0x0000, 0x0000,
    0x0000, 0x0000, 0x0000, 0x0000, 0x0000, 0x0000, 0x0000, 0x0000, 0x0000, 0x0000, 0x0000, 0x0000, 0x0000, 0x0000, 0x0000, 0x0000,
    0x0000, 0x0000, 0x0000, 0x0000, 0x0000, 0x0000, 0x0000, 0x7BEF, 0xB5D7, 0x39E7, 0x0000, 0x0000, 0x0000, 0x0000, 0x0000, 0x0000,
    0x0000, 0x0000, 0x0000, 0x0000, 0x0000, 0x0000, 0x0000, 0x0000, 0x0000, 0x0000, 0x0000, 0x0000, 0x0000, 0x0000, 0x0000, 0x0000,
    0x0000, 0x0000, 0x0000, 0x0000, 0x0000, 0x0000, 0x0000, 0x0000, 0x0000, 0x0000, 0x0000, 0x0000, 0x0000, 0x0020, 0x0000, 0x0000,
    0x0000, 0x0000, 0x0000, 0x0000, 0x0000, 0x0000, 0x0000, 0x0000, 0x0000, 0x0000, 0x0000, 0x0000, 0x0000, 0x0000, 0x0000, 0x0000,
    0x0000, 0x0000, 0x0000, 0x0000, 0x0000, 0x0000, 0x0000, 0x0000, 0x0000, 0x0000, 0x0000, 0x0000, 0x0000, 0x0000, 0x0000, 0x0000,
    0x0000, 0x0000, 0x0000, 0x0000, 0x0000, 0x0000, 0x0000, 0x0000, 0x0000, 0x0000, 0x0000, 0x0000, 0x0000, 0x0000, 0x0000, 0x0000,
    0x0000, 0x0000, 0x0000, 0x0000, 0x0000, 0x0000, 0x0000, 0x0000, 0x0000, 0x0000, 0x0000, 0x0000, 0x0000, 0x0000, 0x0000, 0x0000,
    0x0000, 0x0000, 0x0000, 0x0000, 0x0000, 0x0000, 0x0000, 0x0000, 0x0000, 0x0000, 0x0000, 0x0000, 0x0000, 0x0000, 0x0000, 0x0000,
    0x0000, 0x0000, 0x0000, 0x0000, 0x0000, 0x0000, 0x0000, 0x0000, 0x0000, 0x0000, 0x0000, 0x0000, 0x0000, 0x0000, 0x0000, 0x0000,
    0x0000, 0x0000, 0x0000, 0x0000, 0x0000, 0x0000, 0x0000, 0x0000, 0x0000, 0x0000, 0x0000, 0x0000, 0x0000, 0x0000, 0x0000, 0x0000,
    0x0000, 0x0000, 0x0000, 0x0000, 0x0000, 0x0000, 0x0000, 0x0000, 0x0000, 0x0000, 0x0000, 0x0000, 0x0000, 0x0000, 0x0000, 0x0000,
    0x0000, 0x0000, 0x0000, 0x0000, 0x0000, 0x0000, 0x0000, 0x0000, 0x0000, 0x0000, 0x0000, 0x0000, 0x0000, 0x0000, 0x0000, 0x0000,
    0x0000, 0x0000, 0x0000, 0x0000, 0x0000, 0x0000, 0x0000, 0x0000, 0x0000, 0x0000, 0x0000, 0x0000, 0x0000, 0x0000, 0x0000, 0x0000,
    0x0000, 0x0000, 0x0000, 0x0000, 0x0000, 0x0000, 0x0000, 0x0000, 0x0000, 0x0000, 0x0000, 0x0000, 0x0000, 0x0000, 0x0000, 0x0000,
    0x0000, 0x0000, 0x0000, 0x0000, 0x0000, 0x0000, 0x0000, 0x0000, 0x0000, 0x0000, 0x0000, 0x0000, 0x0000, 0x0000, 0x0000, 0x0000,
    0x0000, 0x0000, 0x0000, 0x0000, 0x0000, 0x0000, 0x0000, 0x0000, 0x0000, 0x0000, 0x0000, 0x0000, 0x0000, 0x0000, 0x0841, 0x9470,
    0xAD34, 0xA4F2, 0x9CD2, 0x9491, 0x8C50, 0x7BCE, 0x738D, 0x630B, 0x630B, 0x5AAA, 0x39A6, 0x3165, 0x20E3, 0x18C2, 0x18C2, 0x1061,
    0x0840, 0x0020, 0x0000, 0x0000, 0x0000, 0x0000, 0x0000, 0x0000, 0x0000, 0x0000, 0x0000, 0x0000, 0x0000, 0x0000, 0x0000, 0x0000,
    0x0000, 0x0000, 0x0000, 0x0000, 0x0000, 0x0000, 0x0000, 0x0020, 0x0020, 0x0020, 0x0020, 0x0020, 0x0020, 0x0000, 0x0000, 0x0000,
    0x0000, 0x0000, 0x0000, 0x0000, 0x0000, 0x0000, 0x0000, 0x0000, 0x0000, 0x0000, 0x0000, 0x0000, 0x0000, 0x0000, 0x0000, 0x0000,
    0x0000, 0x0000, 0x0000, 0x0000, 0x0000, 0x0020, 0x0000, 0x3186, 0xAD96, 0x7C10, 0x0841, 0x0000, 0x0000, 0x0000, 0x0000, 0x0000,
    0x0000, 0x0000, 0x0000, 0x0000, 0x0000, 0x0000, 0x0000, 0x0000, 0x0000, 0x0000, 0x0000, 0x0000, 0x0000, 0x0000, 0x0020, 0x0000,
    0x0000, 0x0000, 0x0000, 0x0000, 0x0000, 0x0000, 0x0000, 0x0000, 0x0000, 0x0000, 0x0000, 0x0000, 0x0000, 0x0000, 0x0000, 0x0000,
    0x0000, 0x0000, 0x0000, 0x0000, 0x0841, 0x10A2, 0x10A2, 0x0020, 0x0000, 0x0000, 0x0000, 0x0000, 0x0000, 0x0000, 0x0000, 0x0000,
    0x0000, 0x0000, 0x0000, 0x0000, 0x0000, 0x0000, 0x0000, 0x0000, 0x0000, 0x0000, 0x0000, 0x0000, 0x0000, 0x0000, 0x0000, 0x0000,
    0x0000, 0x0000, 0x0000, 0x0000, 0x0000, 0x0000, 0x0000, 0x0000, 0x0000, 0x0000, 0x0000, 0x0000, 0x0000, 0x0000, 0x0000, 0x0000,
    0x0000, 0x0000, 0x0000, 0x0000, 0x0000, 0x0000, 0x0000, 0x0000, 0x0000, 0x0000, 0x0000, 0x0000, 0x0000, 0x0000, 0x0000, 0x0000,
    0x0000, 0x0000, 0x0000, 0x0000, 0x0000, 0x0000, 0x0000, 0x0000, 0x0000, 0x0000, 0x0000, 0x0000, 0x0000, 0x0000, 0x0000, 0x0000,
    0x0000, 0x0000, 0x0000, 0x0000, 0x0000, 0x0000, 0x0000, 0x0000, 0x0000, 0x0000, 0x0000, 0x0000, 0x0000, 0x0000, 0x0000, 0x0000,
    0x0000, 0x0000, 0x0000, 0x0000, 0x0000, 0x0000, 0x0000, 0x0000, 0x0000, 0x0000, 0x0000, 0x0000, 0x0000, 0x0000, 0x0000, 0x0000,
    0x0000, 0x0000, 0x0000, 0x0000, 0x0000, 0x0000, 0x0000, 0x0000, 0x0000, 0x0000, 0x0000, 0x0000, 0x0000, 0x0000, 0x0000, 0x0000,
    0x0000, 0x0000, 0x0000, 0x0000, 0x0000, 0x0000, 0x0000, 0x0000, 0x0000, 0x0000, 0x0000, 0x0000, 0x0000, 0x0000, 0x0000, 0x0000,
    0x0000, 0x0000, 0x0000, 0x0000, 0x0000, 0x0000, 0x0000, 0x0000, 0x0000, 0x0000, 0x0000, 0x0000, 0x0000, 0x0000, 0x0000, 0x0000,
    0x0000, 0x0000, 0x0000, 0x0000, 0x0000, 0x0000, 0x0000, 0x0000, 0x0000, 0x0000, 0x0000, 0x0000, 0x0000, 0x0000, 0x0000, 0x0000,
    0x0000, 0x0000, 0x0000, 0x0000, 0x0000, 0x0000, 0x0000, 0x0000, 0x0000, 0x0000, 0x0000, 0x0000, 0x0000, 0x0000, 0x0000, 0x0000,
    0x0000, 0x0000, 0x0000, 0x0000, 0x0000, 0x0000, 0x0000, 0x0000, 0x0000, 0x0000, 0x0000, 0x0000, 0x0000, 0x0000, 0x0000, 0x0840,
    0x10A2, 0x10A2, 0x1061, 0x0841, 0x4207, 0x8450, 0x8430, 0x4A69, 0x2965, 0x0861, 0x0000, 0x0000, 0x0000, 0x0000, 0x0000, 0x0000,
    0x0000, 0x0000, 0x0000, 0x0000, 0x0000, 0x0000, 0x0000, 0x0000, 0x0000, 0x0000, 0x0000, 0x0000, 0x0000, 0x0000, 0x0000, 0x0000,
    0x0000, 0x0000, 0x0000, 0x0000, 0x0000, 0x0000, 0x0000, 0x0000, 0x0000, 0x0000, 0x0000, 0x0000, 0x0000, 0x0000, 0x0000, 0x0000,
    0x0000, 0x0000, 0x0000, 0x0000, 0x0000, 0x0000, 0x0000, 0x0000, 0x0000, 0x0000, 0x0000, 0x0000, 0x0000, 0x0000, 0x0000, 0x0000,
    0x0000, 0x0000, 0x0000, 0x0000, 0x0000, 0x0000, 0x0000, 0x0020, 0x8430, 0xADB7, 0x3A08, 0x0000, 0x0000, 0x0000, 0x0000, 0x0000,
    0x0000, 0x0000, 0x0000, 0x0000, 0x0000, 0x0000, 0x0000, 0x0000, 0x0000, 0x0000, 0x0000, 0x0000, 0x0000, 0x0000, 0x0000, 0x0000,
    0x0000, 0x0000, 0x0000, 0x0000, 0x0000, 0x0841, 0x0882, 0x18C3, 0x2125, 0x31A6, 0x4208, 0x528A, 0x630C, 0x6B2C, 0x7BCE, 0x8450,
    0x8C71, 0x9CD2, 0xA534, 0xA534, 0xAD34, 0xAD34, 0xA4F3, 0x5AEB, 0x0000, 0x0000, 0x0000, 0x0000, 0x0000, 0x0000, 0x0000, 0x0000,
    0x0000, 0x0000, 0x0000, 0x0000, 0x0000, 0x0000, 0x0000, 0x0000, 0x0000, 0x0000, 0x0000, 0x0000, 0x0000, 0x0000, 0x0000, 0x0000,
    0x0000, 0x0000, 0x0000, 0x0000, 0x0000, 0x0000, 0x0000, 0x0000, 0x0000, 0x0000, 0x0000, 0x0000, 0x0000, 0x0000, 0x0000, 0x0000,
    0x0000, 0x0000, 0x0000, 0x0000, 0x0000, 0x0000, 0x0000, 0x0000, 0x0000, 0x0000, 0x0000, 0x0000, 0x0000, 0x0000, 0x0000, 0x0000,
    0x0000, 0x0000, 0x0000, 0x0000, 0x0000, 0x0000, 0x0000, 0x0000, 0x0000, 0x0000, 0x0000, 0x0000, 0x0000, 0x0000, 0x0000, 0x0000,
    0x0000, 0x0000, 0x0000, 0x0000, 0x0000, 0x0000, 0x0000, 0x0000, 0x0000, 0x0000, 0x0000, 0x0000, 0x0000, 0x0000, 0x0000, 0x0000,
    0x0000, 0x0000, 0x0000, 0x0000, 0x0000, 0x0000, 0x0000, 0x0000, 0x0000, 0x0000, 0x0000, 0x0000, 0x0000, 0x0000, 0x0000, 0x0000,
    0x0000, 0x0000, 0x0000, 0x0000, 0x0000, 0x0000, 0x0000, 0x0000, 0x0000, 0x0000, 0x0000, 0x0000, 0x0000, 0x0000, 0x0000, 0x0000,
    0x0000, 0x0000, 0x0000, 0x0000, 0x0000, 0x0000, 0x0000, 0x0000, 0x0000, 0x0000, 0x0000, 0x0000, 0x0000, 0x0000, 0x0000, 0x0000,
    0x0000, 0x0000, 0x0000, 0x0000, 0x0000, 0x0000, 0x0000, 0x0000, 0x0000, 0x0000, 0x0000, 0x0000, 0x0000, 0x0000, 0x0000, 0x0000,
    0x0000, 0x0000, 0x0000, 0x0000, 0x0000, 0x0000, 0x0000, 0x0000, 0x0000, 0x0000, 0x0000, 0x0000, 0x0000, 0x0000, 0x0000, 0x0000,
    0x0000, 0x0000, 0x0000, 0x0000, 0x0000, 0x0000, 0x0000, 0x0000, 0x0000, 0x0000, 0x0000, 0x0000, 0x0000, 0x0000, 0x0000, 0x0000,
    0x0000, 0x0000, 0x0000, 0x0000, 0x0000, 0x0000, 0x0000, 0x0000, 0x0000, 0x0000, 0x0000, 0x0000, 0x0000, 0x0000, 0x0000, 0x0000,
    0x0000, 0x0000, 0x0000, 0x0000, 0x2104, 0xAD96, 0x8CB2, 0x632C, 0x1082, 0x0000, 0x0000, 0x0000, 0x0000, 0x0000, 0x0000, 0x0000,
    0x0000, 0x0000, 0x0000, 0x0000, 0x0020, 0x0020, 0x0861, 0x1082, 0x18A2, 0x18C3, 0x2103, 0x2944, 0x3185, 0x39A6, 0x39E7, 0x4207,
    0x4207, 0x4A48, 0x5289, 0x528A, 0x5AAA, 0x5AAA, 0x5AAA, 0x5AAA, 0x5AAA, 0x5AAA, 0x5AAA, 0x5ACA, 0x5ACA, 0x5AAA, 0x5AAA, 0x5A89,
    0x5289, 0x5289, 0x5268, 0x4A28, 0x4207, 0x41E7, 0x39C7, 0x39A6, 0x3185, 0x3185, 0x2945, 0x2103, 0x18C3, 0x18A2, 0x18A2, 0x1061,
    0x0820, 0x0020, 0x0000, 0x0000, 0x0000, 0x0000, 0x0000, 0x0000, 0x4228, 0xBE39, 0x94D3, 0x0841, 0x0000, 0x0000, 0x0000, 0x0000,
    0x0000, 0x0000, 0x0000, 0x0000, 0x0000, 0x0000, 0x0020, 0x0861, 0x18C3, 0x2945, 0x31A7, 0x4228, 0x528A, 0x5AEB, 0x6B4D, 0x7BCE,
    0x8C50, 0x94B2, 0x9CF3, 0xA514, 0xAD55, 0xB575, 0xB595, 0xB595, 0xB5B6, 0xB595, 0xB575, 0xAD54, 0xA513, 0xA4F3, 0x8C50, 0x8C2F,
    0x8C2F, 0x73AD, 0x6B2B, 0x62CA, 0x5248, 0x41E7, 0x39C6, 0x2124, 0x0000, 0x0000, 0x0000, 0x0000, 0x0000, 0x0000, 0x0000, 0x0000,
    0x0000, 0x0000, 0x0000, 0x0000, 0x0000, 0x0000, 0x0000, 0x0000, 0x0000, 0x0000, 0x0000, 0x0000, 0x0000, 0x0000, 0x0000, 0x0000,
    0x0000, 0x0000, 0x0000, 0x0000, 0x0000, 0x0000, 0x0000, 0x0000, 0x0000, 0x0000, 0x0000, 0x0000, 0x0000, 0x0000, 0x0000, 0x0000,
    0x0000, 0x0000, 0x0000, 0x0000, 0x0000, 0x0000, 0x0000, 0x0000, 0x0000, 0x0000, 0x0000, 0x0000, 0x0000, 0x0000, 0x0000, 0x0000,
    0x0000, 0x0000, 0x0000, 0x0000, 0x0000, 0x0000, 0x0000, 0x0000, 0x0000, 0x0000, 0x0000, 0x0000, 0x0000, 0x0000, 0x0000, 0x0000,
    0x0000, 0x0000, 0x0000, 0x0000, 0x0000, 0x0000, 0x0000, 0x0000, 0x0000, 0x0000, 0x0000, 0x0000, 0x0000, 0x0000, 0x0000, 0x0000,
    0x0000, 0x0000, 0x0000, 0x0000, 0x0000, 0x0000, 0x0000, 0x0000, 0x0000, 0x0000, 0x0000, 0x0000, 0x0000, 0x0000, 0x0000, 0x0000,
    0x0000, 0x0000, 0x0000, 0x0000, 0x0000, 0x0000, 0x0000, 0x0000, 0x0000, 0x0000, 0x0000, 0x0000, 0x0000, 0x0000, 0x0000, 0x0000,
    0x0000, 0x0000, 0x0000, 0x0000, 0x0000, 0x0000, 0x0000, 0x0000, 0x0000, 0x0000, 0x0000, 0x0000, 0x0000, 0x0000, 0x0000, 0x0000,
    0x0000, 0x0000, 0x0000, 0x0000, 0x0000, 0x0000, 0x0000, 0x0000, 0x0000, 0x0000, 0x0000, 0x0000, 0x0000, 0x0000, 0x0000, 0x0000,
    0x0000, 0x0000, 0x0000, 0x0000, 0x0000, 0x0000, 0x0000, 0x0000, 0x0000, 0x0000, 0x0000, 0x0000, 0x0000, 0x0000, 0x0000, 0x0000,
    0x0000, 0x0000, 0x0000, 0x0000, 0x0000, 0x0000, 0x0000, 0x0000, 0x0000, 0x0000, 0x0000, 0x0000, 0x0000, 0x0000, 0x0000, 0x0000,
    0x0000, 0x0000, 0x0000, 0x0000, 0x0000, 0x0000, 0x0000, 0x0000, 0x0000, 0x0000, 0x0000, 0x0000, 0x0000, 0x0000, 0x0000, 0x0000,
    0x0000, 0x0000, 0x0000, 0x0000, 0x18E3, 0x8C50, 0x630C, 0x18C2, 0x0000, 0x0820, 0x1061, 0x2103, 0x3165, 0x39C6, 0x4A28, 0x5AA9,
    0x6B4B, 0x7BAD, 0x7BCE, 0x8C2F, 0x9491, 0x9CD2, 0xA4F2, 0xAD33, 0xAD54, 0xB594, 0xBDB5, 0xBDB5, 0xBDD6, 0xC5D6, 0xC5F6, 0xC616,
    0xC5F6, 0xC5F6, 0xC5F6, 0xC5F6, 0xC5F6, 0xC5F6, 0xC5D6, 0xBDD6, 0xBDB6, 0xBDB5, 0xBDB5, 0xBDB5, 0xBDB5, 0xB595, 0xB595, 0xB594,
    0xB595, 0xB595, 0xB594, 0xB594, 0xB595, 0xB595, 0xB574, 0xAD54, 0xAD54, 0xAD54, 0xAD33, 0xA513, 0xA4F2, 0x9CD2, 0x9CD2, 0x9491,
    0x8C70, 0x8C2F, 0x83EF, 0x738D, 0x6B6C, 0x6B4C, 0x630B, 0x528A, 0x4228, 0xA534, 0xA596, 0x3A08, 0x0861, 0x0862, 0x18C3, 0x2965,
    0x4228, 0x630C, 0x7BCE, 0x8C51, 0x9CD2, 0xA554, 0xAD75, 0xBD95, 0xBDB6, 0xBDB6, 0xB5B6, 0xB575, 0xAD54, 0xA4F2, 0x9CB1, 0x8C50,
    0x7BCE, 0x738D, 0x6B4C, 0x62CA, 0x5268, 0x4A27, 0x39A6, 0x3164, 0x3144, 0x2103, 0x18A2, 0x1081, 0x0861, 0x5ACB, 0x8C51, 0x5AEC,
    0x0841, 0x0020, 0x0000, 0x0000, 0x0000, 0x0000, 0x0000, 0x0000, 0x0000, 0x0000, 0x0000, 0x0000, 0x0000, 0x0000, 0x0000, 0x0000,
    0x0000, 0x0000, 0x0000, 0x0000, 0x0000, 0x0000, 0x0000, 0x0000, 0x0000, 0x0000, 0x0000, 0x0000, 0x0000, 0x0000, 0x0000, 0x0000,
    0x0000, 0x0000, 0x0000, 0x0000, 0x0000, 0x0000, 0x0000, 0x0000, 0x0000, 0x0000, 0x0000, 0x0000, 0x0000, 0x0000, 0x0000, 0x0000,
    0x0000, 0x0000, 0x0000, 0x0000, 0x0000, 0x0000, 0x0000, 0x0000, 0x0000, 0x0000, 0x0000, 0x0000, 0x0000, 0x0000, 0x0000, 0x0000,
    0x0000, 0x0000, 0x0000, 0x0000, 0x0000, 0x0000, 0x0000, 0x0000, 0x0000, 0x0000, 0x0000, 0x0000, 0x0000, 0x0000, 0x0000, 0x0000,
    0x0000, 0x0000, 0x0000, 0x0000, 0x0000, 0x0000, 0x0000, 0x0000, 0x0000, 0x0000, 0x0000, 0x0000, 0x0000, 0x0000, 0x0000, 0x0000,
    0x0000, 0x0000, 0x0000, 0x0000, 0x0000, 0x0000, 0x0000, 0x0000, 0x0000, 0x0000, 0x0000, 0x0000, 0x0000, 0x0000, 0x0000, 0x0000,
    0x0000, 0x0000, 0x0000, 0x0000, 0x0000, 0x0000, 0x0000, 0x0000, 0x0000, 0x0000, 0x0000, 0x0000, 0x0000, 0x0000, 0x0000, 0x0000,
    0x0000, 0x0000, 0x0000, 0x0000, 0x0000, 0x0000, 0x0000, 0x0000, 0x0000, 0x0000, 0x0000, 0x0000, 0x0000, 0x0000, 0x0000, 0x0000,
    0x0000, 0x0000, 0x0000, 0x0000, 0x0000, 0x0000, 0x0000, 0x0000, 0x0000, 0x0000, 0x0000, 0x0000, 0x0000, 0x0000, 0x0000, 0x0000,
    0x0000, 0x0000, 0x0000, 0x0000, 0x0000, 0x0000, 0x0000, 0x0000, 0x0000, 0x0000, 0x0000, 0x0000, 0x0000, 0x0000, 0x0000, 0x0000,
    0x0000, 0x0000, 0x0000, 0x0000, 0x0000, 0x0000, 0x0000, 0x0000, 0x0000, 0x0000, 0x0000, 0x0000, 0x0000, 0x0000, 0x0000, 0x0000,
    0x0000, 0x0000, 0x0000, 0x0000, 0x0000, 0x0000, 0x0000, 0x0000, 0x0000, 0x0000, 0x0000, 0x0000, 0x0000, 0x0000, 0x0000, 0x0000,
    0x0000, 0x0861, 0x2103, 0x39A6, 0x73AD, 0x9CD1, 0x9CB1, 0x9CD1, 0xAD53, 0xB595, 0xC637, 0xDEB9, 0xE71A, 0xE73B, 0xEF5C, 0xEF7C,
    0xF77C, 0xF79D, 0xF79D, 0xF79D, 0xF79D, 0xF79D, 0xEF7C, 0xEF5C, 0xEF5C, 0xEF5C, 0xEF3C, 0xE73B, 0xE71B, 0xE71B, 0xE71B, 0xE71B,
    0xE6FB, 0xDEFA, 0xDEDA, 0xDEDA, 0xDEDA, 0xDEDA, 0xD6BA, 0xD6BA, 0xD699, 0xD699, 0xD699, 0xD679, 0xCE58, 0xCE58, 0xC617, 0xC617,
    0xC5F6, 0xBDD6, 0xBDD6, 0xBDB5, 0xB574, 0xAD54, 0xAD34, 0xAD33, 0xAD54, 0xAD34, 0xAD54, 0xAD34, 0xAD34, 0xAD34, 0xAD54, 0xAD54,
    0xAD54, 0xAD54, 0xAD54, 0xAD54, 0xAD54, 0xAD33, 0xA513, 0x9CB2, 0x9CF3, 0x9D35, 0x7C73, 0x632D, 0x7BEF, 0x8C50, 0x9CD2, 0xB575,
    0xB555, 0xAD13, 0x9C91, 0x8C2F, 0x738D, 0x5AA9, 0x41E6, 0x2904, 0x2103, 0x18A2, 0x10A2, 0x1081, 0x0840, 0x0000, 0x0000, 0x0000,
    0x0000, 0x0000, 0x0000, 0x0000, 0x0000, 0x0000, 0x0000, 0x0000, 0x0000, 0x0000, 0x0000, 0x0000, 0x0000, 0x18E3, 0xAD75, 0xAD96,
    0x4208, 0x0000, 0x0000, 0x0000, 0x0000, 0x0000, 0x0000, 0x0000, 0x0000, 0x0000, 0x0000, 0x0000, 0x0000, 0x0000, 0x0000, 0x0000,
    0x0000, 0x0000, 0x0000, 0x0000, 0x0000, 0x0000, 0x0000, 0x0000, 0x0000, 0x0000, 0x0000, 0x0000, 0x0000, 0x0000, 0x0000, 0x0000,
    0x0000, 0x0000, 0x0000, 0x0000, 0x0000, 0x0000, 0x0000, 0x0000, 0x0000, 0x0000, 0x0000, 0x0000, 0x0000, 0x0000, 0x0000, 0x0000,
    0x0000, 0x0000, 0x0000, 0x0000, 0x0000, 0x0000, 0x0000, 0x0000, 0x0000, 0x0000, 0x0000, 0x0000, 0x0000, 0x0000, 0x0000, 0x0000,
    0x0000, 0x0000, 0x0000, 0x0000, 0x0000, 0x0000, 0x0000, 0x0000, 0x0000, 0x0000, 0x0000, 0x0000, 0x0000, 0x0000, 0x0000, 0x0000,
    0x0000, 0x0000, 0x0000, 0x0000, 0x0000, 0x0000, 0x0000, 0x0000, 0x0000, 0x0000, 0x0000, 0x0000, 0x0000, 0x0000, 0x0000, 0x0000,
    0x0000, 0x0000, 0x0000, 0x0000, 0x0000, 0x0000, 0x0000, 0x0000, 0x0000, 0x0000, 0x0000, 0x0000, 0x0000, 0x0000, 0x0000, 0x0000,
    0x0000, 0x0000, 0x0000, 0x0000, 0x0000, 0x0000, 0x0000, 0x0000, 0x0000, 0x0000, 0x0000, 0x0000, 0x0000, 0x0000, 0x0000, 0x0000,
    0x0000, 0x0000, 0x0000, 0x0000, 0x0000, 0x0000, 0x0000, 0x0000, 0x0000, 0x0000, 0x0000, 0x0000, 0x0000, 0x0000, 0x0000, 0x0000,
    0x0000, 0x0000, 0x0000, 0x0000, 0x0000, 0x0000, 0x0000, 0x0000, 0x0000, 0x0000, 0x0000, 0x0000, 0x0000, 0x0000, 0x0000, 0x0000,
    0x0000, 0x0000, 0x0000, 0x0000, 0x0000, 0x0000, 0x0000, 0x0000, 0x0000, 0x0000, 0x0000, 0x0000, 0x0000, 0x0000, 0x0000, 0x0000,
    0x0000, 0x0000, 0x0000, 0x0000, 0x0000, 0x0000, 0x0000, 0x0000, 0x0000, 0x0000, 0x0000, 0x0000, 0x0000, 0x0000, 0x0000, 0x0000,
    0x0000, 0x0000, 0x0000, 0x0000, 0x0000, 0x0000, 0x0000, 0x0000, 0x0000, 0x0000, 0x0000, 0x0861, 0x2944, 0x5289, 0x7BCE, 0x8C50,
    0xB574, 0xCE58, 0xE71B, 0xF79C, 0xF7BD, 0xF79D, 0xFFDE, 0xFFFF, 0xFFDE, 0xFFDE, 0xF79D, 0xEF3C, 0xE71B, 0xDEFA, 0xD6BA, 0xD699,
    0xCE79, 0xCE58, 0xC617, 0xC617, 0xBDD6, 0xB5B6, 0xB5B5, 0xB595, 0xB595, 0xAD75, 0xAD54, 0xAD54, 0xAD54, 0xAD54, 0xAD54, 0xAD75,
    0xAD75, 0xAD75, 0xAD74, 0xAD75, 0xAD75, 0xB595, 0xB595, 0xB595, 0xB5B6, 0xBDD6, 0xBDD6, 0xBDF7, 0xBDD6, 0xC617, 0xC617, 0xC638,
    0xCE58, 0xCE58, 0xD699, 0xD699, 0xDEBA, 0xC617, 0xB595, 0x9CD2, 0x7BCF, 0x7BEF, 0x7BCE, 0x7BAE, 0x738D, 0x6B6D, 0x736D, 0x6B4C,
    0x6B4C, 0x6B6C, 0x6B6D, 0x736D, 0x736D, 0x736D, 0x73AE, 0x6B4D, 0x9CF3, 0x8C93, 0x8CB4, 0x7C32, 0x8451, 0x9CD2, 0x94B1, 0x9471,
    0x8C50, 0x8C2F, 0x8C0F, 0x8C0F, 0x83CE, 0x736C, 0x5ACA, 0x4207, 0x39A6, 0x2124, 0x10A2, 0x0841, 0x0000, 0x0000, 0x0000, 0x0000,
    0x0000, 0x0000, 0x0000, 0x0000, 0x0000, 0x0000, 0x0000, 0x0000, 0x0000, 0x0000, 0x0000, 0x0000, 0x0000, 0x0000, 0x1082, 0x8C71,
    0x9D14, 0x3186, 0x0000, 0x0000, 0x0000, 0x0000, 0x0000, 0x0000, 0x0000, 0x0000, 0x0000, 0x0000, 0x0000, 0x0000, 0x0000, 0x0000,
    0x0000, 0x0000, 0x0000, 0x0000, 0x0000, 0x0000, 0x0000, 0x0000, 0x0000, 0x0000, 0x0000, 0x0000, 0x0000, 0x0000, 0x0000, 0x0000,
    0x0000, 0x0000, 0x0000, 0x0000, 0x0000, 0x0000, 0x0000, 0x0000, 0x0000, 0x0000, 0x0000, 0x0000, 0x0000, 0x0000, 0x0000, 0x0000,
    0x0000, 0x0000, 0x0000, 0x0000, 0x0000, 0x0000, 0x0000, 0x0000, 0x0000, 0x0000, 0x0000, 0x0000, 0x0000, 0x0000, 0x0000, 0x0000,
    0x0000, 0x0000, 0x0000, 0x0000, 0x0000, 0x0000, 0x0000, 0x0000, 0x0000, 0x0000, 0x0000, 0x0000, 0x0000, 0x0000, 0x0000, 0x0000,
    0x0000, 0x0000, 0x0000, 0x0000, 0x0000, 0x0000, 0x0000, 0x0000, 0x0000, 0x0000, 0x0000, 0x0000, 0x0000, 0x0000, 0x0000, 0x0000,
    0x0000, 0x0000, 0x0000, 0x0000, 0x0000, 0x0000, 0x0000, 0x0000, 0x0000, 0x0000, 0x0000, 0x0000, 0x0000, 0x0000, 0x0000, 0x0000,
    0x0000, 0x0000, 0x0000, 0x0000, 0x0000, 0x0000, 0x0000, 0x0000, 0x0000, 0x0000, 0x0000, 0x0000, 0x0000, 0x0000, 0x0000, 0x0000,
    0x0000, 0x0000, 0x0000, 0x0000, 0x0000, 0x0000, 0x0000, 0x0000, 0x0000, 0x0000, 0x0000, 0x0000, 0x0000, 0x0000, 0x0000, 0x0000,
    0x0000, 0x0000, 0x0000, 0x0000, 0x0000, 0x0000, 0x0000, 0x0000, 0x0000, 0x0000, 0x0000, 0x0000, 0x0000, 0x0000, 0x0000, 0x0000,
    0x0000, 0x0000, 0x0000, 0x0000, 0x0000, 0x0000, 0x0000, 0x0000, 0x0000, 0x0000, 0x0000, 0x0000, 0x0000, 0x0000, 0x0000, 0x0000,
    0x0000, 0x0000, 0x0000, 0x0000, 0x0000, 0x0000, 0x0000, 0x0000, 0x0000, 0x0000, 0x0000, 0x0000, 0x0000, 0x0000, 0x0000, 0x0000,
    0x0000, 0x0000, 0x0000, 0x0000, 0x0000, 0x0000, 0x0000, 0x0861, 0x39C6, 0x738D, 0xA533, 0xD6B9, 0xF79D, 0xFFFF, 0xFFFF, 0xFFFF,
    0xFFFF, 0xEF9D, 0xE73C, 0xDEDA, 0xCE78, 0xC637, 0xBDF6, 0xAD74, 0xA513, 0x94B2, 0x8C50, 0x840F, 0x7BCE, 0x73AE, 0x6B6D, 0x634D,
    0x632C, 0x632C, 0x630C, 0x5B0C, 0x5AEB, 0x52AB, 0x52AB, 0x528A, 0x4A6A, 0x4A6A, 0x4A6A, 0x4A6A, 0x4A6A, 0x4A6A, 0x4249, 0x426A,
    0x4A69, 0x4A69, 0x4249, 0x4249, 0x4249, 0x4269, 0x4A69, 0x4A69, 0x4A6A, 0x4A6A, 0x4A8A, 0x4A8A, 0x52AA, 0x52CB, 0x5AEB, 0x5AEB,
    0x632C, 0x6B6D, 0x73AE, 0x7BCF, 0x7BAF, 0x8C72, 0x9D14, 0x94D4, 0x8431, 0xA514, 0xA4F3, 0x9491, 0x9CB1, 0x9CB2, 0x9492, 0x9471,
    0x9470, 0x8C30, 0x83EE, 0x7BCF, 0x7BCF, 0x7BCE, 0x73AE, 0x6B6D, 0x73AE, 0x6B6E, 0x52EC, 0x4A8B, 0x5AEB, 0x6B4C, 0x736D, 0x7BAE,
    0x83EF, 0x8C30, 0x9451, 0x9471, 0x9491, 0x9CD2, 0xA4F3, 0xA4D2, 0xA4D2, 0x9CD2, 0x9CB2, 0x8C70, 0x83EF, 0x738D, 0x62EB, 0x4A48,
    0x3186, 0x20E3, 0x1081, 0x0020, 0x0000, 0x0000, 0x0000, 0x0000, 0x0000, 0x0000, 0x0000, 0x0000, 0x0000, 0x0020, 0x0000, 0x2965,
    0xA555, 0x8431, 0x0020, 0x0000, 0x0000, 0x0000, 0x0000, 0x0000, 0x0000, 0x0000, 0x0000, 0x0000, 0x0000, 0x0000, 0x0000, 0x0000,
    0x0000, 0x0000, 0x0000, 0x0000, 0x0000, 0x0000, 0x0000, 0x0000, 0x0000, 0x0000, 0x0000, 0x0000, 0x0000, 0x0000, 0x0000, 0x0000,
    0x0000, 0x0000, 0x0000, 0x0000, 0x0000, 0x0000, 0x0000, 0x0000, 0x0000, 0x0000, 0x0000, 0x0000, 0x0000, 0x0000, 0x0000, 0x0000,
    0x0000, 0x0000, 0x0000, 0x0000, 0x0000, 0x0000, 0x0000, 0x0000, 0x0000, 0x0000, 0x0000, 0x0000, 0x0000, 0x0000, 0x0000, 0x0000,
    0x0000, 0x0000, 0x0000, 0x0000, 0x0000, 0x0000, 0x0000, 0x0000, 0x0000, 0x0000, 0x0000, 0x0000, 0x0000, 0x0000, 0x0000, 0x0000,
    0x0000, 0x0000, 0x0000, 0x0000, 0x0000, 0x0000, 0x0000, 0x0000, 0x0000, 0x0000, 0x0000, 0x0000, 0x0000, 0x0000, 0x0000, 0x0000,
    0x0000, 0x0000, 0x0000, 0x0000, 0x0000, 0x0000, 0x0000, 0x0000, 0x0000, 0x0000, 0x0000, 0x0000, 0x0000, 0x0000, 0x0000, 0x0000,
    0x0000, 0x0000, 0x0000, 0x0000, 0x0000, 0x0000, 0x0000, 0x0000, 0x0000, 0x0000, 0x0000, 0x0000, 0x0000, 0x0000, 0x0000, 0x0000,
    0x0000, 0x0000, 0x0000, 0x0000, 0x0000, 0x0000, 0x0000, 0x0000, 0x0000, 0x0000, 0x0000, 0x0000, 0x0000, 0x0000, 0x0000, 0x0000,
    0x0000, 0x0000, 0x0000, 0x0000, 0x0000, 0x0000, 0x0000, 0x0000, 0x0000, 0x0000, 0x0000, 0x0000, 0x0000, 0x0000, 0x0000, 0x0000,
    0x0000, 0x0000, 0x0000, 0x0000, 0x0000, 0x0000, 0x0000, 0x0000, 0x0000, 0x0000, 0x0000, 0x0000, 0x0000, 0x0000, 0x0000, 0x0000,
    0x0000, 0x0000, 0x0000, 0x0000, 0x0000, 0x0000, 0x0000, 0x0000, 0x0000, 0x0000, 0x0000, 0x0000, 0x0000, 0x0000, 0x0000, 0x0000,
    0x0000, 0x0000, 0x0000, 0x0000, 0x0020, 0x4A49, 0x9CD2, 0xDEFA, 0xFFDE, 0xFFFE, 0xFFBD, 0xE71B, 0xCE58, 0xB595, 0x9CF2, 0x9491,
    0x7BEF, 0x738D, 0x632C, 0x5ACA, 0x52AA, 0x528A, 0x5AEB, 0x5ACB, 0x5AEB, 0x5B0C, 0x5B2D, 0x634D, 0x6B8F, 0x6BD0, 0x73D0, 0x7411,
    0x7C31, 0x7C31, 0x7C32, 0x7C52, 0x7C52, 0x7C52, 0x7C52, 0x7452, 0x7452, 0x7432, 0x7432, 0x7432, 0x7432, 0x6C12, 0x6BF1, 0x6BF1,
    0x6BD1, 0x63D0, 0x63B0, 0x5B90, 0x5B6F, 0x5B6F, 0x5B4F, 0x5B4E, 0x532E, 0x530E, 0x52ED, 0x4AED, 0x4AEC, 0x4ACC, 0x4AAC, 0x428B,
    0x3A4A, 0x3A4A, 0x3209, 0x31E8, 0x424A, 0x634E, 0x52EC, 0x6B6E, 0x7BCE, 0x9491, 0xA4F2, 0xA4D2, 0x8C2F, 0x8C0E, 0x7B8D, 0x7B8C,
    0x7BAD, 0x7BAC, 0x8BEE, 0x944F, 0x9C91, 0xA4D2, 0xA512, 0xB554, 0xAD13, 0xAD34, 0xB575, 0xB596, 0xAD75, 0x9451, 0x8C30, 0x7BEF,
    0x6B6D, 0x630C, 0x62EB, 0x5AEB, 0x62EB, 0x630B, 0x6B2C, 0x736D, 0x7BAD, 0x7BCE, 0x83EF, 0x8C30, 0x9471, 0x9491, 0x9CD2, 0x9CD2,
    0x9CB2, 0x9471, 0x8C30, 0x7BCE, 0x6B2C, 0x5269, 0x39C7, 0x2104, 0x1061, 0x0020, 0x0000, 0x0000, 0x0000, 0x0000, 0x0000, 0x0000,
    0x73AE, 0xA555, 0x5AEC, 0x0000, 0x0000, 0x0000, 0x0000, 0x0000, 0x0000, 0x0000, 0x0000, 0x0000, 0x0000, 0x0000, 0x0000, 0x0000,
    0x0000, 0x0000, 0x0000, 0x0000, 0x0000, 0x0000, 0x0000, 0x0000, 0x0000, 0x0000, 0x0000, 0x0000, 0x0000, 0x0000, 0x0000, 0x0000,
    0x0000, 0x0000, 0x0000, 0x0000, 0x0000, 0x0000, 0x0000, 0x0000, 0x0000, 0x0000, 0x0000, 0x0000, 0x0000, 0x0000, 0x0000, 0x0000,
    0x0000, 0x0000, 0x0000, 0x0000, 0x0000, 0x0000, 0x0000, 0x0000, 0x0000, 0x0000, 0x0000, 0x0000, 0x0000, 0x0000, 0x0000, 0x0000,
    0x0000, 0x0000, 0x0000, 0x0000, 0x0000, 0x0000, 0x0000, 0x0000, 0x0000, 0x0000, 0x0000, 0x0000, 0x0000, 0x0000, 0x0000, 0x0000,
    0x0000, 0x0000, 0x0000, 0x0000, 0x0000, 0x0000, 0x0000, 0x0000, 0x0000, 0x0000, 0x0000, 0x0000, 0x0000, 0x0000, 0x0000, 0x0000,
    0x0000, 0x0000, 0x0000, 0x0000, 0x0000, 0x0000, 0x0000, 0x0000, 0x0000, 0x0000, 0x0000, 0x0000, 0x0000, 0x0000, 0x0000, 0x0000,
    0x0000, 0x0000, 0x0000, 0x0000, 0x0000, 0x0000, 0x0000, 0x0000, 0x0000, 0x0000, 0x0000, 0x0000, 0x0000, 0x0000, 0x0000, 0x0000,
    0x0000, 0x0000, 0x0000, 0x0000, 0x0000, 0x0000, 0x0000, 0x0000, 0x0000, 0x0000, 0x0000, 0x0000, 0x0000, 0x0000, 0x0000, 0x0000,
    0x0000, 0x0000, 0x0000, 0x0000, 0x0000, 0x0000, 0x0000, 0x0000, 0x0000, 0x0000, 0x0000, 0x0000, 0x0000, 0x0000, 0x0000, 0x0000,
    0x0000, 0x0000, 0x0000, 0x0000, 0x0000, 0x0000, 0x0000, 0x0000, 0x0000, 0x0000, 0x0000, 0x0000, 0x0000, 0x0000, 0x0000, 0x0000,
    0x0000, 0x0000, 0x0000, 0x0000, 0x0000, 0x0000, 0x0000, 0x0000, 0x0000, 0x0000, 0x0000, 0x0000, 0x0000, 0x0000, 0x0000, 0x0000,
    0x0000, 0x0000, 0x0000, 0x62EB, 0xC637, 0xEF7C, 0xDF1A, 0xB5B5, 0x9491, 0x738D, 0x5AEB, 0x5289, 0x52AA, 0x5ACA, 0x632C, 0x6B8E,
    0x7C10, 0x8451, 0x94D3, 0xA555, 0xB5D7, 0xBE39, 0xC679, 0xCE9A, 0xC69A, 0xBE5A, 0xB639, 0xAE19, 0xB619, 0xB619, 0xADF9, 0xADF9,
    0xADF9, 0xA5D9, 0xA5D9, 0xA5B8, 0x9D98, 0x9D78, 0x9D77, 0x9557, 0x9557, 0x8D36, 0x84F6, 0x84F6, 0x84F5, 0x84D5, 0x7CB5, 0x7CB4,
    0x7C94, 0x7C74, 0x7454, 0x7454, 0x7474, 0x7474, 0x7474, 0x7474, 0x7474, 0x7474, 0x7474, 0x7474, 0x7C94, 0x7474, 0x7474, 0x7474,
    0x7473, 0x7453, 0x6C32, 0x5B4E, 0x4AAB, 0x8472, 0x7C10, 0x8C51, 0x7BAE, 0xD6DA, 0xB5B6, 0xAD54, 0xBDD5, 0xC5F6, 0xCE16, 0xC616,
    0xC5F6, 0xBDB5, 0xAD53, 0xA4F2, 0x9450, 0x8BEE, 0x7B6C, 0x62EA, 0x5A88, 0x5268, 0x5A68, 0x6B4C, 0xA513, 0x9C91, 0x9470, 0xA4F2,
    0xAD33, 0xB534, 0xAD34, 0xA4F3, 0xA4B2, 0x9491, 0x8C0F, 0x7B8D, 0x6B4C, 0x630B, 0x62EB, 0x62EB, 0x62EB, 0x630B, 0x6B4C, 0x738D,
    0x7BCE, 0x840F, 0x8C50, 0x9471, 0x9CB2, 0x9CD2, 0x9CB2, 0x9CB2, 0x9471, 0x83EF, 0x6B4D, 0x52AA, 0x31A6, 0x18C2, 0x0841, 0x0000,
    0x31A6, 0xA576, 0x8CD3, 0x18E3, 0x0000, 0x0000, 0x0000, 0x0000, 0x0000, 0x0000, 0x0000, 0x0000, 0x0000, 0x0000, 0x0000, 0x0000,
    0x0000, 0x0000, 0x0000, 0x0000, 0x0000, 0x0000, 0x0000, 0x0000, 0x0000, 0x0000, 0x0000, 0x0000, 0x0000, 0x0000, 0x0000, 0x0000,
    0x0000, 0x0000, 0x0000, 0x0000, 0x0000, 0x0000, 0x0000, 0x0000, 0x0000, 0x0000, 0x0000, 0x0000, 0x0000, 0x0000, 0x0000, 0x0000,
    0x0000, 0x0000, 0x0000, 0x0000, 0x0000, 0x0000, 0x0000, 0x0000, 0x0000, 0x0000, 0x0000, 0x0000, 0x0000, 0x0000, 0x0000, 0x0000,
    0x0000, 0x0000, 0x0000, 0x0000, 0x0000, 0x0000, 0x0000, 0x0000, 0x0000, 0x0000, 0x0000, 0x0000, 0x0000, 0x0000, 0x0000, 0x0000,
    0x0000, 0x0000, 0x0000, 0x0000, 0x0000, 0x0000, 0x0000, 0x0000, 0x0000, 0x0000, 0x0000, 0x0000, 0x0000, 0x0000, 0x0000, 0x0000,
    0x0000, 0x0000, 0x0000, 0x0000, 0x0000, 0x0000, 0x0000, 0x0000, 0x0000, 0x0000, 0x0000, 0x0000, 0x0000, 0x0000, 0x0000, 0x0000,
    0x0000, 0x0000, 0x0000, 0x0000, 0x0000, 0x0000, 0x0000, 0x0000, 0x0000, 0x0000, 0x0000, 0x0000, 0x0000, 0x0000, 0x0000, 0x0000,
    0x0000, 0x0000, 0x0000, 0x0000, 0x0000, 0x0000, 0x0000, 0x0000, 0x0000, 0x0000, 0x0000, 0x0000, 0x0000, 0x0000, 0x0000, 0x0000,
    0x0000, 0x0000, 0x0000, 0x0000, 0x0000, 0x0000, 0x0000, 0x0000, 0x0000, 0x0000, 0x0000, 0x0000, 0x0000, 0x0000, 0x0000, 0x0000,
    0x0000, 0x0000, 0x0000, 0x0000, 0x0000, 0x0000, 0x0000, 0x0000, 0x0000, 0x0000, 0x0000, 0x0000, 0x0000, 0x0000, 0x0000, 0x0000,
    0x0000, 0x0000, 0x0000, 0x0000, 0x0000, 0x0000, 0x0000, 0x0000, 0x0000, 0x0000, 0x0000, 0x0000, 0x0000, 0x0000, 0x0000, 0x0000,
    0x0000, 0x0000, 0x52AA, 0xE71B, 0x8C50, 0x5AAA, 0x4A49, 0x5AEB, 0x8410, 0x9CF3, 0xB596, 0xCE79, 0xDF1C, 0xE77D, 0xEF9E, 0xEF9E,
    0xE77D, 0xE75D, 0xDF3D, 0xDF1C, 0xCEDB, 0xCE9A, 0xC659, 0xBE59, 0xB618, 0xADB7, 0xA597, 0x9D57, 0x9D57, 0x9D57, 0x9D77, 0x9D97,
    0x9D77, 0x9D57, 0x9536, 0x9537, 0x8D36, 0x8D16, 0x8CF6, 0x84F5, 0x84F5, 0x7CB5, 0x7C94, 0x7C94, 0x7494, 0x7474, 0x7474, 0x7453,
    0x6C33, 0x6C13, 0x6C12, 0x6C12, 0x6C12, 0x6C12, 0x6C12, 0x6C12, 0x6C12, 0x6C12, 0x6BF2, 0x6C12, 0x6BF2, 0x63F2, 0x63F1, 0x63F1,
    0x63F1, 0x63D1, 0x6C12, 0x428B, 0x6B8E, 0xEF7D, 0xDEFA, 0xCE78, 0xB5B6, 0xD69A, 0x4268, 0x31C6, 0x4207, 0x4A48, 0x52A9, 0x5AEB,
    0x6B4C, 0x73AD, 0x8C4F, 0x9CD1, 0xAD54, 0xB5B5, 0xC616, 0xC637, 0xCE37, 0xC617, 0xBD95, 0x9CD2, 0xA533, 0x8C4F, 0x736C, 0x732A,
    0x62A9, 0x5A68, 0x5288, 0x62C9, 0x732B, 0x7B8C, 0x8BEE, 0x944F, 0x9C90, 0x9CB1, 0x9CB1, 0x9CB1, 0x9470, 0x83EF, 0x7B8D, 0x734C,
    0x630B, 0x62EB, 0x5ACA, 0x5ACA, 0x62EB, 0x6B2C, 0x736D, 0x73AD, 0x840F, 0x8C50, 0x9491, 0x9CB2, 0x9CB2, 0x8C50, 0x7BAE, 0x62EB,
    0x4A69, 0xB5D7, 0x7C11, 0x52AA, 0x18C3, 0x0020, 0x0000, 0x0000, 0x0000, 0x0000, 0x0000, 0x0000, 0x0000, 0x0000, 0x0000, 0x0000,
    0x0000, 0x0000, 0x0000, 0x0000, 0x0000, 0x0000, 0x0000, 0x0000, 0x0000, 0x0000, 0x0000, 0x0000, 0x0000, 0x0000, 0x0000, 0x0000,
    0x0000, 0x0000, 0x0000, 0x0000, 0x0000, 0x0000, 0x0000, 0x0000, 0x0000, 0x0000, 0x0000, 0x0000, 0x0000, 0x0000, 0x0000, 0x0000,
    0x0000, 0x0000, 0x0000, 0x0000, 0x0000, 0x0000, 0x0000, 0x0000, 0x0000, 0x0000, 0x0000, 0x0000, 0x0000, 0x0000, 0x0000, 0x0000,
    0x0000, 0x0000, 0x0000, 0x0000, 0x0000, 0x0000, 0x0000, 0x0000, 0x0000, 0x0000, 0x0000, 0x0000, 0x0000, 0x0000, 0x0000, 0x0000,
    0x0000, 0x0000, 0x0000, 0x0000, 0x0000, 0x0000, 0x0000, 0x0000, 0x0000, 0x0000, 0x0000, 0x0000, 0x0000, 0x0000, 0x0000, 0x0000,
    0x0000, 0x0000, 0x0000, 0x0000, 0x0000, 0x0000, 0x0000, 0x0000, 0x0000, 0x0000, 0x0000, 0x0000, 0x0000, 0x0000, 0x0000, 0x0000,
    0x0000, 0x0000, 0x0000, 0x0000, 0x0000, 0x0000, 0x0000, 0x0000, 0x0000, 0x0000, 0x0000, 0x0000, 0x0000, 0x0000, 0x0000, 0x0000,
    0x0000, 0x0000, 0x0000, 0x0000, 0x0000, 0x0000, 0x0000, 0x0000, 0x0000, 0x0000, 0x0000, 0x0000, 0x0000, 0x0000, 0x0000, 0x0000,
    0x0000, 0x0000, 0x0000, 0x0000, 0x0000, 0x0000, 0x0000, 0x0000, 0x0000, 0x0000, 0x0000, 0x0000, 0x0000, 0x0000, 0x0000, 0x0000,
    0x0000, 0x0000, 0x0000, 0x0000, 0x0000, 0x0000, 0x0000, 0x0000, 0x0000, 0x0000, 0x0000, 0x0000, 0x0000, 0x0000, 0x0000, 0x0000,
    0x0000, 0x0000, 0x0000, 0x0000, 0x0000, 0x0000, 0x0000, 0x0000, 0x0000, 0x0000, 0x0000, 0x0000, 0x0000, 0x0000, 0x0000, 0x0000,
    0x0000, 0x0841, 0x9CF3, 0x4A8A, 0x4249, 0x9D13, 0xE73C, 0xF7DE, 0xFFFF, 0xFFFF, 0xF7DE, 0xEF9E, 0xE75D, 0xDF3C, 0xDEFB, 0xD6DB,
    0xD6BB, 0xCEBA, 0xCEBA, 0xC69A, 0xC679, 0xC659, 0xBE39, 0xBE19, 0xADD8, 0xA5B7, 0x9D77, 0x9556, 0x9536, 0x9556, 0x9D57, 0x9557,
    0x9557, 0x9536, 0x8D16, 0x8CF6, 0x84F6, 0x84D5, 0x84D5, 0x7CB5, 0x7CB5, 0x7494, 0x7474, 0x7474, 0x7474, 0x7453, 0x7453, 0x6C33,
    0x6C13, 0x6C12, 0x6C12, 0x6BF2, 0x63F2, 0x6BF2, 0x6BF2, 0x6BF2, 0x63F2, 0x63F1, 0x63F2, 0x63F2, 0x63F1, 0x63F1, 0x6BF2, 0x63D1,
    0x63D1, 0x63D1, 0x6C32, 0x3209, 0xA575, 0xE71B, 0xCE79, 0xB5B5, 0xCE59, 0xA555, 0x3A27, 0x4A89, 0x4248, 0x4228, 0x4227, 0x3A07,
    0x39E7, 0x39E7, 0x39E6, 0x31E6, 0x31C6, 0x39C6, 0x39E7, 0x4228, 0x4A69, 0x5AEB, 0x736C, 0xCE57, 0xD6B9, 0xBDD6, 0xBDD6, 0xB574,
    0xBDD6, 0xBDD5, 0xBD95, 0xB554, 0xA4D2, 0x9450, 0x7BAD, 0x6B4B, 0x62CA, 0x62A9, 0x5A88, 0x5A88, 0x62C9, 0x734B, 0x83AD, 0x8BEE,
    0x944F, 0x944F, 0x9450, 0x9450, 0x840E, 0x7B8D, 0x736C, 0x6B2C, 0x62EB, 0x5AAA, 0x5ACA, 0x5ACA, 0x6B2C, 0x736D, 0x7BAE, 0x8410,
    0x73AE, 0xB5D7, 0x8C93, 0x7C11, 0x8C72, 0x7BCE, 0x6B4C, 0x4A68, 0x2945, 0x0881, 0x0000, 0x0000, 0x0000, 0x0000, 0x0000, 0x0000,
    0x0000, 0x0000, 0x0000, 0x0000, 0x0000, 0x0000, 0x0000, 0x0000, 0x0000, 0x0000, 0x0000, 0x0000, 0x0000, 0x0000, 0x0000, 0x0000,
    0x0000, 0x0000, 0x0000, 0x0000, 0x0000, 0x0000, 0x0000, 0x0000, 0x0000, 0x0000, 0x0000, 0x0000, 0x0000, 0x0000, 0x0000, 0x0000,
    0x0000, 0x0000, 0x0000, 0x0000, 0x0000, 0x0000, 0x0000, 0x0000, 0x0000, 0x0000, 0x0000, 0x0000, 0x0000, 0x0000, 0x0000, 0x0000,
    0x0000, 0x0000, 0x0000, 0x0000, 0x0000, 0x0000, 0x0000, 0x0000, 0x0000, 0x0000, 0x0000, 0x0000, 0x0000, 0x0000, 0x0000, 0x0000,
    0x0000, 0x0000, 0x0000, 0x0000, 0x0000, 0x0000, 0x0000, 0x0000, 0x0000, 0x0000, 0x0000, 0x0000, 0x0000, 0x0000, 0x0000, 0x0000,
    0x0000, 0x0000, 0x0000, 0x0000, 0x0000, 0x0000, 0x0000, 0x0000, 0x0000, 0x0000, 0x0000, 0x0000, 0x0000, 0x0000, 0x0000, 0x0000,
    0x0000, 0x0000, 0x0000, 0x0000, 0x0000, 0x0000, 0x0000, 0x0000, 0x0000, 0x0000, 0x0000, 0x0000, 0x0000, 0x0000, 0x0000, 0x0000,
    0x0000, 0x0000, 0x0000, 0x0000, 0x0000, 0x0000, 0x0000, 0x0000, 0x0000, 0x0000, 0x0000, 0x0000, 0x0000, 0x0000, 0x0000, 0x0000,
    0x0000, 0x0000, 0x0000, 0x0000, 0x0000, 0x0000, 0x0000, 0x0000, 0x0000, 0x0000, 0x0000, 0x0000, 0x0000, 0x0000, 0x0000, 0x0000,
    0x0000, 0x0000, 0x0000, 0x0000, 0x0000, 0x0000, 0x0000, 0x0000, 0x0000, 0x0000, 0x0000, 0x0000, 0x0000, 0x0000, 0x0000, 0x0000,
    0x0000, 0x0000, 0x0000, 0x0000, 0x0000, 0x0000, 0x0000, 0x0000, 0x0000, 0x0000, 0x0000, 0x0000, 0x0000, 0x0000, 0x0000, 0x0000,
    0x0000, 0x4A8A, 0x73CF, 0x31E8, 0xA575, 0xEF9D, 0xFFFF, 0xEF9D, 0xEF9D, 0xEF9D, 0xEF7D, 0xE73C, 0xDF1C, 0xDEFB, 0xD6FB, 0xD6FB,
    0xD6DB, 0xCEBA, 0xCE9A, 0xCE7A, 0xCE7A, 0xC659, 0xBE39, 0xB5F8, 0xADB7, 0xA597, 0x9D56, 0x9536, 0x84D5, 0xADD8, 0xA597, 0x84D5,
    0x84D5, 0x84D5, 0x7CB5, 0x7CB5, 0x7CB5, 0x7C94, 0x7CB5, 0x7C94, 0x7474, 0x7453, 0x7453, 0x7453, 0x7453, 0x7453, 0x6C33, 0x6C12,
    0x6C12, 0x6412, 0x6412, 0x63F2, 0x63F2, 0x63F2, 0x63F2, 0x63F1, 0x63F1, 0x63F1, 0x63D1, 0x63D1, 0x63D1, 0x63D1, 0x63D1, 0x63D1,
    0x63D1, 0x63F1, 0x5BB0, 0x3A4A, 0xD6BA, 0xDEDB, 0xD69A, 0xAD54, 0xD6DB, 0x73CF, 0x4228, 0x4A89, 0x4A69, 0x4A69, 0x4A69, 0x4A69,
    0x4A48, 0x4A68, 0x4A68, 0x4A68, 0x4A48, 0x4248, 0x4228, 0x4228, 0x39E6, 0x3A07, 0x31C6, 0xB595, 0xCE78, 0xB595, 0x9CD2, 0x31A6,
    0x4248, 0x4A89, 0x630B, 0x738D, 0x8430, 0x9CD1, 0xAD53, 0xBDB5, 0xBDF6, 0xC5F6, 0xBDD6, 0xB574, 0xA4F2, 0x83EE, 0x7B8C, 0x6B0B,
    0x62A9, 0x5A68, 0x5248, 0x6288, 0x732B, 0x8BEE, 0x8C2F, 0x9470, 0xAD33, 0xAD13, 0xA4D2, 0x9470, 0x83EE, 0x7B8D, 0x6B0B, 0x62EA,
    0x62CA, 0x7BF0, 0x634E, 0x4ACC, 0x7BCF, 0x83CF, 0x8C50, 0x9491, 0x9471, 0x840F, 0x6B2C, 0x4207, 0x18E3, 0x0000, 0x0000, 0x0000,
    0x0000, 0x0000, 0x0000, 0x0000, 0x0000, 0x0000, 0x0000, 0x0000, 0x0000, 0x0000, 0x0000, 0x0000, 0x0000, 0x0000, 0x0000, 0x0000,
    0x0000, 0x0000, 0x0000, 0x0000, 0x0000, 0x0000, 0x0000, 0x0000, 0x0000, 0x0000, 0x0000, 0x0000, 0x0000, 0x0000, 0x0000, 0x0000,
    0x0000, 0x0000, 0x0000, 0x0000, 0x0000, 0x0000, 0x0000, 0x0000, 0x0000, 0x0000, 0x0000, 0x0000, 0x0000, 0x0000, 0x0000, 0x0000,
    0x0000, 0x0000, 0x0000, 0x0000, 0x0000, 0x0000, 0x0000, 0x0000, 0x0000, 0x0000, 0x0000, 0x0000, 0x0000, 0x0000, 0x0000, 0x0000,
    0x0000, 0x0000, 0x0000, 0x0000, 0x0000, 0x0000, 0x0000, 0x0000, 0x0000, 0x0000, 0x0000, 0x0000, 0x0000, 0x0000, 0x0000, 0x0000,
    0x0000, 0x0000, 0x0000, 0x0000, 0x0000, 0x0000, 0x0000, 0x0000, 0x0000, 0x0000, 0x0000, 0x0000, 0x0000, 0x0000, 0x0000, 0x0000,
    0x0000, 0x0000, 0x0000, 0x0000, 0x0000, 0x0000, 0x0000, 0x0000, 0x0000, 0x0000, 0x0000, 0x0000, 0x0000, 0x0000, 0x0000, 0x0000,
    0x0000, 0x0000, 0x0000, 0x0000, 0x0000, 0x0000, 0x0000, 0x0000, 0x0000, 0x0000, 0x0000, 0x0000, 0x0000, 0x0000, 0x0000, 0x0000,
    0x0000, 0x0000, 0x0000, 0x0000, 0x0000, 0x0000, 0x0000, 0x0000, 0x0000, 0x0000, 0x0000, 0x0000, 0x0000, 0x0000, 0x0000, 0x0000,
    0x0000, 0x0000, 0x0000, 0x0000, 0x0000, 0x0000, 0x0000, 0x0000, 0x0000, 0x0000, 0x0000, 0x0000, 0x0000, 0x0000, 0x0000, 0x0000,
    0x0000, 0x0000, 0x0000, 0x0000, 0x0000, 0x0000, 0x0000, 0x0000, 0x0000, 0x0000, 0x0000, 0x0000, 0x0000, 0x0000, 0x0000, 0x0000,
    0x0861, 0x94B2, 0x3A08, 0x7C31, 0xBDF7, 0xF7BE, 0xEF9D, 0xEF9D, 0xEF9E, 0xEF7D, 0xEF7D, 0xE73C, 0xDEFB, 0xD6DB, 0xD6BA, 0xCEBA,
    0xCE9A, 0xCE79, 0xC659, 0xC659, 0xC659, 0xBE39, 0xBE18, 0xB5D8, 0xAD97, 0xA577, 0x9536, 0x8CF5, 0x8CF5, 0x9536, 0x9D77, 0x84D5,
    0x84B5, 0x7C94, 0x7C74, 0x7494, 0x7474, 0x7474, 0x7474, 0x7453, 0x7453, 0x7453, 0x6C33, 0x6C33, 0x6C33, 0x6C33, 0x6C12, 0x6C12,
    0x6412, 0x63F2, 0x63F2, 0x63F2, 0x63F2, 0x63F2, 0x63F2, 0x63F1, 0x63F1, 0x63F1, 0x63D1, 0x63F1, 0x6BF1, 0x6BF1, 0x63F1, 0x63D1,
    0x63B1, 0x6C12, 0x4AED, 0x634D, 0xEF5C, 0xD69A, 0xCE58, 0xB5B6, 0xCE9A, 0x52CA, 0x4A89, 0x4A69, 0x4A69, 0x4A69, 0x4A69, 0x4A69,
    0x4A68, 0x4A68, 0x4A68, 0x4A68, 0x4A48, 0x4A48, 0x4248, 0x4A48, 0x4228, 0x52CA, 0x52AA, 0xB575, 0xCE99, 0xB5B5, 0xAD75, 0x4248,
    0x5289, 0x4A69, 0x4268, 0x4248, 0x3A27, 0x3A07, 0x3A07, 0x39E7, 0x3A07, 0x4A48, 0x52CA, 0x6B4C, 0x7BCE, 0xBDD6, 0x9491, 0xAD53,
    0xB594, 0xB595, 0xB574, 0xAD33, 0x8C2F, 0x83EF, 0xB5B5, 0xAD54, 0x5269, 0x4A27, 0x62EA, 0x738D, 0x8C2F, 0x9C91, 0xA4D2, 0xA4F2,
    0x9CB1, 0x94B3, 0x8452, 0x4A8B, 0x632C, 0x6B2B, 0x5ACA, 0x5ACA, 0x6B2C, 0x738D, 0x7BCE, 0x840F, 0x83EF, 0x6B2B, 0x39C6, 0x0841,
    0x0000, 0x0000, 0x0000, 0x0000, 0x0000, 0x0000, 0x0000, 0x0000, 0x0000, 0x0000, 0x0000, 0x0000, 0x0000, 0x0000, 0x0000, 0x0000,
    0x0000, 0x0000, 0x0000, 0x0000, 0x0000, 0x0000, 0x0000, 0x0000, 0x0000, 0x0000, 0x0000, 0x0000, 0x0000, 0x0000, 0x0000, 0x0000,
    0x0000, 0x0000, 0x0000, 0x0000, 0x0000, 0x0000, 0x0000, 0x0000, 0x0000, 0x0000, 0x0000, 0x0000, 0x0000, 0x0000, 0x0000, 0x0000,
    0x0000, 0x0000, 0x0000, 0x0000, 0x0000, 0x0000, 0x0000, 0x0000, 0x0000, 0x0000, 0x0000, 0x0000, 0x0000, 0x0000, 0x0000, 0x0000,
    0x0000, 0x0000, 0x0000, 0x0000, 0x0000, 0x0000, 0x0000, 0x0000, 0x0000, 0x0000, 0x0000, 0x0000, 0x0000, 0x0000, 0x0000, 0x0000,
    0x0000, 0x0000, 0x0000, 0x0000, 0x0000, 0x0000, 0x0000, 0x0000, 0x0000, 0x0000, 0x0000, 0x0000, 0x0000, 0x0000, 0x0000, 0x0000,
    0x0000, 0x0000, 0x0000, 0x0000, 0x0000, 0x0000, 0x0000, 0x0000, 0x0000, 0x0000, 0x0000, 0x0000, 0x0000, 0x0000, 0x0000, 0x0000,
    0x0000, 0x0000, 0x0000, 0x0000, 0x0000, 0x0000, 0x0000, 0x0000, 0x0000, 0x0000, 0x0000, 0x0000, 0x0000, 0x0000, 0x0000, 0x0000,
    0x0000, 0x0000, 0x0000, 0x0000, 0x0000, 0x0000, 0x0000, 0x0000, 0x0000, 0x0000, 0x0000, 0x0000, 0x0000, 0x0000, 0x0000, 0x0000,
    0x0000, 0x0000, 0x0000, 0x0000, 0x0000, 0x0000, 0x0000, 0x0000, 0x0000, 0x0000, 0x0000, 0x0000, 0x0000, 0x0000, 0x0000, 0x0000,
    0x0000, 0x0000, 0x0000, 0x0000, 0x0000, 0x0000, 0x0000, 0x0000, 0x0000, 0x0000, 0x0000, 0x0000, 0x0000, 0x0000, 0x0000, 0x0000,
    0x73CE, 0x6BAE, 0x4AAB, 0xA575, 0xDF1B, 0xF7DE, 0xEF9D, 0xEF9D, 0xEF9E, 0xEF7D, 0xE75D, 0xE75D, 0xE73C, 0xDF1C, 0xDF1C, 0xDEFB,
    0xDEFB, 0xDEFB, 0xDEFB, 0xD6DA, 0xCE99, 0xC639, 0xB5F8, 0xADD7, 0xA597, 0x9D76, 0x8D15, 0xB5F8, 0xC67A, 0x9D56, 0x8CF5, 0x84D5,
    0x7CB4, 0x7474, 0x7454, 0x7474, 0x7454, 0x7454, 0x6C53, 0x6C53, 0x7474, 0x7453, 0x6C33, 0x6C33, 0x6C32, 0x6C12, 0x6412, 0x63F2,
    0x63F2, 0x63F2, 0x63F2, 0x63F2, 0x63F2, 0x63F2, 0x63F2, 0x63F2, 0x63F2, 0x6BF2, 0x6BF2, 0x6BF2, 0x6C12, 0x6C12, 0x6C12, 0x6BF2,
    0x63D1, 0x7432, 0x3A4A, 0x94D3, 0xE75C, 0xD69A, 0xBDF6, 0xC659, 0xB596, 0x4A48, 0x52A9, 0x4A89, 0x4A69, 0x4A69, 0x4A69, 0x4A69,
    0x4A69, 0x4A69, 0x4A69, 0x4A68, 0x4A48, 0x4A48, 0x4A48, 0x4A68, 0x4248, 0x634D, 0x5B0B, 0xAD54, 0xCE99, 0xB595, 0xB595, 0x4A89,
    0x52A9, 0x4AA9, 0x4A89, 0x5289, 0x52A9, 0x4AA9, 0x4A89, 0x4A89, 0x4A69, 0x4A68, 0x4228, 0x4207, 0x31A6, 0x9492, 0x31A6, 0x3A07,
    0x4227, 0x4A48, 0x5289, 0x4A69, 0x9490, 0xA533, 0xC617, 0xD6BA, 0x6B4D, 0x0041, 0x0882, 0x0041, 0x0041, 0x0841, 0x10C2, 0x2944,
    0x39C7, 0x52CB, 0x4A8A, 0x52AB, 0x7BCE, 0x9470, 0x942F, 0x8C2F, 0x83EE, 0x7B8D, 0x734C, 0x6B0B, 0x630B, 0x6B4C, 0x7BAD, 0x736D,
    0x2945, 0x0000, 0x0000, 0x0000, 0x0000, 0x0000, 0x0000, 0x0000, 0x0000, 0x0000, 0x0000, 0x0000, 0x0000, 0x0000, 0x0000, 0x0000,
    0x0000, 0x0000, 0x0000, 0x0000, 0x0000, 0x0000, 0x0000, 0x0000, 0x0000, 0x0000, 0x0000, 0x0000, 0x0000, 0x0000, 0x0000, 0x0000,
    0x0000, 0x0000, 0x0000, 0x0000, 0x0000, 0x0000, 0x0000, 0x0000, 0x0000, 0x0000, 0x0000, 0x0000, 0x0000, 0x0000, 0x0000, 0x0000,
    0x0000, 0x0000, 0x0000, 0x0000, 0x0000, 0x0000, 0x0000, 0x0000, 0x0000, 0x0000, 0x0000, 0x0000, 0x0000, 0x0000, 0x0000, 0x0000,
    0x0000, 0x0000, 0x0000, 0x0000, 0x0000, 0x0000, 0x0000, 0x0000, 0x0000, 0x0000, 0x0000, 0x0000, 0x0000, 0x0000, 0x0000, 0x0000,
    0x0000, 0x0000, 0x0000, 0x0000, 0x0000, 0x0000, 0x0000, 0x0000, 0x0000, 0x0000, 0x0000, 0x0000, 0x0000, 0x0000, 0x0000, 0x0000,
    0x0000, 0x0000, 0x0000, 0x0000, 0x0000, 0x0000, 0x0000, 0x0000, 0x0000, 0x0000, 0x0000, 0x0000, 0x0000, 0x0000, 0x0000, 0x0000,
    0x0000, 0x0000, 0x0000, 0x0000, 0x0000, 0x0000, 0x0000, 0x0000, 0x0000, 0x0000, 0x0000, 0x0000, 0x0000, 0x0000, 0x0000, 0x0000,
    0x0000, 0x0000, 0x0000, 0x0000, 0x0000, 0x0000, 0x0000, 0x0000, 0x0000, 0x0000, 0x0000, 0x0000, 0x0000, 0x0000, 0x0000, 0x0000,
    0x0000, 0x0000, 0x0000, 0x0000, 0x0000, 0x0000, 0x0000, 0x0000, 0x0000, 0x0000, 0x0000, 0x0000, 0x0000, 0x0000, 0x0000, 0x0000,
    0x0000, 0x0000, 0x0000, 0x0000, 0x0000, 0x0000, 0x0000, 0x0000, 0x0000, 0x0000, 0x0000, 0x0000, 0x0000, 0x0000, 0x0000, 0x31A6,
    0x9D14, 0x29C8, 0x8CB3, 0xBDF7, 0xF7DE, 0xEF9D, 0xEF9D, 0xEF9D, 0xEF7D, 0xE75D, 0xE75D, 0xE75D, 0xE73C, 0xDF3C, 0xDF3C, 0xDF3C,
    0xDF1C, 0xDEFB, 0xDF1B, 0xE73B, 0xE73C, 0xD6BA, 0xBE19, 0xADB7, 0xADB7, 0xA597, 0xC659, 0xD6DB, 0xCE99, 0xC679, 0xBE18, 0xA597,
    0x84D5, 0x7C74, 0x7474, 0x7453, 0x8494, 0x84D4, 0x7473, 0x6C12, 0x63F2, 0x63D1, 0x5BD1, 0x5BB1, 0x5BB1, 0x5BD1, 0x5BD1, 0x63D1,
    0x63D1, 0x63D1, 0x63F2, 0x63F2, 0x63F2, 0x63F2, 0x6BF2, 0x6C12, 0x6C12, 0x6C12, 0x6C12, 0x6C12, 0x6C32, 0x6C12, 0x6C12, 0x6C12,
    0x6BF1, 0x6C32, 0x3229, 0xC659, 0xDEFB, 0xD6B9, 0xB5B6, 0xD6DB, 0x8C71, 0x4248, 0x52AA, 0x4A89, 0x4A69, 0x4A69, 0x4A69, 0x4A69,
    0x4A69, 0x4A69, 0x4A69, 0x4A69, 0x4A68, 0x4A68, 0x4A48, 0x4A68, 0x4A68, 0x638D, 0x634D, 0xA513, 0xD699, 0xB595, 0xB5B6, 0x52AA,
    0x52A9, 0x4AA9, 0x4A89, 0x4A89, 0x4A89, 0x4A89, 0x4A89, 0x4A89, 0x4A69, 0x4A69, 0x4A69, 0x4A89, 0x3A27, 0x94D3, 0x52A9, 0x52A9,
    0x52A9, 0x52A9, 0x4248, 0x2986, 0x630B, 0xAD13, 0xBDB6, 0xCE79, 0x8C71, 0x39C7, 0x4248, 0x31C6, 0x2985, 0x2145, 0x18E3, 0x10A2,
    0x0862, 0x0041, 0x0041, 0x0862, 0x1082, 0x2104, 0x2965, 0x39C7, 0x5269, 0x6B0B, 0x7B8D, 0x83EE, 0x8C0F, 0x83CE, 0x7B8C, 0x736C,
    0x83EE, 0x3165, 0x0000, 0x0000, 0x0000, 0x0000, 0x0000, 0x0000, 0x0000, 0x0000, 0x0000, 0x0000, 0x0000, 0x0000, 0x0000, 0x0000,
    0x0000, 0x0000, 0x0000, 0x0000, 0x0000, 0x0000, 0x0000, 0x0000, 0x0000, 0x0000, 0x0000, 0x0000, 0x0000, 0x0000, 0x0000, 0x0000,
    0x0000, 0x0000, 0x0000, 0x0000, 0x0000, 0x0000, 0x0000, 0x0000, 0x0000, 0x0000, 0x0000, 0x0000, 0x0000, 0x0000, 0x0000, 0x0000,
    0x0000, 0x0000, 0x0000, 0x0000, 0x0000, 0x0000, 0x0000, 0x0000, 0x0000, 0x0000, 0x0000, 0x0000, 0x0000, 0x0000, 0x0000, 0x0000,
    0x0000, 0x0000, 0x0000, 0x0000, 0x0000, 0x0000, 0x0000, 0x0000, 0x0000, 0x0000, 0x0000, 0x0000, 0x0000, 0x0000, 0x0000, 0x0000,
    0x0000, 0x0000, 0x0000, 0x0000, 0x0000, 0x0000, 0x0000, 0x0000, 0x0000, 0x0000, 0x0000, 0x0000, 0x0000, 0x0000, 0x0000, 0x0000,
    0x0000, 0x0000, 0x0000, 0x0000, 0x0000, 0x0000, 0x0000, 0x0000, 0x0000, 0x0000, 0x0000, 0x0000, 0x0000, 0x0000, 0x0000, 0x0000,
    0x0000, 0x0000, 0x0000, 0x0000, 0x0000, 0x0000, 0x0000, 0x0000, 0x0000, 0x0000, 0x0000, 0x0000, 0x0000, 0x0000, 0x0000, 0x0000,
    0x0000, 0x0000, 0x0000, 0x0000, 0x0000, 0x0000, 0x0000, 0x0000, 0x0000, 0x0000, 0x0000, 0x0000, 0x0000, 0x0000, 0x0000, 0x0000,
    0x0000, 0x0000, 0x0000, 0x0000, 0x0000, 0x0000, 0x0000, 0x0000, 0x0000, 0x0000, 0x0000, 0x0000, 0x0000, 0x0000, 0x0000, 0x0000,
    0x0000, 0x0000, 0x0000, 0x0000, 0x0000, 0x0000, 0x0000, 0x0000, 0x0000, 0x0000, 0x0000, 0x0000, 0x0000, 0x0000, 0x0000, 0xA534,
    0x4A8B, 0x5B4E, 0xA575, 0xE73C, 0xF7DE, 0xEF7D, 0xEF9D, 0xEF9D, 0xE77D, 0xE75D, 0xE75D, 0xE75C, 0xE73C, 0xDF3C, 0xDF3C, 0xDF1C,
    0xDF1B, 0xDEFB, 0xDF1B, 0xE71B, 0xDF1B, 0xCE9A, 0xBE39, 0xADD8, 0xADB7, 0xB5F8, 0xCEBA, 0xAD96, 0xA576, 0x9D36, 0x9D35, 0x8CD5,
    0x7C94, 0x7C94, 0x7C93, 0x8494, 0xB5F7, 0xBE17, 0xCE79, 0xB5D7, 0x7C52, 0xA556, 0x9D35, 0x8493, 0x7C52, 0x6C12, 0x63D1, 0x5B90,
    0x5B90, 0x5B90, 0x5BB1, 0x63D1, 0x63D1, 0x63F1, 0x63D1, 0x63F1, 0x6BF1, 0x6C12, 0x6C12, 0x6C12, 0x7432, 0x7432, 0x6C12, 0x6C12,
    0x6C12, 0x5B90, 0x4ACB, 0xE73C, 0xD6BA, 0xCE79, 0xB5B6, 0xD6DA, 0x632C, 0x4A89, 0x52A9, 0x4A89, 0x4A89, 0x4A89, 0x4A89, 0x4A69,
    0x4A69, 0x4A69, 0x4A69, 0x4A69, 0x4A69, 0x4A48, 0x4A48, 0x4248, 0x4A89, 0x6BAE, 0x6B8E, 0x9CF3, 0xD699, 0xB5B6, 0xBDD6, 0x52CA,
    0x4A89, 0x4A89, 0x4A69, 0x4268, 0x4248, 0x4248, 0x4248, 0x4248, 0x4248, 0x4228, 0x4228, 0x4248, 0x31C7, 0x94D3, 0x52CA, 0x4A89,
    0x5289, 0x4A89, 0x4A68, 0x4289, 0x630B, 0xAD13, 0xB595, 0xCE79, 0xA534, 0x3A07, 0x52CA, 0x4AA9, 0x4AA9, 0x4A89, 0x52A9, 0x52A9,
    0x4A89, 0x4A69, 0x4248, 0x3A07, 0x31A6, 0x2144, 0x1904, 0x10C3, 0x0882, 0x0841, 0x0841, 0x10A2, 0x2945, 0x41E7, 0x5AA9, 0x732B,
    0x7B6C, 0x7B8D, 0x10A2, 0x0000, 0x0000, 0x0000, 0x0000, 0x0000, 0x0000, 0x0000, 0x0000, 0x0000, 0x0000, 0x0000, 0x0000, 0x0000,
    0x0000, 0x0000, 0x0000, 0x0000, 0x0000, 0x0000, 0x0000, 0x0000, 0x0000, 0x0000, 0x0000, 0x0000, 0x0000, 0x0000, 0x0000, 0x0000,
    0x0000, 0x0000, 0x0000, 0x0000, 0x0000, 0x0000, 0x0000, 0x0000, 0x0000, 0x0000, 0x0000, 0x0000, 0x0000, 0x0000, 0x0000, 0x0000,
    0x0000, 0x0000, 0x0000, 0x0000, 0x0000, 0x0000, 0x0000, 0x0000, 0x0000, 0x0000, 0x0000, 0x0000, 0x0000, 0x0000, 0x0000, 0x0000,
    0x0000, 0x0000, 0x0000, 0x0000, 0x0000, 0x0000, 0x0000, 0x0000, 0x0000, 0x0000, 0x0000, 0x0000, 0x0000, 0x0000, 0x0000, 0x0000,
    0x0000, 0x0000, 0x0000, 0x0000, 0x0000, 0x0000, 0x0000, 0x0000, 0x0000, 0x0000, 0x0000, 0x0000, 0x0000, 0x0000, 0x0000, 0x0000,
    0x0000, 0x0000, 0x0000, 0x0000, 0x0000, 0x0000, 0x0000, 0x0000, 0x0000, 0x0000, 0x0000, 0x0000, 0x0000, 0x0000, 0x0000, 0x0000,
    0x0000, 0x0000, 0x0000, 0x0000, 0x0000, 0x0000, 0x0000, 0x0000, 0x0000, 0x0000, 0x0000, 0x0000, 0x0000, 0x0000, 0x0000, 0x0000,
    0x0000, 0x0000, 0x0000, 0x0000, 0x0000, 0x0000, 0x0000, 0x0000, 0x0000, 0x0000, 0x0000, 0x0000, 0x0000, 0x0000, 0x0000, 0x0000,
    0x0000, 0x0000, 0x0000, 0x0000, 0x0000, 0x0000, 0x0000, 0x0000, 0x0000, 0x0000, 0x0000, 0x0000, 0x0000, 0x0000, 0x0000, 0x0000,
    0x0000, 0x0000, 0x0000, 0x0000, 0x0000, 0x0000, 0x0000, 0x0000, 0x0000, 0x0000, 0x0000, 0x0000, 0x0000, 0x0000, 0x5ACB, 0x8C72,
    0x31E8, 0x9D14, 0xB5D7, 0xF7DE, 0xEF9D, 0xEF9D, 0xEF9D, 0xEF7D, 0xE75D, 0xE75D, 0xDF5C, 0xE75D, 0xDF3C, 0xDF1C, 0xDF3C, 0xDF1B,
    0xDF1B, 0xDF1B, 0xE73B, 0xE71B, 0xDEFB, 0xCE9A, 0xBE38, 0xB5F8, 0xADB7, 0xB5F8, 0xDEFB, 0xCE99, 0xBE39, 0xADB7, 0xA597, 0x84B4,
    0x84B4, 0x7C73, 0x7C74, 0x84B5, 0xBE18, 0xC617, 0xD678, 0xBDF8, 0x84B3, 0xC638, 0xCE57, 0xCE37, 0xC617, 0xC638, 0xAD95, 0x6BF1,
    0x63D1, 0x63D1, 0x63B0, 0x5BB1, 0x5BB1, 0x5B90, 0x63D1, 0x6BF1, 0x63D1, 0x63B0, 0x63D1, 0x63B0, 0x5B90, 0x5B90, 0x5BB0, 0x5B70,
    0x6C12, 0x4AAC, 0x7C10, 0xEF7D, 0xD6BA, 0xC617, 0xC617, 0xBE17, 0x4A69, 0x52AA, 0x52A9, 0x4AA9, 0x4A89, 0x4A89, 0x4A89, 0x4A69,
    0x4A68, 0x4A68, 0x4A68, 0x4A48, 0x4A48, 0x4A48, 0x4248, 0x4248, 0x4A89, 0x6BCF, 0x6B8E, 0x9CF2, 0xD6B9, 0xB5B5, 0xBDF7, 0x5AEB,
    0x4A68, 0x4A89, 0x4A69, 0x4A68, 0x4248, 0x4248, 0x4248, 0x4248, 0x4248, 0x4228, 0x4228, 0x4248, 0x31C6, 0x94D3, 0x5B0B, 0x4A88,
    0x5289, 0x4A89, 0x4A68, 0x52EB, 0x5B0C, 0xA4F3, 0xB575, 0xCE58, 0xBDD6, 0x4248, 0x4A89, 0x4A69, 0x4A69, 0x4A69, 0x4A89, 0x4A89,
    0x4AA9, 0x52A9, 0x52AA, 0x52AA, 0x52AA, 0x52A9, 0x52A9, 0x52A9, 0x5289, 0x4248, 0x3A07, 0x2986, 0x18E3, 0x0061, 0x0041, 0x0020,
    0x4A69, 0xA513, 0x2965, 0x0000, 0x0000, 0x0000, 0x0000, 0x0000, 0x0000, 0x0000, 0x0000, 0x0000, 0x0000, 0x0000, 0x0000, 0x0000,
    0x0000, 0x0000, 0x0000, 0x0000, 0x0000, 0x0000, 0x0000, 0x0000, 0x0000, 0x0000, 0x0000, 0x0000, 0x0000, 0x0000, 0x0000, 0x0000,
    0x0000, 0x0000, 0x0000, 0x0000, 0x0000, 0x0000, 0x0000, 0x0000, 0x0000, 0x0000, 0x0000, 0x0000, 0x0000, 0x0000, 0x0000, 0x0000,
    0x0000, 0x0000, 0x0000, 0x0000, 0x0000, 0x0000, 0x0000, 0x0000, 0x0000, 0x0000, 0x0000, 0x0000, 0x0000, 0x0000, 0x0000, 0x0000,
    0x0000, 0x0000, 0x0000, 0x0000, 0x0000, 0x0000, 0x0000, 0x0000, 0x0000, 0x0000, 0x0000, 0x0000, 0x0000, 0x0000, 0x0000, 0x0000,
    0x0000, 0x0000, 0x0000, 0x0000, 0x0000, 0x0000, 0x0000, 0x0000, 0x0000, 0x0000, 0x0000, 0x0000, 0x0000, 0x0000, 0x0000, 0x0000,
    0x0000, 0x0000, 0x0000, 0x0000, 0x0000, 0x0000, 0x0000, 0x0000, 0x0000, 0x0000, 0x0000, 0x0000, 0x0000, 0x0000, 0x0000, 0x0000,
    0x0000, 0x0000, 0x0000, 0x0000, 0x0000, 0x0000, 0x0000, 0x0000, 0x0000, 0x0000, 0x0000, 0x0000, 0x0000, 0x0000, 0x0000, 0x0000,
    0x0000, 0x0000, 0x0000, 0x0000, 0x0000, 0x0000, 0x0000, 0x0000, 0x0000, 0x0000, 0x0000, 0x0000, 0x0000, 0x0000, 0x0000, 0x0000,
    0x0000, 0x0000, 0x0000, 0x0000, 0x0000, 0x0000, 0x0000, 0x0000, 0x0000, 0x0000, 0x0000, 0x0000, 0x0000, 0x0000, 0x0000, 0x0000,
    0x0000, 0x0000, 0x0000, 0x0000, 0x0000, 0x0000, 0x0000, 0x0000, 0x0000, 0x0000, 0x0000, 0x0000, 0x0000, 0x10A2, 0xA555, 0x31E8,
    0x73F0, 0x9D34, 0xDF1B, 0xF7BE, 0xEF7D, 0xEF9D, 0xEF7D, 0xE75D, 0xE73C, 0xDF3C, 0xDF3C, 0xDF3C, 0xDF1C, 0xDF1C, 0xDF1C, 0xDF1B,
    0xDF1B, 0xE71B, 0xE73B, 0xE71B, 0xD6DA, 0xCE9A, 0xBE18, 0xB5F8, 0xADB7, 0xBE18, 0xDEFA, 0xDEFA, 0xD6DA, 0xC638, 0xB618, 0x8CD4,
    0x84B4, 0x7C73, 0x7C74, 0x84B4, 0xB5F7, 0xBE17, 0xCE58, 0xB5B7, 0x8493, 0xBDF7, 0xC617, 0xBDD6, 0xB5D6, 0xBDF6, 0xAD75, 0x6C12,
    0x63F1, 0x7432, 0x63D1, 0x63D1, 0x5BD1, 0x5B90, 0x84B4, 0xA576, 0x9D35, 0x9D55, 0x9D55, 0x9514, 0x94F4, 0x84B3, 0x63D1, 0x536F,
    0x7432, 0x3A2A, 0xB5B7, 0xE75C, 0xD6BA, 0xB595, 0xD6BA, 0x8C71, 0x31A6, 0x4249, 0x4248, 0x4248, 0x4A68, 0x4A69, 0x4A89, 0x4A69,
    0x4228, 0x4227, 0x3A07, 0x3A07, 0x3A07, 0x3A07, 0x4207, 0x4227, 0x4AA9, 0x73EF, 0x6BCF, 0x9CD2, 0xD6BA, 0xB5B6, 0xBDF7, 0x5B2C,
    0x4A69, 0x4AA9, 0x4A89, 0x4A69, 0x4248, 0x4268, 0x4248, 0x4248, 0x4248, 0x4228, 0x4228, 0x4A69, 0x31C6, 0x8472, 0x634C, 0x4A89,
    0x52AA, 0x52A9, 0x52A9, 0x52EB, 0x5B2C, 0x9CB2, 0xB575, 0xC637, 0xCE58, 0x5ACB, 0x4A89, 0x52CA, 0x52AA, 0x52AA, 0x52CA, 0x52CA,
    0x52AA, 0x52AA, 0x52AA, 0x52AA, 0x52A9, 0x4AA9, 0x52A9, 0x52A9, 0x52CA, 0x52CA, 0x52CA, 0x52CA, 0x52A9, 0x4A89, 0x2164, 0x0882,
    0x4249, 0xCE79, 0x4248, 0x0000, 0x0000, 0x0000, 0x0000, 0x0000, 0x0000, 0x0000, 0x0000, 0x0000, 0x0000, 0x0000, 0x0000, 0x0000,
    0x0000, 0x0000, 0x0000, 0x0000, 0x0000, 0x0000, 0x0000, 0x0000, 0x0000, 0x0000, 0x0000, 0x0000, 0x0000, 0x0000, 0x0000, 0x0000,
    0x0000, 0x0000, 0x0000, 0x0000, 0x0000, 0x0000, 0x0000, 0x0000, 0x0000, 0x0000, 0x0000, 0x0000, 0x0000, 0x0000, 0x0000, 0x0000,
    0x0000, 0x0000, 0x0000, 0x0000, 0x0000, 0x0000, 0x0000, 0x0000, 0x0000, 0x0000, 0x0000, 0x0000, 0x0000, 0x0000, 0x0000, 0x0000,
    0x0000, 0x0000, 0x0000, 0x0000, 0x0000, 0x0000, 0x0000, 0x0000, 0x0000, 0x0000, 0x0000, 0x0000, 0x0000, 0x0000, 0x0000, 0x0000,
    0x0000, 0x0000, 0x0000, 0x0000, 0x0000, 0x0000, 0x0000, 0x0000, 0x0000, 0x0000, 0x0000, 0x0000, 0x0000, 0x0000, 0x0000, 0x0000,
    0x0000, 0x0000, 0x0000, 0x0000, 0x0000, 0x0000, 0x0000, 0x0000, 0x0000, 0x0000, 0x0000, 0x0000, 0x0000, 0x0000, 0x0000, 0x0000,
    0x0000, 0x0000, 0x0000, 0x0000, 0x0000, 0x0000, 0x0000, 0x0000, 0x0000, 0x0000, 0x0000, 0x0000, 0x0000, 0x0000, 0x0000, 0x0000,
    0x0000, 0x0000, 0x0000, 0x0000, 0x0000, 0x0000, 0x0000, 0x0000, 0x0000, 0x0000, 0x0000, 0x0000, 0x0000, 0x0000, 0x0000, 0x0000,
    0x0000, 0x0000, 0x0000, 0x0000, 0x0000, 0x0000, 0x0000, 0x0000, 0x0000, 0x0000, 0x0000, 0x0000, 0x0000, 0x0000, 0x0000, 0x0000,
    0x0000, 0x0000, 0x0000, 0x0000, 0x0000, 0x0000, 0x0000, 0x0000, 0x0000, 0x0000, 0x0000, 0x0000, 0x0000, 0x73AE, 0x6BAE, 0x426A,
    0x9514, 0xBE17, 0xF7DF, 0xEF7D, 0xEF7D, 0xEF7D, 0xE75D, 0xE73C, 0xDF3C, 0xDF1C, 0xDF1C, 0xDF1C, 0xDF1B, 0xDF1C, 0xDF1B, 0xDF3B,
    0xE73B, 0xE73B, 0xE73B, 0xDF1B, 0xD6DA, 0xC679, 0xBE18, 0xB5F8, 0xADD7, 0xBE18, 0xD6DA, 0xD6BA, 0xD699, 0xBE18, 0xB5F8, 0x8CD5,
    0x8494, 0x7C73, 0x7473, 0x7CB4, 0xB5D7, 0xB5F7, 0xC638, 0xAD96, 0x84B3, 0xBDF7, 0xBE17, 0xBDF6, 0xBDF6, 0xC5F7, 0xA576, 0x6C12,
    0x63D1, 0x7432, 0x63D1, 0x63B1, 0x63D1, 0x5B90, 0x7C93, 0x9D55, 0x9514, 0x9D35, 0x9D35, 0x9D35, 0x9D35, 0x9D35, 0x7432, 0x6BF1,
    0x6BF1, 0x3A4A, 0xDEFB, 0xDEFB, 0xCE99, 0xB595, 0xDEFB, 0x52CB, 0x2144, 0x2165, 0x2144, 0x1904, 0x1903, 0x1904, 0x2145, 0x31C7,
    0x3A07, 0x39E6, 0x31E6, 0x31E6, 0x39E6, 0x39E7, 0x3A07, 0x3A07, 0x4AA9, 0x7410, 0x7410, 0x9CB2, 0xD6BA, 0xB5B6, 0xC617, 0x52CB,
    0x2965, 0x31A6, 0x2986, 0x2965, 0x2965, 0x2965, 0x2165, 0x2165, 0x2165, 0x2965, 0x2165, 0x2965, 0x1904, 0x8451, 0x52CB, 0x2144,
    0x31A6, 0x31A6, 0x31E7, 0x4A89, 0x5B4D, 0x8C50, 0xB595, 0xC617, 0xD699, 0x6B6D, 0x1924, 0x2965, 0x2145, 0x2124, 0x2124, 0x2124,
    0x1924, 0x2124, 0x2124, 0x2124, 0x2124, 0x2124, 0x2144, 0x2144, 0x2144, 0x31A6, 0x4A89, 0x52A9, 0x4A89, 0x52CA, 0x3A27, 0x08A2,
    0x2145, 0xBDD6, 0x6B4C, 0x0000, 0x0000, 0x0000, 0x0000, 0x0000, 0x0000, 0x0000, 0x0000, 0x0000, 0x0000, 0x0000, 0x0000, 0x0000,
    0x0000, 0x0000, 0x0000, 0x0000, 0x0000, 0x0000, 0x0000, 0x0000, 0x0000, 0x0000, 0x0000, 0x0000, 0x0000, 0x0000, 0x0000, 0x0000,
    0x0000, 0x0000, 0x0000, 0x0000, 0x0000, 0x0000, 0x0000, 0x0000, 0x0000, 0x0000, 0x0000, 0x0000, 0x0000, 0x0000, 0x0000, 0x0000,
    0x0000, 0x0000, 0x0000, 0x0000, 0x0000, 0x0000, 0x0000, 0x0000, 0x0000, 0x0000, 0x0000, 0x0000, 0x0000, 0x0000, 0x0000, 0x0000,
    0x0000, 0x0000, 0x0000, 0x0000, 0x0000, 0x0000, 0x0000, 0x0000, 0x0000, 0x0000, 0x0000, 0x0000, 0x0000, 0x0000, 0x0000, 0x0000,
    0x0000, 0x0000, 0x0000, 0x0000, 0x0000, 0x0000, 0x0000, 0x0000, 0x0000, 0x0000, 0x0000, 0x0000, 0x0000, 0x0000, 0x0000, 0x0000,
    0x0000, 0x0000, 0x0000, 0x0000, 0x0000, 0x0000, 0x0000, 0x0000, 0x0000, 0x0000, 0x0000, 0x0000, 0x0000, 0x0000, 0x0000, 0x0000,
    0x0000, 0x0000, 0x0000, 0x0000, 0x0000, 0x0000, 0x0000, 0x0000, 0x0000, 0x0000, 0x0000, 0x0000, 0x0000, 0x0000, 0x0000, 0x0000,
    0x0000, 0x0000, 0x0000, 0x0000, 0x0000, 0x0000, 0x0000, 0x0000, 0x0000, 0x0000, 0x0000, 0x0000, 0x0000, 0x0000, 0x0000, 0x0000,
    0x0000, 0x0000, 0x0000, 0x0000, 0x0000, 0x0000, 0x0000, 0x0000, 0x0000, 0x0000, 0x0000, 0x0000, 0x0000, 0x0000, 0x0000, 0x0000,
    0x0000, 0x0000, 0x0000, 0x0000, 0x0000, 0x0000, 0x0000, 0x0000, 0x0000, 0x0000, 0x0000, 0x0000, 0x2124, 0x9CF4, 0x31E8, 0x7C31,
    0xB5D7, 0xEF9D, 0xEF9D, 0xEF7D, 0xE77D, 0xE75D, 0xE75D, 0xE73C, 0xE73C, 0xDF1C, 0xDF1C, 0xDF1C, 0xDF1B, 0xDF1B, 0xDF1B, 0xE73B,
    0xE73B, 0xE71B, 0xE71B, 0xDEFA, 0xD6BA, 0xC679, 0xB5F8, 0xB5D8, 0xADB7, 0xC659, 0xD6DA, 0xD6BA, 0xD699, 0xBE38, 0xB5D7, 0x84B4,
    0x7C94, 0x7C73, 0x7453, 0x7C94, 0xADB7, 0xB5D7, 0xC638, 0xA555, 0x8CD4, 0xBDF7, 0xBDD6, 0xB5B6, 0xB5D6, 0xBDD6, 0xA576, 0x6C32,
    0x63D1, 0x7452, 0x63D1, 0x63D1, 0x63D1, 0x5B90, 0x7C73, 0xA555, 0x9D35, 0x9D35, 0x9D55, 0x9D55, 0x9D35, 0x9514, 0x6C11, 0x6C32,
    0x530D, 0x5B2D, 0xEF9D, 0xD6DA, 0xC658, 0xBDF7, 0xC659, 0x73EF, 0x8471, 0x8451, 0x7C50, 0x73CF, 0x6BAE, 0x5B0C, 0x31E7, 0x1903,
    0x3A07, 0x39E6, 0x31E6, 0x39E6, 0x39E7, 0x39E7, 0x39E7, 0x39E7, 0x4269, 0x73F0, 0x7431, 0x9491, 0xD6BA, 0xB5D6, 0xC638, 0x5B0C,
    0x2144, 0x2185, 0x2165, 0x2145, 0x2145, 0x1924, 0x1924, 0x1924, 0x1925, 0x1924, 0x1924, 0x2145, 0x10C3, 0x6BAF, 0x6B8E, 0x2986,
    0x31C7, 0x2986, 0x31E7, 0x4ACA, 0x638E, 0x7BCE, 0xB594, 0xBDD6, 0xD699, 0x8430, 0x39E8, 0x52CB, 0x4A8A, 0x4A8A, 0x4AAA, 0x52CB,
    0x52AB, 0x52CB, 0x52EB, 0x5B0C, 0x5B2C, 0x636D, 0x634D, 0x5B2C, 0x632C, 0x2986, 0x4A69, 0x52EA, 0x52A9, 0x52A9, 0x4A89, 0x10E3,
    0x10C3, 0x9CF3, 0x9CD2, 0x0000, 0x0000, 0x0000, 0x0000, 0x0000, 0x0000, 0x0000, 0x0000, 0x0000, 0x0000, 0x0000, 0x0000, 0x0000,
    0x0000, 0x0000, 0x0000, 0x0000, 0x0000, 0x0000, 0x0000, 0x0000, 0x0000, 0x0000, 0x0000, 0x0000, 0x0000, 0x0000, 0x0000, 0x0000,
    0x0000, 0x0000, 0x0000, 0x0000, 0x0000, 0x0000, 0x0000, 0x0000, 0x0000, 0x0000, 0x0000, 0x0000, 0x0000, 0x0000, 0x0000, 0x0000,
    0x0000, 0x0000, 0x0000, 0x0000, 0x0000, 0x0000, 0x0000, 0x0000, 0x0000, 0x0000, 0x0000, 0x0000, 0x0000, 0x0000, 0x0000, 0x0000,
    0x0000, 0x0000, 0x0000, 0x0000, 0x0000, 0x0000, 0x0000, 0x0000, 0x0000, 0x0000, 0x0000, 0x0000, 0x0000, 0x0000, 0x0000, 0x0000,
    0x0000, 0x0000, 0x0000, 0x0000, 0x0000, 0x0000, 0x0000, 0x0000, 0x0000, 0x0000, 0x0000, 0x0000, 0x0000, 0x0000, 0x0000, 0x0000,
    0x0000, 0x0000, 0x0000, 0x0000, 0x0000, 0x0000, 0x0000, 0x0000, 0x0000, 0x0000, 0x0000, 0x0000, 0x0000, 0x0000, 0x0000, 0x0000,
    0x0000, 0x0000, 0x0000, 0x0000, 0x0000, 0x0000, 0x0000, 0x0000, 0x0000, 0x0000, 0x0000, 0x0000, 0x0000, 0x0000, 0x0000, 0x0000,
    0x0000, 0x0000, 0x0000, 0x0000, 0x0000, 0x0000, 0x0000, 0x0000, 0x0000, 0x0000, 0x0000, 0x0000, 0x0000, 0x0000, 0x0000, 0x0000,
    0x0000, 0x0000, 0x0000, 0x0000, 0x0000, 0x0000, 0x0000, 0x0000, 0x0000, 0x0000, 0x0000, 0x0000, 0x0000, 0x0000, 0x0000, 0x0000,
    0x0000, 0x0000, 0x0000, 0x0000, 0x0000, 0x0000, 0x0000, 0x0000, 0x0000, 0x0000, 0x0000, 0x0000, 0x8C71, 0x52EC, 0x4AAB, 0xA575,
    0xE75C, 0xF7BE, 0xEF7D, 0xE77D, 0xE77D, 0xE75D, 0xE75D, 0xE73C, 0xE73C, 0xDF1C, 0xDF1C, 0xDF1C, 0xDF1B, 0xDF1B, 0xDF1B, 0xE73C,
    0xE73B, 0xE73B, 0xE71B, 0xD6DA, 0xCE9A, 0xC659, 0xB5F8, 0xB5D8, 0xADB7, 0xC659, 0xD6DA, 0xCE99, 0xCE99, 0xBE18, 0xADB7, 0x84B4,
    0x7C93, 0x7453, 0x7453, 0x7C94, 0xADB7, 0xB5D7, 0xBE38, 0x9D35, 0x8CF4, 0xBDF7, 0xB5B6, 0xB596, 0xADB6, 0xAD95, 0xA576, 0x7432,
    0x63F1, 0x7473, 0x63D1, 0x63D1, 0x5BD1, 0x5B90, 0x7C93, 0xA596, 0x9D55, 0x9D55, 0x9D55, 0x9D35, 0x9D35, 0x9515, 0x6BF1, 0x7452,
    0x3A4A, 0x8CB3, 0xEF7D, 0xD6BA, 0xBDF7, 0xCE99, 0xAD95, 0x6BCE, 0x7C50, 0x8471, 0x8491, 0x8CB2, 0x8492, 0x8471, 0x7C51, 0x2985,
    0x3A07, 0x4248, 0x4227, 0x4228, 0x4227, 0x3A07, 0x3A07, 0x39E7, 0x4269, 0x6BAF, 0x7C52, 0x9471, 0xD6BA, 0xBDF7, 0xBDF7, 0x94D3,
    0x7410, 0x7C51, 0x7C30, 0x73EF, 0x73EF, 0x7410, 0x7410, 0x6BCF, 0x636D, 0x42AA, 0x4ACB, 0x5B2D, 0x4AAA, 0x634E, 0x9D34, 0x7410,
    0x8471, 0x8492, 0x8CD2, 0x8471, 0x6BCF, 0x6B8D, 0xAD74, 0xB5B6, 0xD699, 0x9CF3, 0x6BAE, 0x9D55, 0x94F3, 0x94F3, 0x94F3, 0x8CD2,
    0x8CD3, 0x94D3, 0x8CD2, 0x9D14, 0x94F3, 0x94F3, 0x94D2, 0x8CB2, 0x8CB2, 0x4228, 0x4228, 0x5B0B, 0x52EA, 0x52CA, 0x52EA, 0x1924,
    0x0882, 0x73AE, 0xC5F6, 0x0861, 0x0000, 0x0000, 0x0000, 0x0000, 0x0000, 0x0000, 0x0000, 0x0000, 0x0000, 0x0000, 0x0000, 0x0000,
    0x0000, 0x0000, 0x0000, 0x0000, 0x0000, 0x0000, 0x0000, 0x0000, 0x0000, 0x0000, 0x0000, 0x0000, 0x0000, 0x0000, 0x0000, 0x0000,
    0x0000, 0x0000, 0x0000, 0x0000, 0x0000, 0x0000, 0x0000, 0x0000, 0x0000, 0x0000, 0x0000, 0x0000, 0x0000, 0x0000, 0x0000, 0x0000,
    0x0000, 0x0000, 0x0000, 0x0000, 0x0000, 0x0000, 0x0000, 0x0000, 0x0000, 0x0000, 0x0000, 0x0000, 0x0000, 0x0000, 0x0000, 0x0000,
    0x0000, 0x0000, 0x0000, 0x0000, 0x0000, 0x0000, 0x0000, 0x0000, 0x0000, 0x0000, 0x0000, 0x0000, 0x0000, 0x0000, 0x0000, 0x0000,
    0x0000, 0x0000, 0x0000, 0x0000, 0x0000, 0x0000, 0x0000, 0x0000, 0x0000, 0x0000, 0x0000, 0x0000, 0x0000, 0x0000, 0x0000, 0x0000,
    0x0000, 0x0000, 0x0000, 0x0000, 0x0000, 0x0000, 0x0000, 0x0000, 0x0000, 0x0000, 0x0000, 0x0000, 0x0000, 0x0000, 0x0000, 0x0000,
    0x0000, 0x0000, 0x0000, 0x0000, 0x0000, 0x0000, 0x0000, 0x0000, 0x0000, 0x0000, 0x0000, 0x0000, 0x0000, 0x0000, 0x0000, 0x0000,
    0x0000, 0x0000, 0x0000, 0x0000, 0x0000, 0x0000, 0x0000, 0x0000, 0x0000, 0x0000, 0x0000, 0x0000, 0x0000, 0x0000, 0x0000, 0x0000,
    0x0000, 0x0000, 0x0000, 0x0000, 0x0000, 0x0000, 0x0000, 0x0000, 0x0000, 0x0000, 0x0000, 0x0000, 0x0000, 0x0000, 0x0000, 0x0000,
    0x0000, 0x0000, 0x0000, 0x0000, 0x0000, 0x0000, 0x0000, 0x0000, 0x0000, 0x0000, 0x0000, 0x4228, 0x94B3, 0x29A7, 0x8472, 0xCE9A,
    0xF7DE, 0xEF7D, 0xEF7D, 0xE75D, 0xE75D, 0xE75D, 0xE75D, 0xE73C, 0xDF1C, 0xDF1C, 0xDF1C, 0xDF1C, 0xDF1C, 0xDF1B, 0xDF1B, 0xDF3B,
    0xE71B, 0xE73B, 0xDF1B, 0xD6DA, 0xCEBA, 0xC659, 0xB5F8, 0xADD7, 0xADB7, 0xC679, 0xD6DA, 0xCE99, 0xCE79, 0xBE18, 0xADB7, 0x8494,
    0x7C94, 0x7453, 0x7453, 0x7C93, 0xADB7, 0xB5D7, 0xBE38, 0x9515, 0x8CF4, 0xB5D7, 0xAD96, 0xAD96, 0xA576, 0xA575, 0x9D55, 0x6C11,
    0x63D1, 0x7453, 0x63D0, 0x63D1, 0x5BB1, 0x5370, 0x7C93, 0xA576, 0x9514, 0x9D35, 0xA555, 0x9D35, 0x9515, 0x9515, 0x6C11, 0x7432,
    0x31E8, 0xBE18, 0xE73C, 0xD6BA, 0xB5B5, 0xD6DA, 0x8450, 0x638E, 0x7C51, 0x8491, 0x8471, 0x8471, 0x7C51, 0x7C30, 0x7C50, 0x31C7,
    0x3A07, 0x4A68, 0x4248, 0x4248, 0x4248, 0x4248, 0x4A68, 0x4248, 0x4AAA, 0x6BF0, 0x8472, 0x8C71, 0xD6BA, 0xBDF7, 0xBDF7, 0x94F3,
    0x73CF, 0x7C10, 0x7C30, 0x73EF, 0x73EF, 0x73F0, 0x7C30, 0x73EF, 0x636D, 0x428A, 0x428A, 0x530C, 0x4ACB, 0x632D, 0x9D35, 0x73EF,
    0x7C30, 0x7C51, 0x8471, 0x7C51, 0x6BCF, 0x634C, 0xA533, 0xB595, 0xCE79, 0xB595, 0x5B0C, 0x94F3, 0x8CB2, 0x8471, 0x8471, 0x8471,
    0x8492, 0x8C92, 0x8C91, 0x94D2, 0x94D3, 0x9CF3, 0x94B2, 0x94D2, 0x94B2, 0x4228, 0x3A07, 0x632B, 0x5B0B, 0x5B0A, 0x632B, 0x2986,
    0x0883, 0x4A69, 0xCE79, 0x2965, 0x0000, 0x0000, 0x0000, 0x0000, 0x0000, 0x0000, 0x0000, 0x0000, 0x0000, 0x0000, 0x0000, 0x0000,
    0x0000, 0x0000, 0x0000, 0x0000, 0x0000, 0x0000, 0x0000, 0x0000, 0x0000, 0x0000, 0x0000, 0x0000, 0x0000, 0x0000, 0x0000, 0x0000,
    0x0000, 0x0000, 0x0000, 0x0000, 0x0000, 0x0000, 0x0000, 0x0000, 0x0000, 0x0000, 0x0000, 0x0000, 0x0000, 0x0000, 0x0000, 0x0000,
    0x0000, 0x0000, 0x0000, 0x0000, 0x0000, 0x0000, 0x0000, 0x0000, 0x0000, 0x0000, 0x0000, 0x0000, 0x0000, 0x0000, 0x0000, 0x0000,
    0x0000, 0x0000, 0x0000, 0x0000, 0x0000, 0x0000, 0x0000, 0x0000, 0x0000, 0x0000, 0x0000, 0x0000, 0x0000, 0x0000, 0x0000, 0x0000,
    0x0000, 0x0000, 0x0000, 0x0000, 0x0000, 0x0000, 0x0000, 0x0000, 0x0000, 0x0000, 0x0000, 0x0000, 0x0000, 0x0000, 0x0000, 0x0000,
    0x0000, 0x0000, 0x0000, 0x0000, 0x0000, 0x0000, 0x0000, 0x0000, 0x0000, 0x0000, 0x0000, 0x0000, 0x0000, 0x0000, 0x0000, 0x0000,
    0x0000, 0x0000, 0x0000, 0x0000, 0x0000, 0x0000, 0x0000, 0x0000, 0x0000, 0x0000, 0x0000, 0x0000, 0x0000, 0x0000, 0x0000, 0x0000,
    0x0000, 0x0000, 0x0000, 0x0000, 0x0000, 0x0000, 0x0000, 0x0000, 0x0000, 0x0000, 0x0000, 0x0000, 0x0000, 0x0000, 0x0000, 0x0000,
    0x0000, 0x0000, 0x0000, 0x0000, 0x0000, 0x0000, 0x0000, 0x0000, 0x0000, 0x0000, 0x0000, 0x0000, 0x0000, 0x0000, 0x0000, 0x0000,
    0x0000, 0x0000, 0x0000, 0x0000, 0x0000, 0x0000, 0x0000, 0x0000, 0x0000, 0x0000, 0x0841, 0x9D14, 0x3A29, 0x634D, 0xADB7, 0xEF9E,
    0xEF9D, 0xEF7D, 0xE77D, 0xE75D, 0xE75D, 0xE75D, 0xE75D, 0xDF3C, 0xDF1C, 0xDF1C, 0xDF1C, 0xDF1C, 0xDF1C, 0xDEFB, 0xDF1B, 0xDF3B,
    0xE71B, 0xE71B, 0xDF1B, 0xD6BA, 0xCE9A, 0xBE39, 0xB5D7, 0xADD7, 0xADB7, 0xC679, 0xD6DA, 0xCE79, 0xC679, 0xBE18, 0xA596, 0x7C94,
    0x7C93, 0x7453, 0x7453, 0x7C73, 0xA596, 0xADB7, 0xBE38, 0x94F4, 0x94F4, 0xB5D7, 0xAD96, 0xA575, 0xA555, 0xA555, 0x9D35, 0x6C11,
    0x63F1, 0x6C32, 0x63D1, 0x63D1, 0x5BB1, 0x5370, 0x7C73, 0x9514, 0x8CD4, 0x9514, 0x9514, 0x8CF4, 0x8CF4, 0x8CF4, 0x7432, 0x63AF,
    0x426A, 0xDF1C, 0xDEFB, 0xCE78, 0xBDD6, 0xCE9A, 0x6BAE, 0x638E, 0x6BAE, 0x7C30, 0x7C51, 0x7C51, 0x7C51, 0x7C30, 0x8471, 0x3A28,
    0x31C6, 0x4A69, 0x4248, 0x4248, 0x4248, 0x4248, 0x4A69, 0x4A68, 0x52EB, 0x6BF0, 0x8492, 0x8C70, 0xD6DA, 0xBDF7, 0xBDD6, 0x9D14,
    0x6BAE, 0x73EF, 0x73F0, 0x73CF, 0x6BCF, 0x7410, 0x7410, 0x6BAF, 0x5B4D, 0x4ACB, 0x428A, 0x4AEC, 0x4ACB, 0x52EC, 0x9D35, 0x73EF,
    0x7C31, 0x7410, 0x7C31, 0x7C31, 0x6BAF, 0x5B0C, 0x9CD2, 0xB595, 0xCE58, 0xC617, 0x632C, 0x8CD3, 0x8CB2, 0x8CB2, 0x8CB2, 0x8CB2,
    0x8CB2, 0x94F3, 0x94F3, 0x94D3, 0x9CF3, 0x9CF3, 0x94D2, 0x94D2, 0x94F3, 0x3A28, 0x31E7, 0x634C, 0x5B2B, 0x5B0B, 0x634C, 0x3A08,
    0x08A3, 0x2986, 0xCE58, 0x52AA, 0x0000, 0x0000, 0x0000, 0x0000, 0x0000, 0x0000, 0x0000, 0x0000, 0x0000, 0x0000, 0x0000, 0x0000,
    0x0000, 0x0000, 0x0000, 0x0000, 0x0000, 0x0000, 0x0000, 0x0000, 0x0000, 0x0000, 0x0000, 0x0000, 0x0000, 0x0000, 0x0000, 0x0000,
    0x0000, 0x0000, 0x0000, 0x0000, 0x0000, 0x0000, 0x0000, 0x0000, 0x0000, 0x0000, 0x0000, 0x0000, 0x0000, 0x0000, 0x0000, 0x0000,
    0x0000, 0x0000, 0x0000, 0x0000, 0x0000, 0x0000, 0x0000, 0x0000, 0x0000, 0x0000, 0x0000, 0x0000, 0x0000, 0x0000, 0x0000, 0x0000,
    0x0000, 0x0000, 0x0000, 0x0000, 0x0000, 0x0000, 0x0000, 0x0000, 0x0000, 0x0000, 0x0000, 0x0000, 0x0000, 0x0000, 0x0000, 0x0000,
    0x0000, 0x0000, 0x0000, 0x0000, 0x0000, 0x0000, 0x0000, 0x0000, 0x0000, 0x0000, 0x0000, 0x0000, 0x0000, 0x0000, 0x0000, 0x0000,
    0x0000, 0x0000, 0x0000, 0x0000, 0x0000, 0x0000, 0x0000, 0x0000, 0x0000, 0x0000, 0x0000, 0x0000, 0x0000, 0x0000, 0x0000, 0x0000,
    0x0000, 0x0000, 0x0000, 0x0000, 0x0000, 0x0000, 0x0000, 0x0000, 0x0000, 0x0000, 0x0000, 0x0000, 0x0000, 0x0000, 0x0000, 0x0000,
    0x0000, 0x0000, 0x0000, 0x0000, 0x0000, 0x0000, 0x0000, 0x0000, 0x0000, 0x0000, 0x0000, 0x0000, 0x0000, 0x0000, 0x0000, 0x0000,
    0x0000, 0x0000, 0x0000, 0x0000, 0x0000, 0x0000, 0x0000, 0x0000, 0x0000, 0x0000, 0x0000, 0x0000, 0x0000, 0x0000, 0x0000, 0x0000,
    0x0000, 0x0000, 0x0000, 0x0000, 0x0000, 0x0000, 0x0000, 0x0000, 0x0000, 0x0000, 0x632C, 0x73F0, 0x3A09, 0x9D35, 0xDF3C, 0xF7BE,
    0xEF7D, 0xE77D, 0xE75D, 0xE75D, 0xE75D, 0xE75D, 0xDF3C, 0xDF1C, 0xDF1C, 0xDF1C, 0xDF1C, 0xDF1C, 0xDEFB, 0xDEFB, 0xDF1B, 0xE73C,
    0xE73B, 0xDF1B, 0xDEFB, 0xCE9A, 0xCE9A, 0xBE39, 0xB5F8, 0xADD7, 0xAD97, 0xC679, 0xD6DA, 0xCE79, 0xC658, 0xBE18, 0xA576, 0x7C93,
    0x7C94, 0x7C53, 0x7453, 0x7C73, 0x9D76, 0xAD96, 0xC638, 0x94F4, 0x9515, 0xB5D6, 0xA575, 0xA575, 0xA555, 0xA555, 0x9515, 0x6C12,
    0x63F1, 0x6C32, 0x6C32, 0x63F1, 0x5BB1, 0x5B90, 0x7452, 0x8CF5, 0x8CD4, 0x8CF4, 0x8CD4, 0x8CD4, 0x84D4, 0x84B3, 0x84B4, 0x4ACC,
    0x73CF, 0xEF7D, 0xD6DA, 0xC637, 0xCE58, 0xB5F7, 0x5B4D, 0x638E, 0x638E, 0x7410, 0x7C71, 0x7430, 0x7C30, 0x7410, 0x8492, 0x4A8A,
    0x31C6, 0x4A69, 0x4248, 0x4248, 0x4268, 0x4A68, 0x4A89, 0x4A89, 0x634D, 0x7411, 0x8493, 0x8C50, 0xD6DA, 0xC617, 0xBDD6, 0x9D34,
    0x63AE, 0x7410, 0x7C10, 0x73EF, 0x73EF, 0x73F0, 0x6BEF, 0x638E, 0x5B2D, 0x4ACC, 0x428B, 0x4AEC, 0x4AEC, 0x4ACB, 0x9D35, 0x6BF0,
    0x7410, 0x63AE, 0x6BEF, 0x7C71, 0x6BCF, 0x5B2D, 0x9491, 0xB595, 0xC638, 0xCE58, 0x6B8E, 0x8CB2, 0x9513, 0x9D13, 0x9D14, 0x9CF3,
    0x94D2, 0x8CB2, 0x8CB2, 0x8472, 0x8492, 0x8C92, 0x8491, 0x8471, 0x94F3, 0x4249, 0x31C6, 0x636C, 0x632B, 0x5B2C, 0x636C, 0x4AAA,
    0x10E3, 0x1904, 0xB595, 0x8430, 0x0000, 0x0000, 0x0000, 0x0000, 0x0000, 0x0000, 0x0000, 0x0000, 0x0000, 0x0000, 0x0000, 0x0000,
    0x0000, 0x0000, 0x0000, 0x0000, 0x0000, 0x0000, 0x0000, 0x0000, 0x0000, 0x0000, 0x0000, 0x0000, 0x0000, 0x0000, 0x0000, 0x0000,
    0x0000, 0x0000, 0x0000, 0x0000, 0x0000, 0x0000, 0x0000, 0x0000, 0x0000, 0x0000, 0x0000, 0x0000, 0x0000, 0x0000, 0x0000, 0x0000,
    0x0000, 0x0000, 0x0000, 0x0000, 0x0000, 0x0000, 0x0000, 0x0000, 0x0000, 0x0000, 0x0000, 0x0000, 0x0000, 0x0000, 0x0000, 0x0000,
    0x0000, 0x0000, 0x0000, 0x0000, 0x0000, 0x0000, 0x0000, 0x0000, 0x0000, 0x0000, 0x0000, 0x0000, 0x0000, 0x0000, 0x0000, 0x0000,
    0x0000, 0x0000, 0x0000, 0x0000, 0x0000, 0x0000, 0x0000, 0x0000, 0x0000, 0x0000, 0x0000, 0x0000, 0x0000, 0x0000, 0x0000, 0x0000,
    0x0000, 0x0000, 0x0000, 0x0000, 0x0000, 0x0000, 0x0000, 0x0000, 0x0000, 0x0000, 0x0000, 0x0000, 0x0000, 0x0000, 0x0000, 0x0000,
    0x0000, 0x0000, 0x0000, 0x0000, 0x0000, 0x0000, 0x0000, 0x0000, 0x0000, 0x0000, 0x0000, 0x0000, 0x0000, 0x0000, 0x0000, 0x0000,
    0x0000, 0x0000, 0x0000, 0x0000, 0x0000, 0x0000, 0x0000, 0x0000, 0x0000, 0x0000, 0x0000, 0x0000, 0x0000, 0x0000, 0x0000, 0x0000,
    0x0000, 0x0000, 0x0000, 0x0000, 0x0000, 0x0000, 0x0000, 0x0000, 0x0000, 0x0000, 0x0000, 0x0000, 0x0000, 0x0000, 0x0000, 0x0000,
    0x0000, 0x0000, 0x0000, 0x0000, 0x0000, 0x0000, 0x0000, 0x0000, 0x0000, 0x18C3, 0xA514, 0x31E8, 0x6BAF, 0xC679, 0xF7DE, 0xE77D,
    0xE75D, 0xE77D, 0xE75D, 0xE75D, 0xE73C, 0xDF3C, 0xDF3C, 0xDF1C, 0xDF1C, 0xDF1C, 0xDF1C, 0xDF1C, 0xDF1B, 0xDEFB, 0xDF1B, 0xE73C,
    0xDF1B, 0xDEFB, 0xD6DB, 0xCE9A, 0xCE7A, 0xBE18, 0xADD7, 0xADD7, 0xAD97, 0xC679, 0xD6BA, 0xCE79, 0xC638, 0xBE18, 0x9D56, 0x7C93,
    0x8494, 0x7C73, 0x7473, 0x7C73, 0x9D55, 0xA596, 0xBE38, 0x94F4, 0x9515, 0xB5D7, 0xA596, 0xAD96, 0xAD76, 0xA555, 0x94F4, 0x6C12,
    0x7453, 0x6411, 0x5B90, 0x5B90, 0x5390, 0x5BB0, 0x63D1, 0x7432, 0x84B3, 0x8CF4, 0x8CD4, 0x84B3, 0x84B3, 0x7C93, 0x84B4, 0x3209,
    0xA576, 0xE75C, 0xD6BA, 0xBDF7, 0xD6BA, 0x9D34, 0x6BAE, 0x5B6D, 0x638E, 0x73EF, 0x7C71, 0x7C31, 0x7C51, 0x7410, 0x7C30, 0x4A8A,
    0x2965, 0x4A69, 0x4248, 0x4248, 0x4A68, 0x4A89, 0x52AA, 0x5AEB, 0x636D, 0x7431, 0x8CD4, 0x8C50, 0xD6BA, 0xC618, 0xB5B6, 0xA575,
    0x6BAF, 0x7410, 0x7430, 0x7410, 0x7410, 0x7430, 0x7410, 0x638E, 0x530D, 0x4AAB, 0x426A, 0x4AEC, 0x530D, 0x4AAB, 0x9D35, 0x7410,
    0x7430, 0x7410, 0x7430, 0x7C71, 0x73F0, 0x5B4E, 0x8430, 0xAD74, 0xC617, 0xCE79, 0x840F, 0x8C92, 0xB5F6, 0xBDD6, 0xBDD6, 0xB595,
    0xA554, 0x9D13, 0x94D3, 0x8471, 0x7C51, 0x8492, 0x8471, 0x8451, 0x8CD2, 0x4269, 0x2986, 0x6B8D, 0x634C, 0x634C, 0x636C, 0x5B2C,
    0x1904, 0x08A3, 0x8C71, 0xAD75, 0x0020, 0x0000, 0x0000, 0x0000, 0x0000, 0x0000, 0x0000, 0x0000, 0x0000, 0x0000, 0x0000, 0x0000,
    0x0000, 0x0000, 0x0000, 0x0000, 0x0000, 0x0000, 0x0000, 0x0000, 0x0000, 0x0000, 0x0000, 0x0000, 0x0000, 0x0000, 0x0000, 0x0000,
    0x0000, 0x0000, 0x0000, 0x0000, 0x0000, 0x0000, 0x0000, 0x0000, 0x0000, 0x0000, 0x0000, 0x0000, 0x0000, 0x0000, 0x0000, 0x0000,
    0x0000, 0x0000, 0x0000, 0x0000, 0x0000, 0x0000, 0x0000, 0x0000, 0x0000, 0x0000, 0x0000, 0x0000, 0x0000, 0x0000, 0x0000, 0x0000,
    0x0000, 0x0000, 0x0000, 0x0000, 0x0000, 0x0000, 0x0000, 0x0000, 0x0000, 0x0000, 0x0000, 0x0000, 0x0000, 0x0000, 0x0000, 0x0000,
    0x0000, 0x0000, 0x0000, 0x0000, 0x0000, 0x0000, 0x0000, 0x0000, 0x0000, 0x0000, 0x0000, 0x0000, 0x0000, 0x0000, 0x0000, 0x0000,
    0x0000, 0x0000, 0x0000, 0x0000, 0x0000, 0x0000, 0x0000, 0x0000, 0x0000, 0x0000, 0x0000, 0x0000, 0x0000, 0x0000, 0x0000, 0x0000,
    0x0000, 0x0000, 0x0000, 0x0000, 0x0000, 0x0000, 0x0000, 0x0000, 0x0000, 0x0000, 0x0000, 0x0000, 0x0000, 0x0000, 0x0000, 0x0000,
    0x0000, 0x0000, 0x0000, 0x0000, 0x0000, 0x0000, 0x0000, 0x0000, 0x0000, 0x0000, 0x0000, 0x0000, 0x0000, 0x0000, 0x0000, 0x0000,
    0x0000, 0x0000, 0x0000, 0x0000, 0x0000, 0x0000, 0x0000, 0x0000, 0x0000, 0x0000, 0x0000, 0x0000, 0x0000, 0x0000, 0x0000, 0x0000,
    0x0000, 0x0000, 0x0000, 0x0000, 0x0000, 0x0000, 0x0000, 0x0000, 0x0000, 0x8430, 0x634D, 0x424A, 0xA576, 0xF79E, 0xEF9D, 0xE75D,
    0xE75D, 0xE75D, 0xE75D, 0xE73C, 0xDF3C, 0xDF3C, 0xDF1C, 0xDF1C, 0xDF1C, 0xDEFB, 0xDF1C, 0xDF1C, 0xDF1B, 0xDEFB, 0xDF1B, 0xDF1B,
    0xDF1B, 0xDEFB, 0xD6DB, 0xCEBA, 0xC67A, 0xB618, 0xADD7, 0xADB7, 0xAD97, 0xC679, 0xD6BA, 0xC659, 0xBE38, 0xB5F7, 0x9D35, 0x7C73,
    0x7C73, 0x7453, 0x7473, 0x7C73, 0x9D56, 0xA596, 0xBE38, 0x8CF4, 0x9D15, 0xADB6, 0xAD96, 0xAD96, 0xAD95, 0xA596, 0x94F4, 0x6BF2,
    0x5BB0, 0x63D0, 0x7453, 0x5B90, 0x63D1, 0x5BB0, 0x63D1, 0x6C11, 0x63D1, 0x6C12, 0x7C93, 0x8CF4, 0x8CD4, 0x84B3, 0x7431, 0x3A29,
    0xD6DB, 0xDF1B, 0xD6BA, 0xBDF7, 0xD6BA, 0x8471, 0x7410, 0x636D, 0x6BCF, 0x6BEF, 0x7C51, 0x7C51, 0x8471, 0x6BCF, 0x8492, 0x8471,
    0x52CB, 0x3A08, 0x31C6, 0x4A69, 0x4A89, 0x4AA9, 0x52EB, 0x636C, 0x63AE, 0x7431, 0x94F4, 0x8450, 0xD6BA, 0xC638, 0xB5B6, 0xADB6,
    0x6BCF, 0x7410, 0x7C51, 0x7C51, 0x7410, 0x7C31, 0x7410, 0x63AE, 0x532D, 0x4ACB, 0x3A4A, 0x4AEC, 0x532D, 0x428A, 0x9514, 0x8472,
    0x8492, 0x8492, 0x8CD3, 0x8CF3, 0x7430, 0x6BAF, 0x73CE, 0xAD54, 0xBDD6, 0xCE79, 0x94B2, 0x73CF, 0xA575, 0x9D13, 0x9D34, 0x9CF3,
    0x9CF3, 0x94D3, 0x8C92, 0x8492, 0x8472, 0x8451, 0x8471, 0x8471, 0x8CB2, 0x4269, 0x2965, 0x6B8D, 0x636C, 0x636C, 0x636C, 0x6BAD,
    0x2165, 0x0882, 0x634D, 0xC638, 0x18C2, 0x0000, 0x0000, 0x0000, 0x0000, 0x0000, 0x0000, 0x0000, 0x0000, 0x0000, 0x0000, 0x0000,
    0x0000, 0x0000, 0x0000, 0x0000, 0x0000, 0x0000, 0x0000, 0x0000, 0x0000, 0x0000, 0x0000, 0x0000, 0x0000, 0x0000, 0x0000, 0x0000,
    0x0000, 0x0000, 0x0000, 0x0000, 0x0000, 0x0000, 0x0000, 0x0000, 0x0000, 0x0000, 0x0000, 0x0000, 0x0000, 0x0000, 0x0000, 0x0000,
    0x0000, 0x0000, 0x0000, 0x0000, 0x0000, 0x0000, 0x0000, 0x0000, 0x0000, 0x0000, 0x0000, 0x0000, 0x0000, 0x0000, 0x0000, 0x0000,
    0x0000, 0x0000, 0x0000, 0x0000, 0x0000, 0x0000, 0x0000, 0x0000, 0x0000, 0x0000, 0x0000, 0x0000, 0x0000, 0x0000, 0x0000, 0x0000,
    0x0000, 0x0000, 0x0000, 0x0000, 0x0000, 0x0000, 0x0000, 0x0000, 0x0000, 0x0000, 0x0000, 0x0000, 0x0000, 0x0000, 0x0000, 0x0000,
    0x0000, 0x0000, 0x0000, 0x0000, 0x0000, 0x0000, 0x0000, 0x0000, 0x0000, 0x0000, 0x0000, 0x0000, 0x0000, 0x0000, 0x0000, 0x0000,
    0x0000, 0x0000, 0x0000, 0x0000, 0x0000, 0x0000, 0x0000, 0x0000, 0x0000, 0x0000, 0x0000, 0x0000, 0x0000, 0x0000, 0x0000, 0x0000,
    0x0000, 0x0000, 0x0000, 0x0000, 0x0000, 0x0000, 0x0000, 0x0000, 0x0000, 0x0000, 0x0000, 0x0000, 0x0000, 0x0000, 0x0000, 0x0000,
    0x0000, 0x0000, 0x0000, 0x0000, 0x0000, 0x0000, 0x0000, 0x0000, 0x0000, 0x0000, 0x0000, 0x0000, 0x0000, 0x0000, 0x0000, 0x0000,
    0x0000, 0x0000, 0x0000, 0x0000, 0x0000, 0x0000, 0x0000, 0x0000, 0x39C7, 0xA535, 0x29A7, 0x8472, 0xE75C, 0xEF9D, 0xE77D, 0xE75D,
    0xE75D, 0xE75D, 0xE75D, 0xE73C, 0xDF3C, 0xDF3C, 0xDF3C, 0xDF1C, 0xDF1C, 0xDEFB, 0xD6FB, 0xDEFB, 0xDEFB, 0xDEFB, 0xDF1B, 0xDF1B,
    0xDF1B, 0xDEFB, 0xD6DA, 0xCEBA, 0xC67A, 0xB5F8, 0xADB7, 0xADB7, 0xAD97, 0xC679, 0xCE99, 0xC659, 0xBE18, 0xADB7, 0x9535, 0x9D56,
    0x9535, 0x9535, 0x84B3, 0x6BF1, 0x84D4, 0x9D55, 0xBE38, 0x8CD4, 0x9D35, 0xADB6, 0xAD96, 0xAD96, 0xAD75, 0x9D55, 0x6BF1, 0x5B70,
    0x63D1, 0xA5B7, 0x9D97, 0x63D1, 0x6C32, 0x63F1, 0x84D4, 0xA596, 0x9D56, 0x9535, 0x7411, 0x63D1, 0x7CB3, 0x9515, 0x534E, 0x5B0D,
    0xEF7D, 0xDEFB, 0xCE99, 0xC637, 0xC659, 0x73EF, 0x6BEF, 0x6BCF, 0x73F0, 0x7430, 0x8492, 0x8492, 0x7C71, 0xC659, 0xEF9E, 0xEFBE,
    0xEF7D, 0xC679, 0x73CF, 0x4228, 0x52CA, 0x52EB, 0x5B2C, 0x6BAE, 0x6BCF, 0x7431, 0x94F4, 0x840F, 0xD6BA, 0xC658, 0xBDD6, 0xB5D7,
    0x73F0, 0x7410, 0x7C51, 0x7C31, 0x6BEF, 0x7C30, 0x7410, 0x63AF, 0x638E, 0x5B2D, 0x3229, 0x532D, 0x532D, 0x424A, 0x9515, 0x7C71,
    0x7C51, 0x7C51, 0x8472, 0x9513, 0x8471, 0x6BAF, 0x636D, 0xAD54, 0xBDB6, 0xCE78, 0xAD55, 0x634C, 0x9514, 0x94D3, 0x94F3, 0x94D3,
    0x94F3, 0x94F3, 0x94D3, 0x8CB3, 0x8CD3, 0x94D3, 0x8CB2, 0x7C51, 0x8CD2, 0x4269, 0x2145, 0x6BAD, 0x6BAD, 0x6BAD, 0x6B8D, 0x73EE,
    0x3A07, 0x08A3, 0x4249, 0xCE79, 0x31C6, 0x0000, 0x0000, 0x0000, 0x0000, 0x0000, 0x0000, 0x0000, 0x0000, 0x0000, 0x0000, 0x0000,
    0x0000, 0x0000, 0x0000, 0x0000, 0x0000, 0x0000, 0x0000, 0x0000, 0x0000, 0x0000, 0x0000, 0x0000, 0x0000, 0x0000, 0x0000, 0x0000,
    0x0000, 0x0000, 0x0000, 0x0000, 0x0000, 0x0000, 0x0000, 0x0000, 0x0000, 0x0000, 0x0000, 0x0000, 0x0000, 0x0000, 0x0000, 0x0000,
    0x0000, 0x0000, 0x0000, 0x0000, 0x0000, 0x0000, 0x0000, 0x0000, 0x0000, 0x0000, 0x0000, 0x0000, 0x0000, 0x0000, 0x0000, 0x0000,
    0x0000, 0x0000, 0x0000, 0x0000, 0x0000, 0x0000, 0x0000, 0x0000, 0x0000, 0x0000, 0x0000, 0x0000, 0x0000, 0x0000, 0x0000, 0x0000,
    0x0000, 0x0000, 0x0000, 0x0000, 0x0000, 0x0000, 0x0000, 0x0000, 0x0000, 0x0000, 0x0000, 0x0000, 0x0000, 0x0000, 0x0000, 0x0000,
    0x0000, 0x0000, 0x0000, 0x0000, 0x0000, 0x0000, 0x0000, 0x0000, 0x0000, 0x0000, 0x0000, 0x0000, 0x0000, 0x0000, 0x0000, 0x0000,
    0x0000, 0x0000, 0x0000, 0x0000, 0x0000, 0x0000, 0x0000, 0x0000, 0x0000, 0x0000, 0x0000, 0x0000, 0x0000, 0x0000, 0x0000, 0x0000,
    0x0000, 0x0000, 0x0000, 0x0000, 0x0000, 0x0000, 0x0000, 0x0000, 0x0000, 0x0000, 0x0000, 0x0000, 0x0000, 0x0000, 0x0000, 0x0000,
    0x0000, 0x0000, 0x0000, 0x0000, 0x0000, 0x0000, 0x0000, 0x0000, 0x0000, 0x0000, 0x0000, 0x0000, 0x0000, 0x0000, 0x0000, 0x0000,
    0x0000, 0x0000, 0x0000, 0x0000, 0x0000, 0x0000, 0x0000, 0x0000, 0xA555, 0x52CB, 0x52EC, 0xD6DA, 0xF7BE, 0xEF7D, 0xE77D, 0xE75C,
    0xE77D, 0xE77D, 0xE75D, 0xE75D, 0xE75C, 0xDF3C, 0xDF3C, 0xDF1C, 0xDF1C, 0xD6FB, 0xD6FB, 0xDEFB, 0xDEFB, 0xDF1C, 0xDF1C, 0xDF1B,
    0xDEFB, 0xD6FB, 0xD6DA, 0xCEBA, 0xC679, 0xADD7, 0xAD97, 0xA576, 0xA576, 0xBE18, 0xC659, 0xBE38, 0xBDF8, 0xBE39, 0xB619, 0x9CF4,
    0x8C71, 0xAD95, 0xCE59, 0xCE7A, 0xB5F8, 0xA576, 0xA576, 0x7432, 0x9D56, 0xAD96, 0xA575, 0xA575, 0x9D35, 0x6BD1, 0x7C94, 0x7432,
    0x7452, 0xADB7, 0x9556, 0x63D1, 0x6C32, 0x63F1, 0x8CF4, 0xA5B7, 0xADB7, 0xB618, 0xB618, 0x84D4, 0x5B90, 0x84D4, 0x3A6A, 0x8CB3,
    0xEF9E, 0xDEFB, 0xC638, 0xC658, 0xB5B6, 0x6BCF, 0x7410, 0x6BCF, 0x5B2C, 0x5B2C, 0x6BAF, 0x7C51, 0x9D55, 0xEFBE, 0xDF3C, 0xD6DB,
    0xCEBB, 0xDF1C, 0xE73C, 0x7C30, 0x4AA9, 0x5B2C, 0x636D, 0x6BCE, 0x73EF, 0x7431, 0x9514, 0x7C0F, 0xD6BA, 0xC658, 0xBDD6, 0xB5F7,
    0x73F0, 0x7410, 0x7C30, 0x7430, 0x7430, 0x7C71, 0x7C51, 0x7C30, 0x7431, 0x6BCF, 0x63AF, 0x7411, 0x534D, 0x426A, 0x9514, 0x7C51,
    0x7C30, 0x7431, 0x7410, 0x8471, 0x8CB2, 0x6BCF, 0x5B4D, 0xAD34, 0xB5B5, 0xC658, 0xBDF7, 0x632C, 0x94F3, 0x9D14, 0x9514, 0x94F3,
    0x94F3, 0x9D14, 0x9D34, 0x9D14, 0x9D34, 0xA534, 0xA534, 0x8471, 0x9514, 0x4269, 0x2145, 0x73CE, 0x73CE, 0x6BAD, 0x6BAD, 0x73EF,
    0x4AAA, 0x08A3, 0x2166, 0xBE17, 0x630B, 0x0000, 0x0000, 0x0000, 0x0000, 0x0000, 0x0000, 0x0000, 0x0000, 0x0000, 0x0000, 0x0000,
    0x0000, 0x0000, 0x0000, 0x0000, 0x0000, 0x0000, 0x0000, 0x0000, 0x0000, 0x0000, 0x0000, 0x0000, 0x0000, 0x0000, 0x0000, 0x0000,
    0x0000, 0x0000, 0x0000, 0x0000, 0x0000, 0x0000, 0x0000, 0x0000, 0x0000, 0x0000, 0x0000, 0x0000, 0x0000, 0x0000, 0x0000, 0x0000,
    0x0000, 0x0000, 0x0000, 0x0000, 0x0000, 0x0000, 0x0000, 0x0000, 0x0000, 0x0000, 0x0000, 0x0000, 0x0000, 0x0000, 0x0000, 0x0000,
    0x0000, 0x0000, 0x0000, 0x0000, 0x0000, 0x0000, 0x0000, 0x0000, 0x0000, 0x0000, 0x0000, 0x0000, 0x0000, 0x0000, 0x0000, 0x0000,
    0x0000, 0x0000, 0x0000, 0x0000, 0x0000, 0x0000, 0x0000, 0x0000, 0x0000, 0x0000, 0x0000, 0x0000, 0x0000, 0x0000, 0x0000, 0x0000,
    0x0000, 0x0000, 0x0000, 0x0000, 0x0000, 0x0000, 0x0000, 0x0000, 0x0000, 0x0000, 0x0000, 0x0000, 0x0000, 0x0000, 0x0000, 0x0000,
    0x0000, 0x0000, 0x0000, 0x0000, 0x0000, 0x0000, 0x0000, 0x0000, 0x0000, 0x0000, 0x0000, 0x0000, 0x0000, 0x0000, 0x0000, 0x0000,
    0x0000, 0x0000, 0x0000, 0x0000, 0x0000, 0x0000, 0x0000, 0x0000, 0x0000, 0x0000, 0x0000, 0x0000, 0x0000, 0x0000, 0x0000, 0x0000,
    0x0000, 0x0000, 0x0000, 0x0000, 0x0000, 0x0000, 0x0000, 0x0000, 0x0000, 0x0000, 0x0000, 0x0000, 0x0000, 0x0000, 0x0000, 0x0000,
    0x0000, 0x0000, 0x0000, 0x0000, 0x0000, 0x0000, 0x0000, 0x630C, 0xA535, 0x29C7, 0xADB6, 0xF7BE, 0xEF7D, 0xEF9D, 0xEF7D, 0xE73C,
    0xDF1C, 0xD6DB, 0xDF1B, 0xDF3C, 0xDF3C, 0xDF3C, 0xDF1C, 0xDF1C, 0xE75D, 0xE77D, 0xDF1C, 0xDF1B, 0xDEFB, 0xDF1B, 0xDF1B, 0xDEFB,
    0xD6FB, 0xD6DA, 0xCEBA, 0xCE9A, 0xC67A, 0xB5F8, 0xB618, 0xC69A, 0xCEBB, 0xD6DB, 0xD6DB, 0xCEBB, 0xC67A, 0xADB7, 0x9D14, 0xAD96,
    0xB618, 0xB5F8, 0xAD96, 0xC638, 0xD69A, 0xDF1C, 0xDF3C, 0xB5F8, 0x94F4, 0x7C72, 0x9514, 0x8CD4, 0x63F1, 0x84D4, 0xB619, 0x8CF5,
    0x6C12, 0x9D56, 0x8CD4, 0x5BB1, 0x63F1, 0x63F1, 0x7C73, 0x84B3, 0x84D4, 0x84F4, 0x84B4, 0x84D4, 0x5B6F, 0x6C11, 0x3A09, 0xBE18,
    0xE77D, 0xDEFB, 0xBDD6, 0xCE9A, 0x8CB2, 0x5B4D, 0x532D, 0x31E8, 0x2186, 0x2166, 0x4269, 0x63AE, 0x7C31, 0xA555, 0xA555, 0xBDF7,
    0xBDF7, 0xB5B6, 0xAD74, 0xAD75, 0x5B0B, 0x5B2C, 0x638D, 0x73EF, 0x7410, 0x7431, 0x9514, 0x7BEF, 0xD6B9, 0xC658, 0xB5D6, 0xBDF7,
    0x73F0, 0x7410, 0x7C31, 0x7C51, 0x73F0, 0x6BAF, 0x6BCF, 0x6BD0, 0x638E, 0x530C, 0x3229, 0x530D, 0x4B0D, 0x426A, 0x8CD3, 0x7C51,
    0x73F0, 0x6BAF, 0x6BCF, 0x7410, 0x84B2, 0x73F0, 0x5B2D, 0x9CF2, 0xB595, 0xC638, 0xCE58, 0x634D, 0x8471, 0x9D14, 0x9D14, 0x94F3,
    0x94D3, 0x94F3, 0x94F3, 0x8CD3, 0x8CB3, 0x94D3, 0x9D14, 0x8492, 0x9514, 0x4A8A, 0x1945, 0x73EE, 0x73EE, 0x73CE, 0x73CE, 0x73EE,
    0x636C, 0x10E3, 0x10E4, 0xA534, 0x9491, 0x0000, 0x0000, 0x0000, 0x0000, 0x0000, 0x0000, 0x0000, 0x0000, 0x0000, 0x0000, 0x0000,
    0x0000, 0x0000, 0x0000, 0x0000, 0x0000, 0x0000, 0x0000, 0x0000, 0x0000, 0x0000, 0x0000, 0x0000, 0x0000, 0x0000, 0x0000, 0x0000,
    0x0000, 0x0000, 0x0000, 0x0000, 0x0000, 0x0000, 0x0000, 0x0000, 0x0000, 0x0000, 0x0000, 0x0000, 0x0000, 0x0000, 0x0000, 0x0000,
    0x0000, 0x0000, 0x0000, 0x0000, 0x0000, 0x0000, 0x0000, 0x0000, 0x0000, 0x0000, 0x0000, 0x0000, 0x0000, 0x0000, 0x0000, 0x0000,
    0x0000, 0x0000, 0x0000, 0x0000, 0x0000, 0x0000, 0x0000, 0x0000, 0x0000, 0x0000, 0x0000, 0x0000, 0x0000, 0x0000, 0x0000, 0x0000,
    0x0000, 0x0000, 0x0000, 0x0000, 0x0000, 0x0000, 0x0000, 0x0000, 0x0000, 0x0000, 0x0000, 0x0000, 0x0000, 0x0000, 0x0000, 0x0000,
    0x0000, 0x0000, 0x0000, 0x0000, 0x0000, 0x0000, 0x0000, 0x0000, 0x0000, 0x0000, 0x0000, 0x0000, 0x0000, 0x0000, 0x0000, 0x0000,
    0x0000, 0x0000, 0x0000, 0x0000, 0x0000, 0x0000, 0x0000, 0x0000, 0x0000, 0x0000, 0x0000, 0x0000, 0x0000, 0x0000, 0x0000, 0x0000,
    0x0000, 0x0000, 0x0000, 0x0000, 0x0000, 0x0000, 0x0000, 0x0000, 0x0000, 0x0000, 0x0000, 0x0000, 0x0000, 0x0000, 0x0000, 0x0000,
    0x0000, 0x0000, 0x0000, 0x0000, 0x0000, 0x0000, 0x0000, 0x0000, 0x0000, 0x0000, 0x0000, 0x0000, 0x0000, 0x0000, 0x0000, 0x0000,
    0x0000, 0x0000, 0x0000, 0x0000, 0x0000, 0x0000, 0x1082, 0xB5D7, 0x426A, 0x634D, 0xEF7D, 0xEF9D, 0xEF7D, 0xEF7D, 0xE75C, 0xE75C,
    0xCE9A, 0xD6BA, 0xDEFB, 0xD6DB, 0xDF1C, 0xE73C, 0xF7BE, 0xAD76, 0x5B0C, 0x94D3, 0xDF1B, 0xDF3C, 0xD71B, 0xD71B, 0xD71B, 0xD6FB,
    0xD6FB, 0xD6FB, 0xD6FB, 0xCEDB, 0xBE39, 0x9514, 0x9D55, 0x9D35, 0x8CD3, 0x8492, 0x7410, 0x5B6E, 0x5B2D, 0x4AAB, 0x4AAB, 0x5B0C,
    0x5B2D, 0x634E, 0x6BAF, 0x73F0, 0x5B2D, 0x5B0D, 0x8471, 0xB5D7, 0xD6DB, 0xADF8, 0x7431, 0x7C93, 0x8D57, 0x9577, 0x8D37, 0x8536,
    0x8516, 0x8516, 0x8516, 0x84F6, 0x84F6, 0x8516, 0x8516, 0x8516, 0x84F5, 0x7CD5, 0x84F6, 0x74B4, 0x7473, 0x63D0, 0x426A, 0xE73C,
    0xDF1C, 0xD6BA, 0xBDD6, 0xD6DA, 0x634D, 0x3208, 0x31E8, 0x29A7, 0x29A7, 0x2966, 0x4A8A, 0x638D, 0x4A8A, 0x638E, 0xB619, 0xB5D8,
    0x9D14, 0xA514, 0xAD75, 0xBDD6, 0x73AE, 0x5B2C, 0x6BCE, 0x7410, 0x7410, 0x7431, 0x9535, 0x7BEF, 0xD699, 0xCE58, 0xBDD6, 0xBE18,
    0x7410, 0x7410, 0x7C31, 0x7C51, 0x6BAF, 0x638F, 0x638F, 0x6BAF, 0x636E, 0x5B4D, 0x29E8, 0x42AB, 0x4ACC, 0x3A29, 0x8CB3, 0x7431,
    0x6BCF, 0x63AF, 0x6BF0, 0x8471, 0x84B2, 0x73F0, 0x5B6E, 0x9491, 0xB595, 0xC638, 0xCE79, 0x7BEF, 0x73F0, 0x9514, 0x94F3, 0x94D3,
    0x94F3, 0x94F3, 0x9514, 0x94F4, 0x8CD3, 0x94D3, 0x9D34, 0x94D3, 0x9D34, 0x4A8A, 0x1924, 0x73CE, 0x7C0F, 0x740F, 0x740F, 0x73EE,
    0x73EE, 0x2145, 0x10C3, 0x7BEF, 0xBDD7, 0x0841, 0x0000, 0x0000, 0x0000, 0x0000, 0x0000, 0x0000, 0x0000, 0x0000, 0x0000, 0x0000,
    0x0000, 0x0000, 0x0000, 0x0000, 0x0000, 0x0000, 0x0000, 0x0000, 0x0000, 0x0000, 0x0000, 0x0000, 0x0000, 0x0000, 0x0000, 0x0000,
    0x0000, 0x0000, 0x0000, 0x0000, 0x0000, 0x0000, 0x0000, 0x0000, 0x0000, 0x0000, 0x0000, 0x0000, 0x0000, 0x0000, 0x0000, 0x0000,
    0x0000, 0x0000, 0x0000, 0x0000, 0x0000, 0x0000, 0x0000, 0x0000, 0x0000, 0x0000, 0x0000, 0x0000, 0x0000, 0x0000, 0x0000, 0x0000,
    0x0000, 0x0000, 0x0000, 0x0000, 0x0000, 0x0000, 0x0000, 0x0000, 0x0000, 0x0000, 0x0000, 0x0000, 0x0000, 0x0000, 0x0000, 0x0000,
    0x0000, 0x0000, 0x0000, 0x0000, 0x0000, 0x0000, 0x0000, 0x0000, 0x0000, 0x0000, 0x0000, 0x0000, 0x0000, 0x0000, 0x0000, 0x0000,
    0x0000, 0x0000, 0x0000, 0x0000, 0x0000, 0x0000, 0x0000, 0x0000, 0x0000, 0x0000, 0x0000, 0x0000, 0x0000, 0x0000, 0x0000, 0x0000,
    0x0000, 0x0000, 0x0000, 0x0000, 0x0000, 0x0000, 0x0000, 0x0000, 0x0000, 0x0000, 0x0000, 0x0000, 0x0000, 0x0000, 0x0000, 0x0000,
    0x0000, 0x0000, 0x0000, 0x0000, 0x0000, 0x0000, 0x0000, 0x0000, 0x0000, 0x0000, 0x0000, 0x0000, 0x0000, 0x0000, 0x0000, 0x0000,
    0x0000, 0x0000, 0x0000, 0x0000, 0x0000, 0x0000, 0x0000, 0x0000, 0x0000, 0x0000, 0x0000, 0x0000, 0x0000, 0x0000, 0x0000, 0x0000,
    0x0000, 0x0000, 0x0000, 0x0000, 0x0020, 0x0000, 0x7BEF, 0x7C10, 0x29A7, 0xCE79, 0xFFFF, 0xEFBE, 0xEF9D, 0xDF1C, 0xC679, 0xAD96,
    0x94D3, 0x7C10, 0x6BAE, 0x638E, 0x636D, 0x6B8E, 0xB5B7, 0xE75D, 0xB5B7, 0x9CF3, 0xD6FB, 0xDF5D, 0xD6FC, 0xCEBB, 0xC67A, 0xBE7A,
    0xB639, 0xADF8, 0xA5B7, 0xA5B7, 0x8D15, 0x534E, 0x530D, 0x42AB, 0x42AB, 0x4ACC, 0x4ACB, 0x4ACC, 0x4ACB, 0x52EC, 0x52CC, 0x4AAB,
    0x4ACC, 0x52EC, 0x52EC, 0x5B4E, 0x5B4E, 0x4AEC, 0x4AAB, 0x52EC, 0x6BCF, 0xA576, 0xD6DB, 0x94F4, 0x63D0, 0x7433, 0x7474, 0x7474,
    0x7CB4, 0x7CB4, 0x7CB4, 0x7CB4, 0x7CB4, 0x7CB4, 0x7CB5, 0x7CD5, 0x7CB5, 0x7CD5, 0x7CD5, 0x7CB5, 0x9556, 0x4AED, 0x6BAF, 0xEF9D,
    0xDEFB, 0xCE59, 0xC638, 0xC658, 0x4A8A, 0x4269, 0x31C8, 0x2986, 0x29A6, 0x2966, 0x4269, 0x632C, 0x31A7, 0xAD96, 0xDF5E, 0x9CF4,
    0xAD34, 0xB575, 0xB574, 0xBDB5, 0x7BCE, 0x5B4C, 0x73EF, 0x7C30, 0x7430, 0x7431, 0x9D56, 0x7BEF, 0xD699, 0xCE79, 0xB5B6, 0xBE18,
    0x7410, 0x6BEF, 0x6BF0, 0x73F0, 0x6BCF, 0x6BCF, 0x6BAF, 0x6BAF, 0x63AF, 0x5B4D, 0x3208, 0x42AB, 0x42AB, 0x3209, 0x8CB3, 0x7C51,
    0x6BCF, 0x6BD0, 0x6BAF, 0x7410, 0x8471, 0x7410, 0x638F, 0x8430, 0xB595, 0xC617, 0xCE79, 0x94B2, 0x636E, 0x94F3, 0x8C92, 0x8CB2,
    0x8CB3, 0x8CD3, 0x94D3, 0x94F3, 0x94F3, 0x94F3, 0x9D13, 0x8CD3, 0x9D34, 0x4AAA, 0x1904, 0x73EE, 0x7C2F, 0x7C2F, 0x7C2F, 0x7C0F,
    0x8450, 0x31E7, 0x10A3, 0x52AA, 0xD699, 0x2945, 0x0000, 0x0000, 0x0000, 0x0000, 0x0000, 0x0000, 0x0000, 0x0000, 0x0000, 0x0000,
    0x0000, 0x0000, 0x0000, 0x0000, 0x0000, 0x0000, 0x0000, 0x0000, 0x0000, 0x0000, 0x0000, 0x0000, 0x0000, 0x0000, 0x0000, 0x0000,
    0x0000, 0x0000, 0x0000, 0x0000, 0x0000, 0x0000, 0x0000, 0x0000, 0x0000, 0x0000, 0x0000, 0x0000, 0x0000, 0x0000, 0x0000, 0x0000,
    0x0000, 0x0000, 0x0000, 0x0000, 0x0000, 0x0000, 0x0000, 0x0000, 0x0000, 0x0000, 0x0000, 0x0000, 0x0000, 0x0000, 0x0000, 0x0000,
    0x0000, 0x0000, 0x0000, 0x0000, 0x0000, 0x0000, 0x0000, 0x0000, 0x0000, 0x0000, 0x0000, 0x0000, 0x0000, 0x0000, 0x0000, 0x0000,
    0x0000, 0x0000, 0x0000, 0x0000, 0x0000, 0x0000, 0x0000, 0x0000, 0x0000, 0x0000, 0x0000, 0x0000, 0x0000, 0x0000, 0x0000, 0x0000,
    0x0000, 0x0000, 0x0000, 0x0000, 0x0000, 0x0000, 0x0000, 0x0000, 0x0000, 0x0000, 0x0000, 0x0000, 0x0000, 0x0000, 0x0000, 0x0000,
    0x0000, 0x0000, 0x0000, 0x0000, 0x0000, 0x0000, 0x0000, 0x0000, 0x0000, 0x0000, 0x0000, 0x0000, 0x0000, 0x0000, 0x0000, 0x0000,
    0x0000, 0x0000, 0x0000, 0x0000, 0x0000, 0x0000, 0x0000, 0x0000, 0x0000, 0x0000, 0x0000, 0x0000, 0x0000, 0x0000, 0x0000, 0x0000,
    0x0000, 0x0000, 0x0000, 0x0000, 0x0000, 0x0000, 0x0000, 0x0000, 0x0000, 0x0000, 0x0000, 0x0000, 0x0000, 0x0000, 0x0000, 0x0000,
    0x0000, 0x0000, 0x0000, 0x0000, 0x0000, 0x3186, 0xB5D7, 0x5B2C, 0xB5D7, 0xCE79, 0x9D14, 0x8CB2, 0x73EF, 0x636D, 0x4ACB, 0x3A49,
    0x3A29, 0x3A28, 0x3A49, 0x3A49, 0x3A49, 0x4249, 0x4AAB, 0x6BCF, 0xB5D7, 0xCE9B, 0xADB7, 0x73F0, 0x6BAF, 0x6BD0, 0x638F, 0x634E,
    0x5B2D, 0x5B2D, 0x530D, 0x5B0D, 0x5B2D, 0x5B2D, 0x52EC, 0x5B0D, 0x5B0D, 0x5B0C, 0x5B0D, 0x632D, 0x634D, 0x5B2D, 0x5B0C, 0x5B2D,
    0x5B2D, 0x52EC, 0x52EC, 0x52EC, 0x5B0D, 0x5B2D, 0x5B2D, 0x5B2D, 0x52EC, 0x3A29, 0x636E, 0xADD7, 0x9D55, 0x638F, 0x42AB, 0x42AC,
    0x42AC, 0x428B, 0x3A4A, 0x3A4A, 0x3A4B, 0x3A4B, 0x3A4B, 0x3A6B, 0x3A6B, 0x3A6B, 0x324A, 0x322A, 0x3A4A, 0x29A7, 0xA555, 0xF79D,
    0xDEDB, 0xC617, 0xCE79, 0xA554, 0x2986, 0x4269, 0x29A7, 0x2166, 0x2986, 0x2966, 0x3A08, 0x5AEB, 0x4A8A, 0xCEBB, 0x9D56, 0x8C50,
    0xB554, 0xB574, 0xB553, 0xB574, 0x6B6C, 0x636C, 0x740F, 0x7C51, 0x7431, 0x7431, 0x9556, 0x7BEF, 0xCE99, 0xCE79, 0xB5B6, 0xBE18,
    0x7C31, 0x6C10, 0x7410, 0x6BEF, 0x6BF0, 0x6BCF, 0x63AE, 0x6BF0, 0x63AE, 0x532D, 0x3208, 0x428B, 0x42AB, 0x3209, 0x8472, 0x8472,
    0x7410, 0x7410, 0x6BCF, 0x6BEF, 0x7C72, 0x73EF, 0x63AF, 0x73AE, 0xB595, 0xBDF7, 0xCE79, 0xAD75, 0x634D, 0x94F4, 0x8CB3, 0x8CD3,
    0x8CD3, 0x8CD3, 0x8CB3, 0x8CB3, 0x94F3, 0x94F3, 0x94D3, 0x8C92, 0x94F3, 0x4A8A, 0x18E4, 0x7C0F, 0x8450, 0x7C50, 0x8470, 0x7C50,
    0x8490, 0x4AA9, 0x10C3, 0x31A7, 0xD699, 0x52CA, 0x0000, 0x0000, 0x0000, 0x0000, 0x0000, 0x0000, 0x0000, 0x0000, 0x0000, 0x0000,
    0x0000, 0x0000, 0x0000, 0x0000, 0x0000, 0x0000, 0x0000, 0x0000, 0x0000, 0x0000, 0x0000, 0x0000, 0x0000, 0x0000, 0x0000, 0x0000,
    0x0000, 0x0000, 0x0000, 0x0000, 0x0000, 0x0000, 0x0000, 0x0000, 0x0000, 0x0000, 0x0000, 0x0000, 0x0000, 0x0000, 0x0000, 0x0000,
    0x0000, 0x0000, 0x0000, 0x0000, 0x0000, 0x0000, 0x0000, 0x0000, 0x0000, 0x0000, 0x0000, 0x0000, 0x0000, 0x0000, 0x0000, 0x0000,
    0x0000, 0x0000, 0x0000, 0x0000, 0x0000, 0x0000, 0x0000, 0x0000, 0x0000, 0x0000, 0x0000, 0x0000, 0x0000, 0x0000, 0x0000, 0x0000,
    0x0000, 0x0000, 0x0000, 0x0000, 0x0000, 0x0000, 0x0000, 0x0000, 0x0000, 0x0000, 0x0000, 0x0000, 0x0000, 0x0000, 0x0000, 0x0000,
    0x0000, 0x0000, 0x0000, 0x0000, 0x0000, 0x0000, 0x0000, 0x0000, 0x0000, 0x0000, 0x0000, 0x0000, 0x0000, 0x0000, 0x0000, 0x0000,
    0x0000, 0x0000, 0x0000, 0x0000, 0x0000, 0x0000, 0x0000, 0x0000, 0x0000, 0x0000, 0x0000, 0x0000, 0x0000, 0x0000, 0x0000, 0x0000,
    0x0000, 0x0000, 0x0000, 0x0000, 0x0000, 0x0000, 0x0000, 0x0000, 0x0000, 0x0000, 0x0000, 0x0000, 0x0000, 0x0000, 0x0000, 0x0000,
    0x0000, 0x0000, 0x0000, 0x0000, 0x0000, 0x0000, 0x0000, 0x0000, 0x0000, 0x0000, 0x0000, 0x0000, 0x0000, 0x0000, 0x0000, 0x0000,
    0x0000, 0x0000, 0x0000, 0x0000, 0x0020, 0x9CF3, 0x73AF, 0x7BEF, 0x73EF, 0x6B6D, 0x6B8E, 0x73CE, 0x7C30, 0x8C71, 0x94D3, 0xA534,
    0xAD95, 0xAD96, 0xAD96, 0xAD96, 0xB5B6, 0xBE17, 0xBDF7, 0xBDD7, 0xC638, 0xB5B6, 0xA555, 0xA555, 0xD6BA, 0xCE99, 0xD6B9, 0xD6BA,
    0xD6BA, 0xDEDA, 0xDEDB, 0xDEFB, 0xDEFB, 0xDEDA, 0xDEDA, 0xDEDA, 0xDEFB, 0xDEFB, 0xE71B, 0xE71B, 0xE71B, 0xE73C, 0xE75C, 0xE73C,
    0xE73C, 0xE71B, 0xE71B, 0xE71B, 0xE71B, 0xDEFB, 0xDEFB, 0xD6DA, 0xCE99, 0xCE79, 0xC638, 0xC638, 0xE73C, 0xC659, 0xBE39, 0xAD96,
    0xC659, 0xD6DA, 0xD69A, 0xCE79, 0xCE79, 0xCE59, 0xC638, 0xBE18, 0xBDF7, 0xBDF7, 0xB5B7, 0xAD96, 0xAD75, 0xAD75, 0xDF1C, 0xE75C,
    0xD6BA, 0xBDF7, 0xD6DA, 0x8C51, 0x2145, 0x4249, 0x2966, 0x2145, 0x2986, 0x2986, 0x31C7, 0x52AA, 0x634D, 0xBE3A, 0x6B8F, 0x8C30,
    0xA4F2, 0xA4F2, 0xAD33, 0x9491, 0x634C, 0x73EE, 0x7C50, 0x8471, 0x7C31, 0x7431, 0x9556, 0x7BEF, 0xCE78, 0xCE79, 0xBDD6, 0xC618,
    0x7410, 0x7431, 0x7431, 0x6BF0, 0x6BF0, 0x7410, 0x7410, 0x7410, 0x6BCF, 0x532D, 0x3229, 0x428B, 0x42AB, 0x3A29, 0x7C31, 0x94F4,
    0x8CD2, 0x94F3, 0x8492, 0x8471, 0x8492, 0x7C30, 0x63AF, 0x634D, 0xB575, 0xBDF6, 0xC658, 0xBE17, 0x632C, 0x94F3, 0x8CD3, 0x94D3,
    0x94D3, 0x94F4, 0x94F3, 0x8CB2, 0x94F3, 0x94D3, 0x94D3, 0x8CB2, 0x8CD3, 0x4A8A, 0x18E4, 0x7C2F, 0x8491, 0x8470, 0x8C91, 0x8470,
    0x8491, 0x636D, 0x10E3, 0x2125, 0xBDF7, 0x840F, 0x0000, 0x0000, 0x0000, 0x0000, 0x0000, 0x0000, 0x0000, 0x0000, 0x0000, 0x0000,
    0x0000, 0x0000, 0x0000, 0x0000, 0x0000, 0x0000, 0x0000, 0x0000, 0x0000, 0x0000, 0x0000, 0x0000, 0x0000, 0x0000, 0x0000, 0x0000,
    0x0000, 0x0000, 0x0000, 0x0000, 0x0000, 0x0000, 0x0000, 0x0000, 0x0000, 0x0000, 0x0000, 0x0000, 0x0000, 0x0000, 0x0000, 0x0000,
    0x0000, 0x0000, 0x0000, 0x0000, 0x0000, 0x0000, 0x0000, 0x0000, 0x0000, 0x0000, 0x0000, 0x0000, 0x0000, 0x0000, 0x0000, 0x0000,
    0x0000, 0x0000, 0x0000, 0x0000, 0x0000, 0x0000, 0x0000, 0x0000, 0x0000, 0x0000, 0x0000, 0x0000, 0x0000, 0x0000, 0x0000, 0x0000,
    0x0000, 0x0000, 0x0000, 0x0000, 0x0000, 0x0000, 0x0000, 0x0000, 0x0000, 0x0000, 0x0000, 0x0000, 0x0000, 0x0000, 0x0000, 0x0000,
    0x0000, 0x0000, 0x0000, 0x0000, 0x0000, 0x0000, 0x0000, 0x0000, 0x0000, 0x0000, 0x0000, 0x0000, 0x0000, 0x0000, 0x0000, 0x0000,
    0x0000, 0x0000, 0x0000, 0x0000, 0x0000, 0x0000, 0x0000, 0x0000, 0x0000, 0x0000, 0x0000, 0x0000, 0x0000, 0x0000, 0x0000, 0x0000,
    0x0000, 0x0000, 0x0000, 0x0000, 0x0000, 0x0000, 0x0000, 0x0000, 0x0000, 0x0000, 0x0000, 0x0000, 0x0000, 0x0000, 0x0000, 0x0000,
    0x0000, 0x0000, 0x0000, 0x0000, 0x0000, 0x0000, 0x0000, 0x0000, 0x0000, 0x0000, 0x0000, 0x0000, 0x0000, 0x0000, 0x0000, 0x0000,
    0x0000, 0x0000, 0x0000, 0x0020, 0x73CE, 0xCE79, 0xAD54, 0xBDF7, 0xCE79, 0xDEDA, 0xE73B, 0xEF5C, 0xEF5C, 0xEF7D, 0xEF7C, 0xEF5C,
    0xEF7C, 0xEF7C, 0xEF5C, 0xEF5C, 0xE75C, 0xE75B, 0xE75C, 0xEF5C, 0xE75C, 0xE73B, 0xE71B, 0xEF7C, 0xEF5C, 0xE73B, 0xE73B, 0xE73B,
    0xE73C, 0xE73C, 0xE75C, 0xE75C, 0xE75C, 0xE73C, 0xE73C, 0xE75C, 0xE75C, 0xE75C, 0xE75C, 0xEF5C, 0xE73C, 0xCE58, 0xD6BA, 0xEF5C,
    0xE73C, 0xE75C, 0xE75C, 0xE73C, 0xE75C, 0xE75C, 0xE75C, 0xE77C, 0xEF7D, 0xEF7D, 0xEF7D, 0xEF7C, 0xE73C, 0xCE9A, 0xB5D7, 0x632D,
    0xC638, 0xF7DE, 0xF7BE, 0xF7BE, 0xF7BD, 0xF79D, 0xF79D, 0xF7BE, 0xF7BE, 0xF7BE, 0xF79D, 0xF79D, 0xF79D, 0xF7BE, 0xEF7D, 0xDF1B,
    0xCE99, 0xBDF7, 0xDEFB, 0x73CE, 0x2145, 0x4249, 0x31A7, 0x2986, 0x31A6, 0x31A7, 0x31C7, 0x4228, 0x8C92, 0x9D35, 0x73AF, 0x83EE,
    0x8C0E, 0x9450, 0x9490, 0x73CE, 0x7C10, 0x8471, 0x8CB2, 0x8CF3, 0x8472, 0x7431, 0x9556, 0x7BEF, 0xCE78, 0xCE99, 0xBDF7, 0xC638,
    0x424A, 0x31E8, 0x3A4A, 0x424A, 0x426B, 0x428A, 0x428B, 0x428A, 0x428A, 0x428A, 0x3A4A, 0x428A, 0x3A6A, 0x3A4A, 0x7410, 0xA576,
    0x94D2, 0x94F3, 0x8CD3, 0x8CD3, 0x8CD3, 0x8492, 0x63CF, 0x5B0C, 0xAD54, 0xB5B6, 0xC658, 0xCE79, 0x634D, 0x8C92, 0x8CD3, 0x94D3,
    0x8CD3, 0x8CB3, 0x8CD3, 0x8CD3, 0x94D3, 0x94D3, 0x8CB3, 0x8CB2, 0x94D3, 0x4269, 0x18E4, 0x7C30, 0x8CB1, 0x8491, 0x8CB1, 0x8491,
    0x8491, 0x7C2F, 0x1925, 0x10C4, 0x9CF3, 0xA534, 0x0000, 0x0000, 0x0000, 0x0000, 0x0000, 0x0000, 0x0000, 0x0000, 0x0000, 0x0000,
    0x0000, 0x0000, 0x0000, 0x0000, 0x0000, 0x0000, 0x0000, 0x0000, 0x0000, 0x0000, 0x0000, 0x0000, 0x0000, 0x0000, 0x0000, 0x0000,
    0x0000, 0x0000, 0x0000, 0x0000, 0x0000, 0x0000, 0x0000, 0x0000, 0x0000, 0x0000, 0x0000, 0x0000, 0x0000, 0x0000, 0x0000, 0x0000,
    0x0000, 0x0000, 0x0000, 0x0000, 0x0000, 0x0000, 0x0000, 0x0000, 0x0000, 0x0000, 0x0000, 0x0000, 0x0000, 0x0000, 0x0000, 0x0000,
    0x0000, 0x0000, 0x0000, 0x0000, 0x0000, 0x0000, 0x0000, 0x0000, 0x0000, 0x0000, 0x0000, 0x0000, 0x0000, 0x0000, 0x0000, 0x0000,
    0x0000, 0x0000, 0x0000, 0x0000, 0x0000, 0x0000, 0x0000, 0x0000, 0x0000, 0x0000, 0x0000, 0x0000, 0x0000, 0x0000, 0x0000, 0x0000,
    0x0000, 0x0000, 0x0000, 0x0000, 0x0000, 0x0000, 0x0000, 0x0000, 0x0000, 0x0000, 0x0000, 0x0000, 0x0000, 0x0000, 0x0000, 0x0000,
    0x0000, 0x0000, 0x0000, 0x0000, 0x0000, 0x0000, 0x0000, 0x0000, 0x0000, 0x0000, 0x0000, 0x0000, 0x0000, 0x0000, 0x0000, 0x0000,
    0x0000, 0x0000, 0x0000, 0x0000, 0x0000, 0x0000, 0x0000, 0x0000, 0x0000, 0x0000, 0x0000, 0x0000, 0x0000, 0x0000, 0x0000, 0x0000,
    0x0000, 0x0000, 0x0000, 0x0000, 0x0000, 0x0000, 0x0000, 0x0000, 0x0000, 0x0841, 0x1082, 0x18E3, 0x2965, 0x39E7, 0x5269, 0x6B4C,
    0x7BEF, 0x9491, 0xAD54, 0xC617, 0xDF1B, 0xE73B, 0xEF5C, 0xEF5C, 0xEF5C, 0xE73C, 0xE73C, 0xE73C, 0xEF5C, 0xEF7D, 0xEF7D, 0xF79D,
    0xF79D, 0xF79D, 0xEF9D, 0xF79D, 0xEF9D, 0xEF7C, 0xEF7D, 0xF79D, 0xEF7D, 0xEF7D, 0xEF7D, 0xEF7D, 0xEF9D, 0xEF9D, 0xF79D, 0xF79D,
    0xEF7D, 0xEF7D, 0xF79D, 0xF79D, 0xF79D, 0xF79D, 0xEF7D, 0xF79D, 0xF79D, 0xF79D, 0xF79D, 0xF79D, 0xF7BE, 0xF79D, 0xEF7D, 0xEF9D,
    0xEF9D, 0xEF9D, 0xEF9D, 0xEF7C, 0xEF7D, 0xEF7D, 0xEF7C, 0xEF7C, 0xEF5C, 0xEF5C, 0xE75C, 0xE75C, 0xE75C, 0xE75C, 0xE73C, 0xE75C,
    0xEF5C, 0xEF7D, 0xF79D, 0xF79D, 0xF7BE, 0xF7DE, 0xF7DE, 0xF7DE, 0xF7BE, 0xF7BE, 0xF7BE, 0xF7BE, 0xF7BE, 0xF79E, 0xEF7D, 0xE73C,
    0xCE79, 0xC618, 0xDEFB, 0x6B6D, 0x2924, 0x41E7, 0x39A6, 0x3185, 0x2965, 0x3186, 0x3186, 0x3186, 0x9D56, 0x73CF, 0x83EE, 0x7B8D,
    0x6B0A, 0x5AAA, 0x4A89, 0x52AA, 0x5B0B, 0x5B2C, 0x636D, 0x6B8D, 0x636E, 0x7C51, 0x9D76, 0x7C0F, 0xCE58, 0xCE99, 0xBDF7, 0xC658,
    0x52CB, 0x31C7, 0x39E8, 0x39E8, 0x39E8, 0x39E8, 0x39E8, 0x31C7, 0x31E8, 0x31E7, 0x31E7, 0x3A08, 0x3A49, 0x29A7, 0x6BAF, 0x8C92,
    0x5B0B, 0x73CE, 0x7BEF, 0x73CE, 0x8450, 0x84B2, 0x6BD0, 0x52CC, 0xA533, 0xB575, 0xC658, 0xD699, 0x7BCF, 0x8451, 0x9D14, 0x94D3,
    0x8CD3, 0x94F3, 0x94F3, 0x9D14, 0x94F3, 0x8CD3, 0x8CB2, 0x8C92, 0x8CB3, 0x4249, 0x1904, 0x8450, 0x94B2, 0x8CB1, 0x8CB1, 0x8C91,
    0x8C91, 0x8CB1, 0x2986, 0x10C3, 0x73CE, 0xCE58, 0x1082, 0x0000, 0x0000, 0x0000, 0x0000, 0x0000, 0x0000, 0x0000, 0x0000, 0x0000,
    0x0000, 0x0000, 0x0000, 0x0000, 0x0000, 0x0000, 0x0000, 0x0000, 0x0000, 0x0000, 0x0000, 0x0000, 0x0000, 0x0000, 0x0000, 0x0000,
    0x0000, 0x0000, 0x0000, 0x0000, 0x0000, 0x0000, 0x0000, 0x0000, 0x0000, 0x0000, 0x0000, 0x0000, 0x0000, 0x0000, 0x0000, 0x0000,
    0x0000, 0x0000, 0x0000, 0x0000, 0x0000, 0x0000, 0x0000, 0x0000, 0x0000, 0x0000, 0x0000, 0x0000, 0x0000, 0x0000, 0x0000, 0x0000,
    0x0000, 0x0000, 0x0000, 0x0000, 0x0000, 0x0000, 0x0000, 0x0000, 0x0000, 0x0000, 0x0000, 0x0000, 0x0000, 0x0000, 0x0000, 0x0000,
    0x0000, 0x0000, 0x0000, 0x0000, 0x0000, 0x0000, 0x0000, 0x0000, 0x0000, 0x0000, 0x0000, 0x0000, 0x0000, 0x0000, 0x0000, 0x0000,
    0x0000, 0x0000, 0x0000, 0x0000, 0x0000, 0x0000, 0x0000, 0x0000, 0x0000, 0x0000, 0x0000, 0x0000, 0x0000, 0x0000, 0x0000, 0x0000,
    0x0000, 0x0000, 0x0000, 0x0000, 0x0000, 0x0000, 0x0000, 0x0000, 0x0000, 0x0000, 0x0000, 0x0000, 0x0000, 0x0000, 0x0000, 0x0000,
    0x0000, 0x0000, 0x0000, 0x0000, 0x0000, 0x0000, 0x0000, 0x0000, 0x0000, 0x0000, 0x0000, 0x0000, 0x0000, 0x0000, 0x0000, 0x0841,
    0x18C3, 0x2124, 0x39C7, 0x4A49, 0x632B, 0x738D, 0x8C50, 0x94B1, 0xA533, 0xBDF6, 0xC617, 0xCE58, 0xD6B9, 0xDEFA, 0xE71B, 0xE71B,
    0xDEFB, 0xDEFA, 0xDEDA, 0xD6B9, 0xCE78, 0xCE78, 0xCE78, 0xCE78, 0xCE78, 0xCE78, 0xCE78, 0xCE79, 0xD6B9, 0xDEDA, 0xDEDA, 0xE71B,
    0xE73B, 0xF79D, 0xFFDE, 0xFFFE, 0xFFFF, 0xFFFF, 0xFFFF, 0xFFFF, 0xFFFF, 0xFFFF, 0xFFFF, 0xFFFF, 0xFFFF, 0xFFFF, 0xFFFE, 0xFFFE,
    0xFFDE, 0xF7DE, 0xF7DE, 0xF7BE, 0xF7BE, 0xF7BD, 0xF79D, 0xEF9D, 0xEF7D, 0xEF7C, 0xEF5C, 0xE73C, 0xE73C, 0xE73B, 0xE73B, 0xE73B,
    0xE73B, 0xE73B, 0xE73C, 0xE73B, 0xE75C, 0xEF5C, 0xEF7C, 0xEF7C, 0xEF7C, 0xEF7D, 0xF79D, 0xF7BD, 0xF7BE, 0xF7BE, 0xF7DE, 0xFFDE,
    0xFFDE, 0xFFDE, 0xFFFF, 0xFFFF, 0xE75C, 0xEF7D, 0xF7BE, 0xF79E, 0xF79D, 0xEF9D, 0xEF9D, 0xEF9D, 0xEF7D, 0xEF5D, 0xEF5C, 0xDF1B,
    0xCE78, 0xC638, 0xD6B9, 0xA534, 0x736D, 0x7B6D, 0x6B0C, 0x5AAA, 0x5289, 0x4A48, 0x39E7, 0x5AEB, 0x9D35, 0x4229, 0x5ACA, 0x4A07,
    0x3985, 0x3144, 0x3144, 0x2924, 0x2924, 0x2924, 0x3145, 0x3165, 0x39C6, 0x7C10, 0x9535, 0x7C0F, 0xC638, 0xCE99, 0xBDF7, 0xCE58,
    0x5AEB, 0x3986, 0x41E7, 0x39C6, 0x39E7, 0x41E7, 0x41E7, 0x41E7, 0x41E7, 0x39E7, 0x4207, 0x4208, 0x4249, 0x31C7, 0x6B8E, 0x8451,
    0x39E7, 0x52A9, 0x62EA, 0x6B4C, 0x5ACA, 0x4A8A, 0x5B4E, 0x52EC, 0x9CF3, 0xAD54, 0xC658, 0xCE99, 0x9492, 0x634D, 0x8CB3, 0x8472,
    0x8492, 0x8CD3, 0x94F4, 0x9D34, 0x9D55, 0x9D14, 0x9D14, 0x9D14, 0x9D34, 0x4249, 0x1904, 0x8470, 0x94D2, 0x94B1, 0x8CB1, 0x8CB1,
    0x8C90, 0x94F2, 0x3A08, 0x08A3, 0x5AEB, 0xDEBA, 0x3186, 0x0000, 0x0000, 0x0000, 0x0000, 0x0000, 0x0000, 0x0000, 0x0000, 0x0000,
    0x0000, 0x0000, 0x0000, 0x0000, 0x0000, 0x0000, 0x0000, 0x0000, 0x0000, 0x0000, 0x0000, 0x0000, 0x0000, 0x0000, 0x0000, 0x0000,
    0x0000, 0x0000, 0x0000, 0x0000, 0x0000, 0x0000, 0x0000, 0x0000, 0x0000, 0x0000, 0x0000, 0x0000, 0x0000, 0x0000, 0x0000, 0x0000,
    0x0000, 0x0000, 0x0000, 0x0000, 0x0000, 0x0000, 0x0000, 0x0000, 0x0000, 0x0000, 0x0000, 0x0000, 0x0000, 0x0000, 0x0000, 0x0000,
    0x0000, 0x0000, 0x0000, 0x0000, 0x0000, 0x0000, 0x0000, 0x0000, 0x0000, 0x0000, 0x0000, 0x0000, 0x0000, 0x0000, 0x0000, 0x0000,
    0x0000, 0x0000, 0x0000, 0x0000, 0x0000, 0x0000, 0x0000, 0x0000, 0x0000, 0x0000, 0x0000, 0x0000, 0x0000, 0x0000, 0x0000, 0x0000,
    0x0000, 0x0000, 0x0000, 0x0000, 0x0000, 0x0000, 0x0000, 0x0000, 0x0000, 0x0000, 0x0000, 0x0000, 0x0000, 0x0000, 0x0000, 0x0000,
    0x0000, 0x0000, 0x0000, 0x0000, 0x0000, 0x0000, 0x0000, 0x0000, 0x0000, 0x0020, 0x0000, 0x0000, 0x0000, 0x0000, 0x0000, 0x0000,
    0x0000, 0x0000, 0x0000, 0x0000, 0x0020, 0x1082, 0x18E3, 0x3185, 0x39E7, 0x5289, 0x632C, 0x7BCE, 0x9491, 0x94B2, 0xAD74, 0xBDF6,
    0xCE58, 0xD699, 0xDEDA, 0xDEFB, 0xE71B, 0xDF1B, 0xDEFA, 0xDEFA, 0xDEFA, 0xD6DA, 0xD6B9, 0xD699, 0xCE99, 0xCE79, 0xCE79, 0xCE78,
    0xCE78, 0xCE78, 0xCE78, 0xD699, 0xD6B9, 0xD6DA, 0xDEDA, 0xDF1B, 0xE73B, 0xE73B, 0xEF5C, 0xEF7C, 0xEF7D, 0xF79D, 0xF79D, 0xF79D,
    0xF7BD, 0xF7BE, 0xFFDE, 0xFFFE, 0xFFFE, 0xFFDE, 0xFFDE, 0xFFDE, 0xF7DE, 0xF7BD, 0xF7BD, 0xF79D, 0xEF7D, 0xEF7C, 0xEF7C, 0xEF7C,
    0xE75C, 0xE73B, 0xE75B, 0xE75B, 0xE75B, 0xE75B, 0xE75B, 0xEF7C, 0xEF7C, 0xEF7D, 0xEF7D, 0xEF7D, 0xF79D, 0xF79D, 0xF7BE, 0xF7BE,
    0xF7BE, 0xFFDE, 0xFFDE, 0xF7BE, 0xF7DE, 0xFFDE, 0xF7DE, 0xF7BE, 0xF7BE, 0xF7BE, 0xF79E, 0xEF9D, 0xEF7D, 0xEF7D, 0xEF7D, 0xEF5D,
    0xE75D, 0xE75C, 0xE75C, 0xE73C, 0xE71C, 0xC638, 0xDEDB, 0xDEFB, 0xDEDB, 0xDEDB, 0xDEFB, 0xDEDB, 0xDEDB, 0xD6DA, 0xD6DA, 0xCE99,
    0xCE78, 0xD699, 0xCE58, 0xCE99, 0xD6BA, 0xD6B9, 0xD6B9, 0xD679, 0xCE78, 0xCE79, 0xC638, 0xB5D7, 0x6BCF, 0xB5B6, 0xB5B6, 0xB595,
    0xB595, 0xAD54, 0xAD33, 0xA513, 0x9CB1, 0x9471, 0x9450, 0x8C50, 0x83EE, 0x9CD3, 0xA555, 0x9CF3, 0xCE58, 0xCE79, 0xBE17, 0xCE79,
    0x7BAE, 0x5248, 0x5269, 0x4A28, 0x41E7, 0x41E6, 0x41C6, 0x39A5, 0x3985, 0x3165, 0x3165, 0x3165, 0x39A6, 0x3185, 0x5B2C, 0x7C31,
    0x39A6, 0x4A28, 0x4207, 0x5AA9, 0x6B2B, 0x5AEB, 0x5B4D, 0x5B4D, 0x9492, 0xB575, 0xCE58, 0xCE79, 0xAD75, 0x3A28, 0x52CC, 0x4249,
    0x3A08, 0x3A28, 0x4249, 0x426A, 0x4A8A, 0x4A8A, 0x4AAB, 0x52AB, 0x52CB, 0x2986, 0x1904, 0x8C91, 0x9D13, 0x9D13, 0x9D13, 0x9D13,
    0x9CF2, 0x9D33, 0x4249, 0x1925, 0x4A6A, 0xDEBA, 0x5ACA, 0x0000, 0x0000, 0x0000, 0x0000, 0x0000, 0x0000, 0x0000, 0x0000, 0x0000,
    0x0000, 0x0000, 0x0000, 0x0000, 0x0000, 0x0000, 0x0000, 0x0000, 0x0000, 0x0000, 0x0000, 0x0000, 0x0000, 0x0000, 0x0000, 0x0000,
    0x0000, 0x0000, 0x0000, 0x0000, 0x0000, 0x0000, 0x0000, 0x0000, 0x0000, 0x0000, 0x0000, 0x0000, 0x0000, 0x0000, 0x0000, 0x0000,
    0x0000, 0x0000, 0x0000, 0x0000, 0x0000, 0x0000, 0x0000, 0x0000, 0x0000, 0x0000, 0x0000, 0x0000, 0x0000, 0x0000, 0x0000, 0x0000,
    0x0000, 0x0000, 0x0000, 0x0000, 0x0000, 0x0000, 0x0000, 0x0000, 0x0000, 0x0000, 0x0000, 0x0000, 0x0000, 0x0000, 0x0000, 0x0000,
    0x0000, 0x0000, 0x0000, 0x0000, 0x0000, 0x0000, 0x0000, 0x0000, 0x0000, 0x0000, 0x0000, 0x0000, 0x0000, 0x0000, 0x0000, 0x0000,
    0x0000, 0x0000, 0x0000, 0x0000, 0x0000, 0x0000, 0x0000, 0x0000, 0x0000, 0x0000, 0x0000, 0x0000, 0x0000, 0x0000, 0x0000, 0x0000,
    0x0000, 0x0000, 0x0000, 0x0000, 0x0020, 0x0000, 0x0000, 0x0000, 0x0000, 0x0000, 0x0000, 0x0000, 0x0861, 0x18C3, 0x3186, 0x4A48,
    0x632C, 0x7BEF, 0x8C71, 0xA533, 0xB5B5, 0xCE58, 0xD6B9, 0xDEFA, 0xE73B, 0xE75C, 0xEF7C, 0xEF7C, 0xEF5C, 0xE75C, 0xE75C, 0xEF5C,
    0xE73B, 0xE71B, 0xE71B, 0xE71B, 0xE71B, 0xE71B, 0xE71B, 0xE73C, 0xE73C, 0xE75C, 0xE73C, 0xE73C, 0xE73C, 0xE73C, 0xE75C, 0xEF5C,
    0xEF7C, 0xEF7C, 0xEF7C, 0xEF7C, 0xEF7C, 0xEF7D, 0xF7BD, 0xF7BD, 0xF79D, 0xF7BD, 0xF7BD, 0xF7BD, 0xF79D, 0xEF7D, 0xEF7D, 0xEF7C,
    0xEF5C, 0xEF7C, 0xEF7C, 0xEF7C, 0xEF7D, 0xEF7C, 0xEF7D, 0xEF7D, 0xEF7D, 0xF77D, 0xF79D, 0xF79D, 0xF79D, 0xF79D, 0xF7BD, 0xF7BE,
    0xF7BE, 0xFFDE, 0xFFDE, 0xFFDE, 0xFFDF, 0xFFDF, 0xFFDE, 0xFFDE, 0xFFDE, 0xF7BE, 0xF7BE, 0xF79E, 0xEF9E, 0xEF7E, 0xEF7D, 0xEF5D,
    0xE75D, 0xE75D, 0xE75D, 0xE73C, 0xE73C, 0xE71C, 0xE73C, 0xE71C, 0xDF1C, 0xDF1C, 0xDF1C, 0xDF1B, 0xDEFB, 0xDEFB, 0xDEFB, 0xDEDB,
    0xD6DA, 0xD6DA, 0xD6BA, 0xD699, 0xD6B9, 0xBDF6, 0xC617, 0xCE78, 0xCE58, 0xC637, 0xC617, 0xC5F7, 0xBDF6, 0xBDF6, 0xBDD6, 0xBDF6,
    0xC617, 0xCE78, 0xC658, 0xC637, 0xC617, 0xC617, 0xC617, 0xC617, 0xBE17, 0xBDF6, 0xC638, 0x8CB3, 0x8430, 0xCE78, 0xC658, 0xCE58,
    0xCE78, 0xCE78, 0xCE78, 0xCE99, 0xD699, 0xD699, 0xD699, 0xD699, 0xD699, 0xCE79, 0xCE79, 0xD699, 0xCE78, 0xCE79, 0xCE78, 0xCE78,
    0xCE99, 0xCE99, 0xCE58, 0xC638, 0xC617, 0xBDF7, 0xBDB6, 0xAD75, 0xAD34, 0xA513, 0x9CB2, 0x8C50, 0x8C30, 0x73AE, 0x8C71, 0xA514,
    0x6B2C, 0x736D, 0x6B2C, 0x62CA, 0x62EB, 0x6B2C, 0x5B2C, 0x52EC, 0x7C10, 0xB595, 0xC637, 0xC617, 0xBE17, 0x3A08, 0x31A7, 0x39E8,
    0x39E8, 0x39E8, 0x39E8, 0x39E8, 0x31E8, 0x39E8, 0x31E8, 0x31C8, 0x31C7, 0x3A09, 0x4249, 0x634D, 0x73AE, 0x73AE, 0x73AE, 0x6B4D,
    0x632C, 0x52CB, 0x3A08, 0x18E4, 0x6B6D, 0xDEDA, 0x842F, 0x0000, 0x0000, 0x0000, 0x0000, 0x0000, 0x0000, 0x0000, 0x0000, 0x0000,
    0x0000, 0x0000, 0x0000, 0x0000, 0x0000, 0x0000, 0x0000, 0x0000, 0x0000, 0x0000, 0x0000, 0x0000, 0x0000, 0x0000, 0x0000, 0x0000,
    0x0000, 0x0000, 0x0000, 0x0000, 0x0000, 0x0000, 0x0000, 0x0000, 0x0000, 0x0000, 0x0000, 0x0000, 0x0000, 0x0000, 0x0000, 0x0000,
    0x0000, 0x0000, 0x0000, 0x0000, 0x0000, 0x0000, 0x0000, 0x0000, 0x0000, 0x0000, 0x0000, 0x0000, 0x0000, 0x0000, 0x0000, 0x0000,
    0x0000, 0x0000, 0x0000, 0x0000, 0x0000, 0x0000, 0x0000, 0x0000, 0x0000, 0x0000, 0x0000, 0x0000, 0x0000, 0x0000, 0x0000, 0x0000,
    0x0000, 0x0000, 0x0000, 0x0000, 0x0000, 0x0000, 0x0000, 0x0000, 0x0000, 0x0000, 0x0000, 0x0000, 0x0000, 0x0000, 0x0000, 0x0000,
    0x0000, 0x0000, 0x0000, 0x0000, 0x0000, 0x0000, 0x0000, 0x0000, 0x0000, 0x0000, 0x0000, 0x0000, 0x0000, 0x0000, 0x0000, 0x0000,
    0x0000, 0x0000, 0x0000, 0x0000, 0x0000, 0x0000, 0x1082, 0x2965, 0x4A89, 0x738E, 0x9CF3, 0xBDD7, 0xCE99, 0xDEFB, 0xEF7D, 0xF7BE,
    0xFFFF, 0xFFFF, 0xFFFF, 0xFFFF, 0xFFFF, 0xFFFF, 0xFFFF, 0xFFDE, 0xF7DE, 0xFFDE, 0xF7DE, 0xF7DE, 0xFFDE, 0xFFDE, 0xFFDE, 0xFFFF,
    0xFFDF, 0xFFDF, 0xFFFF, 0xFFFF, 0xFFFF, 0xFFFF, 0xFFFF, 0xFFFF, 0xFFFF, 0xFFFF, 0xFFFF, 0xFFFF, 0xFFFF, 0xFFFF, 0xFFFF, 0xFFFF,
    0xFFFF, 0xFFFF, 0xFFFF, 0xFFFF, 0xFFDF, 0xF7BE, 0xF7BE, 0xF7BE, 0xF79D, 0xF79D, 0xF79D, 0xF79D, 0xF79D, 0xF79D, 0xF79D, 0xF79D,
    0xEF7D, 0xF7BE, 0xF7BE, 0xFFDF, 0xFFFF, 0xFFDF, 0xFFDF, 0xFFFF, 0xFFFF, 0xFFDF, 0xF7DE, 0xF7DE, 0xF7DE, 0xF7BE, 0xF7BE, 0xF7BE,
    0xEF9D, 0xEF7D, 0xEF7D, 0xEF5D, 0xEF5D, 0xE75C, 0xE75C, 0xE75D, 0xE75D, 0xE73C, 0xE73C, 0xE73C, 0xE73B, 0xE71B, 0xDEFB, 0xDEDA,
    0xD6B9, 0xD699, 0xCE78, 0xC657, 0xC617, 0xBDD6, 0xBDD5, 0xB595, 0xAD54, 0xA513, 0x9CD2, 0x9CB1, 0x9470, 0x8C50, 0x8C2F, 0x8C50,
    0x842F, 0x840F, 0x840F, 0x842F, 0x8C50, 0x840F, 0x842F, 0x8C70, 0x9470, 0x9471, 0x9491, 0x94B1, 0x9CB2, 0xA534, 0x9CF3, 0x9CF2,
    0xEF5C, 0xE75C, 0xE75C, 0xE73C, 0xE73C, 0xE73C, 0xE73C, 0xE73B, 0xDF1B, 0xDEFB, 0xB5F7, 0x9D56, 0x7C32, 0xA576, 0xD6DB, 0xDF1B,
    0xDF1B, 0xDEFB, 0xDEFB, 0xDEFB, 0xD6DA, 0xD6B9, 0xD699, 0xCE99, 0xCE99, 0xCE99, 0xCE99, 0xCE79, 0xCE79, 0xCE99, 0xCE99, 0xCE99,
    0xCE78, 0xCE78, 0xCE79, 0xCE79, 0xCE78, 0xCE79, 0xCE99, 0xD699, 0xD6B9, 0xD699, 0xD699, 0xD6BA, 0xD6BA, 0xD6BA, 0xD6BA, 0xD699,
    0xD6BA, 0xD6B9, 0xD6B9, 0xD699, 0xCE78, 0xC637, 0xBDF7, 0xB595, 0xBE17, 0xAD75, 0xC638, 0xD6BA, 0xCE99, 0xAD75, 0x94B2, 0x9492,
    0x8C71, 0x8430, 0x7BEF, 0x738E, 0x6B4D, 0x634D, 0x632C, 0x52CB, 0x4A8A, 0x4A49, 0x4208, 0x31C7, 0x31A6, 0x2986, 0x2945, 0x2945,
    0x2125, 0x2124, 0x2945, 0x632C, 0xC638, 0xC638, 0xAD54, 0x0020, 0x0000, 0x0000, 0x0000, 0x0000, 0x0000, 0x0000, 0x0000, 0x0000,
    0x0000, 0x0000, 0x0000, 0x0000, 0x0000, 0x0000, 0x0000, 0x0000, 0x0000, 0x0000, 0x0000, 0x0000, 0x0000, 0x0000, 0x0000, 0x0000,
    0x0000, 0x0000, 0x0000, 0x0000, 0x0000, 0x0000, 0x0000, 0x0000, 0x0000, 0x0000, 0x0000, 0x0000, 0x0000, 0x0000, 0x0000, 0x0000,
    0x0000, 0x0000, 0x0000, 0x0000, 0x0000, 0x0000, 0x0000, 0x0000, 0x0000, 0x0000, 0x0000, 0x0000, 0x0000, 0x0000, 0x0000, 0x0000,
    0x0000, 0x0000, 0x0000, 0x0000, 0x0000, 0x0000, 0x0000, 0x0000, 0x0000, 0x0000, 0x0000, 0x0000, 0x0000, 0x0000, 0x0000, 0x0000,
    0x0000, 0x0000, 0x0000, 0x0000, 0x0000, 0x0000, 0x0000, 0x0000, 0x0000, 0x0000, 0x0000, 0x0000, 0x0000, 0x0000, 0x0000, 0x0000,
    0x0000, 0x0000, 0x0000, 0x0000, 0x0000, 0x0000, 0x0000, 0x0000, 0x0000, 0x0000, 0x0000, 0x0000, 0x0000, 0x0000, 0x0000, 0x0000,
    0x0000, 0x0000, 0x0861, 0x39E7, 0x7BCE, 0xB595, 0xE71B, 0xF7DE, 0xFFFF, 0xFFFF, 0xFFFF, 0xFFFF, 0xFFFF, 0xFFFF, 0xFFDE, 0xF7DE,
    0xFFDE, 0xF7BE, 0xF7BE, 0xF7BE, 0xF7BE, 0xF7DE, 0xF7DE, 0xF7DE, 0xF7DE, 0xF7DE, 0xF7BE, 0xF7BE, 0xF7BE, 0xF7BE, 0xF7BE, 0xF7BE,
    0xF7BE, 0xF7BE, 0xF7BE, 0xF7BE, 0xF7BE, 0xF79D, 0xF79D, 0xF79E, 0xF7BE, 0xF7BE, 0xF79E, 0xF79E, 0xF7BE, 0xF7BE, 0xF7BE, 0xF7BE,
    0xF7BE, 0xF7BE, 0xF7DE, 0xF7DE, 0xF7DF, 0xF7DF, 0xFFDF, 0xFFDF, 0xFFDE, 0xF7DE, 0xF7BE, 0xF7DE, 0xF7DE, 0xFFDE, 0xFFDF, 0xF7BE,
    0xF7BE, 0xF79E, 0xEF9E, 0xEF9D, 0xEF7D, 0xEF7D, 0xEF7D, 0xEF9D, 0xEF9E, 0xEF9E, 0xEF9E, 0xEF7D, 0xE73C, 0xDF1B, 0xDF1B, 0xDEFA,
    0xD6BA, 0xCE79, 0xCE58, 0xC637, 0xBDF6, 0xB5B5, 0xAD74, 0xAD54, 0xA533, 0xA4F2, 0x9491, 0x9470, 0x8C70, 0x842F, 0x842F, 0x842F,
    0x842F, 0x840F, 0x8C2F, 0x8C50, 0x9491, 0x9CD2, 0x9CF3, 0xA513, 0xA513, 0xAD54, 0xAD95, 0xB5B6, 0xC617, 0xC638, 0xCE79, 0xD6DB,
    0xDEDB, 0xDEFB, 0xE73C, 0xEF5D, 0xEF7D, 0xEF9D, 0xEF7D, 0xE75C, 0xE75C, 0xE75C, 0xE75C, 0xE75C, 0xE75C, 0xE75C, 0xD699, 0xAD54,
    0xE75C, 0xDF3C, 0xE73C, 0xE73C, 0xDF3C, 0xDF3C, 0xDF3C, 0xDF3C, 0xE73C, 0xDF3C, 0xDEFB, 0xBDF8, 0x636E, 0x636E, 0x9D14, 0xDF1B,
    0xEF7D, 0xEF7D, 0xEF7D, 0xEF7D, 0xEF7D, 0xEF7D, 0xEF9D, 0xEF9D, 0xEF9D, 0xEF9D, 0xEF9D, 0xEF9D, 0xEF7D, 0xEF7D, 0xEF9D, 0xEF9D,
    0xEF7D, 0xEF7D, 0xEF7D, 0xEF7D, 0xE75C, 0xE75C, 0xE73C, 0xE73B, 0xE71B, 0xDF1B, 0xDEFB, 0xDEDA, 0xDEDA, 0xDEDA, 0xDEDA, 0xD6DA,
    0xD6BA, 0xD6BA, 0xD6BA, 0xD699, 0xD699, 0xD6B9, 0xD6BA, 0xD6B9, 0xD6BA, 0xBDF7, 0xD699, 0xDEDA, 0xCE79, 0xCE99, 0xD6BA, 0xD6BA,
    0xD6BA, 0xD6BA, 0xD6BA, 0xD6DA, 0xD6BA, 0xD6BA, 0xD699, 0xCE79, 0xD699, 0xCE79, 0xCE78, 0xCE58, 0xC638, 0xC617, 0xBDF7, 0xBDF7,
    0xBDD7, 0xBDD6, 0xC618, 0xD69A, 0xC617, 0xBDF7, 0xBDF7, 0x2124, 0x0000, 0x0000, 0x0000, 0x0000, 0x0000, 0x0000, 0x0000, 0x0000,
    0x0000, 0x0000, 0x0000, 0x0000, 0x0000, 0x0000, 0x0000, 0x0000, 0x0000, 0x0000, 0x0000, 0x0000, 0x0000, 0x0000, 0x0000, 0x0000,
    0x0000, 0x0000, 0x0000, 0x0000, 0x0000, 0x0000, 0x0000, 0x0000, 0x0000, 0x0000, 0x0000, 0x0000, 0x0000, 0x0000, 0x0000, 0x0000,
    0x0000, 0x0000, 0x0000, 0x0000, 0x0000, 0x0000, 0x0000, 0x0000, 0x0000, 0x0000, 0x0000, 0x0000, 0x0000, 0x0000, 0x0000, 0x0000,
    0x0000, 0x0000, 0x0000, 0x0000, 0x0000, 0x0000, 0x0000, 0x0000, 0x0000, 0x0000, 0x0000, 0x0000, 0x0000, 0x0000, 0x0000, 0x0000,
    0x0000, 0x0000, 0x0000, 0x0000, 0x0000, 0x0000, 0x0000, 0x0000, 0x0000, 0x0000, 0x0000, 0x0000, 0x0000, 0x0000, 0x0000, 0x0000,
    0x0000, 0x0000, 0x0000, 0x0000, 0x0000, 0x0000, 0x0000, 0x0000, 0x0000, 0x0000, 0x0000, 0x0000, 0x0000, 0x0000, 0x0000, 0x0861,
    0x4228, 0x94D2, 0xD6BA, 0xFFDE, 0xFFFF, 0xFFFF, 0xFFFF, 0xFFDE, 0xF7BE, 0xF7BD, 0xF79D, 0xF79D, 0xF79D, 0xF79D, 0xEF9D, 0xF79D,
    0xF79D, 0xEF9D, 0xEF9D, 0xEF9D, 0xEF9D, 0xEF9D, 0xEF9D, 0xEF9D, 0xEF9D, 0xEF9D, 0xEF9D, 0xEF7D, 0xEF7D, 0xEF7D, 0xEF9D, 0xEF9D,
    0xEF9D, 0xEF7D, 0xEF7D, 0xEF7D, 0xEF9D, 0xEF7D, 0xEF7D, 0xEF7D, 0xEF7D, 0xEF7D, 0xEF7D, 0xEF7D, 0xEF7D, 0xEF7D, 0xEF9D, 0xEF7D,
    0xEF7D, 0xEF7D, 0xEF7D, 0xEF7D, 0xEF7D, 0xEF7D, 0xEF7D, 0xEF7D, 0xEF7C, 0xEF5C, 0xEF5C, 0xE75C, 0xE75C, 0xE75C, 0xE73C, 0xE71B,
    0xDEDB, 0xDF1B, 0xE73C, 0xE73C, 0xE71B, 0xD6BA, 0xCE79, 0xC617, 0xB595, 0xAD54, 0x94B1, 0x94B2, 0xB5B6, 0xDEDA, 0xD699, 0xD699,
    0xCE79, 0xB596, 0x8C50, 0x8430, 0x9492, 0x9CB2, 0x9CF3, 0xAD54, 0xB595, 0xBDD6, 0xBDF7, 0xC638, 0xCE79, 0xD69A, 0xD6BA, 0xDEDA,
    0xDEFB, 0xE73C, 0xE73C, 0xE73C, 0xE73C, 0xE73C, 0xE73C, 0xE73C, 0xE73C, 0xE73C, 0xE73C, 0xE75C, 0xCE79, 0xC638, 0xBDD7, 0xAD96,
    0xAD75, 0xA555, 0xA554, 0xA534, 0x9CF3, 0xA555, 0xC658, 0xC637, 0xC637, 0xC617, 0xC637, 0xC617, 0xBE17, 0xC637, 0xA513, 0x9CD2,
    0xCE78, 0xC617, 0xC637, 0xC638, 0xC638, 0xC638, 0xC638, 0xC638, 0xC638, 0xC637, 0xC638, 0xBDF6, 0x8450, 0x6B4C, 0x8C51, 0xCE58,
    0xC658, 0xCE58, 0xCE58, 0xCE58, 0xCE78, 0xCE79, 0xCE79, 0xCE99, 0xCE99, 0xD699, 0xD6BA, 0xD6BA, 0xD6BA, 0xDEDA, 0xDEDA, 0xDEDA,
    0xDEFB, 0xDEFB, 0xDF1B, 0xDF1B, 0xDF1B, 0xDF1B, 0xE71B, 0xE71B, 0xE73C, 0xE73C, 0xE73C, 0xE75C, 0xEF5C, 0xEF5C, 0xEF7D, 0xEF7D,
    0xEF7D, 0xEF7D, 0xEF9D, 0xEF7D, 0xEF9D, 0xEF9D, 0xEF9D, 0xEF9D, 0xEF7D, 0xEF7D, 0xDF1B, 0xEF5D, 0xE75C, 0xE71C, 0xDEFB, 0xDEFA,
    0xDEFA, 0xD6DA, 0xD6BA, 0xD699, 0xCE99, 0xCE99, 0xCE79, 0xCE58, 0xCE78, 0xCE58, 0xCE58, 0xC658, 0xC638, 0xC658, 0xC638, 0xC638,
    0xC638, 0xC638, 0xC617, 0xBDF6, 0xBDF6, 0xBDD6, 0xC638, 0x4A69, 0x0000, 0x0000, 0x0000, 0x0000, 0x0000, 0x0000, 0x0000, 0x0000,
    0x0000, 0x0000, 0x0000, 0x0000, 0x0000, 0x0000, 0x0000, 0x0000, 0x0000, 0x0000, 0x0000, 0x0000, 0x0000, 0x0000, 0x0000, 0x0000,
    0x0000, 0x0000, 0x0000, 0x0000, 0x0000, 0x0000, 0x0000, 0x0000, 0x0000, 0x0000, 0x0000, 0x0000, 0x0000, 0x0000, 0x0000, 0x0000,
    0x0000, 0x0000, 0x0000, 0x0000, 0x0000, 0x0000, 0x0000, 0x0000, 0x0000, 0x0000, 0x0000, 0x0000, 0x0000, 0x0000, 0x0000, 0x0000,
    0x0000, 0x0000, 0x0000, 0x0000, 0x0000, 0x0000, 0x0000, 0x0000, 0x0000, 0x0000, 0x0000, 0x0000, 0x0000, 0x0000, 0x0000, 0x0000,
    0x0000, 0x0000, 0x0000, 0x0000, 0x0000, 0x0000, 0x0000, 0x0000, 0x0000, 0x0000, 0x0000, 0x0000, 0x0000, 0x0000, 0x0000, 0x0000,
    0x0000, 0x0000, 0x0000, 0x0000, 0x0000, 0x0000, 0x0000, 0x0000, 0x0000, 0x0000, 0x0000, 0x0000, 0x0000, 0x18C2, 0x7BCE, 0xBDD6,
    0xE6FB, 0xE71C, 0xFFFF, 0xEF9D, 0xEF9D, 0xEF9D, 0xF79D, 0xF79D, 0xF79D, 0xEF9D, 0xEF9D, 0xEF9D, 0xEF9D, 0xEF9D, 0xEF7D, 0xEF7D,
    0xEF9D, 0xEF7D, 0xEF7D, 0xEF7D, 0xEF7D, 0xEF7D, 0xEF7D, 0xEF7D, 0xEF7D, 0xEF7D, 0xEF7D, 0xEF7D, 0xEF7D, 0xEF7D, 0xEF7D, 0xEF9D,
    0xEF7D, 0xEF7C, 0xEF7D, 0xEF7D, 0xEF7D, 0xEF7D, 0xEF7D, 0xEF7D, 0xEF7D, 0xEF7D, 0xEF7D, 0xEF5D, 0xEF7D, 0xEF7D, 0xEF7D, 0xEF7D,
    0xEF7D, 0xEF7D, 0xEF7D, 0xEF7D, 0xEF7D, 0xEF5D, 0xEF7D, 0xEF5D, 0xEF5C, 0xE75C, 0xE75C, 0xE75C, 0xE75C, 0xE73C, 0xDF1B, 0xD6BA,
    0xDEFB, 0xBDF7, 0x94D2, 0x8C91, 0x8450, 0x842F, 0x7C0F, 0x7BEF, 0x8C71, 0x9D13, 0xAD55, 0xB5D6, 0xBE18, 0xD6DB, 0xD69A, 0xD6BA,
    0xCE9A, 0xCE7A, 0xCE7A, 0xA535, 0xB5B6, 0xEF5C, 0xE75C, 0xE75C, 0xE73C, 0xE71B, 0xDEFB, 0xD6BA, 0xD6B9, 0xCE99, 0xCE78, 0xCE58,
    0xC637, 0xC637, 0xC637, 0xC617, 0xC617, 0xC617, 0xC617, 0xC617, 0xC617, 0xC637, 0xCE99, 0x94D3, 0x8C93, 0x94D3, 0x94D4, 0x94F4,
    0x9CF4, 0x9D15, 0x9CF4, 0x94F4, 0x9D35, 0xA555, 0xBE17, 0xCE58, 0xC637, 0xC637, 0xC657, 0xC657, 0xC637, 0xCE78, 0x9CF2, 0xA533,
    0xCE78, 0xC637, 0xC657, 0xC657, 0xC638, 0xC658, 0xC658, 0xC658, 0xC658, 0xC638, 0xC638, 0xCE99, 0x94B1, 0x5AEB, 0xBDD6, 0xCE78,
    0xC658, 0xCE58, 0xCE58, 0xCE58, 0xCE58, 0xCE58, 0xC658, 0xC658, 0xC658, 0xC658, 0xCE58, 0xCE58, 0xCE58, 0xC658, 0xCE58, 0xC638,
    0xC638, 0xC638, 0xC638, 0xC638, 0xC658, 0xCE58, 0xC658, 0xC658, 0xCE58, 0xC658, 0xCE58, 0xCE58, 0xCE58, 0xCE79, 0xCE79, 0xCE79,
    0xCE79, 0xCE99, 0xCE99, 0xCE99, 0xD699, 0xD6BA, 0xD6BA, 0xD6DA, 0xDEDA, 0xDEDB, 0xCE79, 0xD6DA, 0xDEFB, 0xDF1B, 0xE71B, 0xE71B,
    0xE73C, 0xE73C, 0xE75C, 0xEF5D, 0xEF5D, 0xEF5D, 0xEF7D, 0xEF7D, 0xEF7D, 0xEF7D, 0xEF7D, 0xEF7D, 0xEF7D, 0xEF7D, 0xEF5C, 0xE73C,
    0xE73B, 0xDF1B, 0xDEFB, 0xDEFA, 0xD6BA, 0xCE99, 0xD6B9, 0x9CF3, 0x0000, 0x0000, 0x0000, 0x0000, 0x0000, 0x0000, 0x0000, 0x0000,
    0x0000, 0x0000, 0x0000, 0x0000, 0x0000, 0x0000, 0x0000, 0x0000, 0x0000, 0x0000, 0x0000, 0x0000, 0x0000, 0x0000, 0x0000, 0x0000,
    0x0000, 0x0000, 0x0000, 0x0000, 0x0000, 0x0000, 0x0000, 0x0000, 0x0000, 0x0000, 0x0000, 0x0000, 0x0000, 0x0000, 0x0000, 0x0000,
    0x0000, 0x0000, 0x0000, 0x0000, 0x0000, 0x0000, 0x0000, 0x0000, 0x0000, 0x0000, 0x0000, 0x0000, 0x0000, 0x0000, 0x0000, 0x0000,
    0x0000, 0x0000, 0x0000, 0x0000, 0x0000, 0x0000, 0x0000, 0x0000, 0x0000, 0x0000, 0x0000, 0x0000, 0x0000, 0x0000, 0x0000, 0x0000,
    0x0000, 0x0000, 0x0000, 0x0000, 0x0000, 0x0000, 0x0000, 0x0000, 0x0000, 0x0000, 0x0000, 0x0000, 0x0000, 0x0000, 0x0000, 0x0000,
    0x0000, 0x0000, 0x0000, 0x0000, 0x0000, 0x0000, 0x0000, 0x0000, 0x0000, 0x0000, 0x0000, 0x0000, 0x0020, 0xAD34, 0xE6FB, 0xDEFB,
    0xB595, 0xD699, 0xF7BE, 0xEF7D, 0xEF9D, 0xF7BE, 0xF79D, 0xEF7D, 0xEF7D, 0xEF7D, 0xEF7D, 0xEF7D, 0xEF7D, 0xEF7D, 0xEF7D, 0xEF7D,
    0xEF7D, 0xEF7D, 0xEF7C, 0xEF7D, 0xEF7D, 0xEF7D, 0xEF7D, 0xEF5C, 0xEF7D, 0xEF7D, 0xEF7D, 0xEF7C, 0xEF7C, 0xEF5C, 0xEF7C, 0xEF7D,
    0xEF7C, 0xEF5C, 0xEF5C, 0xEF7C, 0xEF7D, 0xEF5C, 0xEF7C, 0xEF5D, 0xEF5D, 0xEF7D, 0xEF5C, 0xE75C, 0xEF7D, 0xEF7D, 0xEF7D, 0xEF5D,
    0xE75C, 0xE75C, 0xE75C, 0xE75C, 0xE75C, 0xE75C, 0xEF5C, 0xE75C, 0xE75C, 0xE75C, 0xE75C, 0xE73C, 0xE73C, 0xE71C, 0xD6DA, 0xD6DA,
    0x9D13, 0x7BEF, 0xB5B6, 0xCE59, 0xDEDB, 0xE73C, 0xEF7D, 0xEF9E, 0xEF9E, 0xEF7D, 0xE73D, 0xC659, 0xC659, 0xC67A, 0xC69A, 0xC69A,
    0xCE9A, 0xC639, 0xB5D8, 0xB596, 0x738E, 0x7C10, 0xBDD6, 0xC617, 0xBE16, 0xBE16, 0xC616, 0xC617, 0xC617, 0xC617, 0xC617, 0xC637,
    0xC637, 0xC637, 0xC637, 0xC637, 0xC637, 0xC637, 0xC637, 0xC637, 0xC637, 0xCE78, 0xBDF7, 0x634E, 0xA556, 0x9CF4, 0xA535, 0xA556,
    0xB5D8, 0xB5D8, 0xA577, 0xB5D8, 0xB5D8, 0xB5F8, 0xBDF7, 0xCE58, 0xC637, 0xC637, 0xC637, 0xC637, 0xC637, 0xCE78, 0x94B1, 0xAD74,
    0xCE58, 0xC637, 0xC637, 0xC637, 0xC637, 0xC638, 0xC638, 0xC638, 0xC638, 0xC637, 0xC638, 0xCE58, 0xC617, 0xBDF7, 0xCE58, 0xC638,
    0xC658, 0xC638, 0xC658, 0xC658, 0xC658, 0xC658, 0xC658, 0xC658, 0xC658, 0xCE58, 0xCE78, 0xCE58, 0xCE58, 0xCE58, 0xCE58, 0xCE58,
    0xC638, 0xC638, 0xC658, 0xC658, 0xC658, 0xCE58, 0xCE58, 0xCE58, 0xCE58, 0xCE58, 0xCE58, 0xCE58, 0xC658, 0xC658, 0xCE58, 0xC658,
    0xC658, 0xC658, 0xC658, 0xC638, 0xC658, 0xC638, 0xC638, 0xC638, 0xC638, 0xC638, 0xC617, 0xC638, 0xC638, 0xC638, 0xC638, 0xC638,
    0xC638, 0xC638, 0xC658, 0xC658, 0xC658, 0xC658, 0xCE58, 0xCE59, 0xCE79, 0xCE79, 0xCE79, 0xCE79, 0xCE79, 0xD699, 0xD69A, 0xD6BA,
    0xD6BA, 0xD6BA, 0xDEDA, 0xDEFB, 0xDEFB, 0xDEFB, 0xDEFA, 0xDEFB, 0x3186, 0x0000, 0x0000, 0x0000, 0x0000, 0x0000, 0x0000, 0x0000,
    0x0000, 0x0000, 0x0000, 0x0000, 0x0000, 0x0000, 0x0000, 0x0000, 0x0000, 0x0000, 0x0000, 0x0000, 0x0000, 0x0000, 0x0000, 0x0000,
    0x0000, 0x0000, 0x0000, 0x0000, 0x0000, 0x0000, 0x0000, 0x0000, 0x0000, 0x0000, 0x0000, 0x0000, 0x0000, 0x0000, 0x0000, 0x0000,
    0x0000, 0x0000, 0x0000, 0x0000, 0x0000, 0x0000, 0x0000, 0x0000, 0x0000, 0x0000, 0x0000, 0x0000, 0x0000, 0x0000, 0x0000, 0x0000,
    0x0000, 0x0000, 0x0000, 0x0000, 0x0000, 0x0000, 0x0000, 0x0000, 0x0000, 0x0000, 0x0000, 0x0000, 0x0000, 0x0000, 0x0000, 0x0000,
    0x0000, 0x0000, 0x0000, 0x0000, 0x0000, 0x0000, 0x0000, 0x0000, 0x0000, 0x0000, 0x0000, 0x0000, 0x0000, 0x0000, 0x0000, 0x0000,
    0x0000, 0x0000, 0x0000, 0x0000, 0x0000, 0x0000, 0x0000, 0x0000, 0x0000, 0x0000, 0x0000, 0x0000, 0x630C, 0xEF1C, 0xD679, 0xCE17,
    0xBDB6, 0xFFFE, 0xEF7D, 0xF79D, 0xE73C, 0xCE99, 0xE75C, 0xF7DE, 0xEF5C, 0xE75C, 0xEF5C, 0xEF5C, 0xEF5C, 0xEF5C, 0xE75C, 0xEF5C,
    0xEF5C, 0xEF5C, 0xE75C, 0xE75C, 0xE75C, 0xEF5C, 0xEF5C, 0xE75C, 0xE75C, 0xEF5C, 0xEF5C, 0xEF5C, 0xE75C, 0xE75C, 0xE75C, 0xEF5C,
    0xE75C, 0xE75C, 0xE75C, 0xE75C, 0xEF5C, 0xE75C, 0xE75C, 0xE75C, 0xE75C, 0xEF5C, 0xE75C, 0xE73C, 0xEF5C, 0xE75C, 0xE75C, 0xEF9D,
    0xF79E, 0xEF7D, 0xEF7D, 0xF7BE, 0xEF9D, 0xE73C, 0xE73C, 0xE75C, 0xE73C, 0xE73C, 0xE73C, 0xE73C, 0xE71C, 0xD6DA, 0xDEDA, 0xA534,
    0x8451, 0xF7DF, 0xEF5C, 0xDEFB, 0xD6BA, 0xCE99, 0xC658, 0xC638, 0xC637, 0xC637, 0xC5F6, 0xB46F, 0xB4D1, 0xBD33, 0xBD54, 0xB533,
    0xB554, 0xB554, 0xAD34, 0xAD56, 0x734D, 0x7288, 0x9B8D, 0xC636, 0xC616, 0xC617, 0xC617, 0xC617, 0xC637, 0xC637, 0xC617, 0xC617,
    0xC617, 0xC637, 0xC637, 0xC617, 0xC637, 0xC637, 0xC637, 0xC637, 0xC637, 0xD6B9, 0x9D14, 0x6BB0, 0xADB8, 0xA577, 0xA576, 0xAD96,
    0xB5B7, 0xB5B7, 0xADB7, 0xA556, 0xC65A, 0xB5D7, 0xBDF6, 0xC658, 0xC637, 0xC637, 0xC617, 0xC637, 0xC617, 0xCE78, 0x8C50, 0xB5B5,
    0xCE58, 0xC637, 0xC637, 0xC637, 0xC637, 0xC637, 0xC637, 0xC637, 0xC637, 0xC637, 0xC637, 0xC658, 0xC638, 0xCE58, 0xC637, 0xC638,
    0xC638, 0xC638, 0xC637, 0xC638, 0xC638, 0xC638, 0xC638, 0xC658, 0xCE58, 0xC637, 0xC658, 0xCE79, 0xCE78, 0xCE58, 0xCE58, 0xCE58,
    0xC638, 0xC638, 0xC638, 0xC638, 0xC638, 0xC638, 0xC638, 0xC638, 0xC638, 0xC638, 0xC638, 0xC638, 0xC658, 0xC658, 0xC658, 0xC658,
    0xC658, 0xC658, 0xC638, 0xC658, 0xC658, 0xC658, 0xCE58, 0xCE58, 0xC638, 0xC638, 0xC637, 0xC638, 0xCE58, 0xC658, 0xC658, 0xC658,
    0xC658, 0xC638, 0xC638, 0xC638, 0xC638, 0xC638, 0xC638, 0xC638, 0xC638, 0xC638, 0xC638, 0xC618, 0xC618, 0xC618, 0xC618, 0xC618,
    0xC617, 0xC617, 0xC617, 0xC617, 0xBDF7, 0xBDF7, 0xBDD6, 0xCE59, 0x6B6D, 0x0000, 0x0000, 0x0000, 0x0000, 0x0000, 0x0000, 0x0000,
    0x0000, 0x0000, 0x0000, 0x0000, 0x0000, 0x0000, 0x0000, 0x0000, 0x0000, 0x0000, 0x0000, 0x0000, 0x0000, 0x0000, 0x0000, 0x0000,
    0x0000, 0x0000, 0x0000, 0x0000, 0x0000, 0x0000, 0x0000, 0x0000, 0x0000, 0x0000, 0x0000, 0x0000, 0x0000, 0x0000, 0x0000, 0x0000,
    0x0000, 0x0000, 0x0000, 0x0000, 0x0000, 0x0000, 0x0000, 0x0000, 0x0000, 0x0000, 0x0000, 0x0000, 0x0000, 0x0000, 0x0000, 0x0000,
    0x0000, 0x0000, 0x0000, 0x0000, 0x0000, 0x0000, 0x0000, 0x0000, 0x0000, 0x0000, 0x0000, 0x0000, 0x0000, 0x0000, 0x0000, 0x0000,
    0x0000, 0x0000, 0x0000, 0x0000, 0x0000, 0x0000, 0x0000, 0x0000, 0x0000, 0x0000, 0x0000, 0x0000, 0x0000, 0x0000, 0x0000, 0x0000,
    0x0000, 0x0000, 0x0000, 0x0000, 0x0000, 0x0000, 0x0000, 0x0000, 0x0000, 0x0000, 0x0000, 0x0841, 0xB42D, 0xCBEA, 0xCC8D, 0xBBAB,
    0xCE17, 0xEF7E, 0xDF3C, 0xDEFC, 0xBDF8, 0x7C31, 0x4AAB, 0x8C92, 0xEF9D, 0xEF7D, 0xEF7D, 0xF79D, 0xF79D, 0xF79D, 0xEF9D, 0xEF9D,
    0xF79D, 0xF79D, 0xEF7D, 0xEF9D, 0xEF9D, 0xEF9D, 0xEF7D, 0xEF7D, 0xEF7D, 0xEF7D, 0xEF7D, 0xEF7D, 0xEF7D, 0xEF5D, 0xEF7D, 0xEF7D,
    0xEF7D, 0xEF5D, 0xEF5C, 0xEF7D, 0xEF7D, 0xEF5C, 0xEF5C, 0xEF5C, 0xE75C, 0xE75C, 0xE73C, 0xE73C, 0xE73C, 0xEF5C, 0xEF5D, 0xBE18,
    0x9CD3, 0x9CF3, 0x8C92, 0x8C71, 0xAD95, 0xE73C, 0xEF5C, 0xE73C, 0xE73C, 0xE73C, 0xE73C, 0xE73C, 0xDEFB, 0xCE99, 0xC617, 0x738D,
    0xE75C, 0xDEFB, 0xCE58, 0xC658, 0xC658, 0xC637, 0xC637, 0xC637, 0xC616, 0xBE37, 0xBCD0, 0xB262, 0xC2C3, 0xCB02, 0xD302, 0xC303,
    0xC2E3, 0xBAC4, 0xAAC5, 0x9B2A, 0x89A3, 0xBA02, 0xAB08, 0xC616, 0xC5F6, 0xC617, 0xC617, 0xC617, 0xC617, 0xC617, 0xC616, 0xC617,
    0xC617, 0xC617, 0xC617, 0xC617, 0xC617, 0xC637, 0xC637, 0xC637, 0xC617, 0xCE99, 0x8CB3, 0x73F1, 0x9D35, 0x9D15, 0xA535, 0xA555,
    0xA576, 0xAD97, 0xADD7, 0xB5D7, 0xCEBB, 0xAD96, 0xBDD6, 0xCE58, 0xC637, 0xC637, 0xC617, 0xC637, 0xC617, 0xCE58, 0x840F, 0xBDD6,
    0xC637, 0xC637, 0xC637, 0xC637, 0xC637, 0xC637, 0xC637, 0xC637, 0xC637, 0xC617, 0xC637, 0xC637, 0xC637, 0xC637, 0xC637, 0xC638,
    0xC638, 0xC637, 0xC637, 0xC637, 0xC637, 0xC638, 0xC638, 0xCE58, 0xBDF7, 0xD6BA, 0xEF5D, 0xBDF7, 0xBDD7, 0xBDF8, 0xBDF7, 0xBDF7,
    0xBDF7, 0xCE58, 0xC638, 0xC637, 0xC638, 0xC637, 0xC637, 0xC637, 0xC638, 0xC637, 0xC637, 0xC638, 0xC638, 0xC638, 0xC638, 0xC638,
    0xC638, 0xC638, 0xC638, 0xC638, 0xC658, 0xC638, 0xC617, 0xC637, 0xCE79, 0xD699, 0xCE79, 0xCE58, 0xCE79, 0xC638, 0xC638, 0xC638,
    0xC638, 0xC638, 0xC638, 0xC638, 0xC638, 0xC618, 0xC638, 0xC638, 0xC638, 0xC638, 0xC638, 0xC638, 0xC638, 0xC638, 0xC638, 0xC638,
    0xC618, 0xC618, 0xC618, 0xC618, 0xC617, 0xC617, 0xBDF7, 0xC638, 0x8C71, 0x0000, 0x0000, 0x0000, 0x0000, 0x0000, 0x0000, 0x0000,
    0x0000, 0x0000, 0x0000, 0x0000, 0x0000, 0x0000, 0x0000, 0x0000, 0x0000, 0x0000, 0x0000, 0x0000, 0x0000, 0x0000, 0x0000, 0x0000,
    0x0000, 0x0000, 0x0000, 0x0000, 0x0000, 0x0000, 0x0000, 0x0000, 0x0000, 0x0000, 0x0000, 0x0000, 0x0000, 0x0000, 0x0000, 0x0000,
    0x0000, 0x0000, 0x0000, 0x0000, 0x0000, 0x0000, 0x0000, 0x0000, 0x0000, 0x0000, 0x0000, 0x0000, 0x0000, 0x0000, 0x0000, 0x0000,
    0x0000, 0x0000, 0x0000, 0x0000, 0x0000, 0x0000, 0x0000, 0x0000, 0x0000, 0x0000, 0x0000, 0x0000, 0x0000, 0x0000, 0x0000, 0x0000,
    0x0000, 0x0000, 0x0000, 0x0000, 0x0000, 0x0000, 0x0000, 0x0000, 0x0000, 0x0000, 0x0000, 0x0000, 0x0000, 0x0000, 0x0000, 0x0000,
    0x0000, 0x0000, 0x0000, 0x0000, 0x0000, 0x0000, 0x0000, 0x0000, 0x0000, 0x0000, 0x0000, 0x1881, 0xC346, 0xD365, 0xCB25, 0xBAC6,
    0xE71C, 0xE73C, 0xB5B7, 0x9CF4, 0x9CF4, 0xD6FC, 0xCE9B, 0x424A, 0x8430, 0xB5D6, 0xAD94, 0xAD54, 0xAD54, 0xAD53, 0xAD54, 0xAD74,
    0xAD74, 0xB595, 0xB5B5, 0xB5B5, 0xBDB5, 0xBDD6, 0xBDF6, 0xC5F6, 0xC5F6, 0xC616, 0xC637, 0xC637, 0xC657, 0xC637, 0xCE57, 0xCE78,
    0xCE57, 0xCE77, 0xCE78, 0xCE98, 0xD6B9, 0xD6B9, 0xD6B9, 0xD6B9, 0xD6D9, 0xDEDA, 0xDEFA, 0xDEFA, 0xDEFB, 0xCE58, 0xA555, 0xB5D7,
    0xCE79, 0xD6BB, 0xD6DB, 0xB5B7, 0x634E, 0x6B6D, 0xDEDA, 0xEF5C, 0xE75C, 0xEF5C, 0xE75C, 0xDF1B, 0xD699, 0xD699, 0x8C30, 0xBDF6,
    0xE75C, 0xCE79, 0xC638, 0xC637, 0xC637, 0xC637, 0xC617, 0xC617, 0xC5F6, 0xBDF6, 0xAC2D, 0xBA20, 0xDAE1, 0xE320, 0xEB40, 0xDB00,
    0xDAA0, 0xCA81, 0xC241, 0x9A45, 0xA1A2, 0xC221, 0xAB08, 0xC616, 0xC5F6, 0xC616, 0xC616, 0xC616, 0xC617, 0xC617, 0xC616, 0xC617,
    0xC617, 0xC617, 0xC617, 0xC617, 0xC617, 0xC617, 0xC617, 0xC617, 0xC637, 0xC638, 0x8451, 0x94B3, 0xAD97, 0xADB7, 0xB5D7, 0xB5F8,
    0xB5D7, 0xB5B7, 0xAD96, 0xAD76, 0xB5D7, 0x9CF4, 0xBDD6, 0xC637, 0xC637, 0xC637, 0xC637, 0xC637, 0xC617, 0xCE58, 0x840F, 0xBDD6,
    0xC637, 0xC637, 0xC637, 0xC637, 0xC637, 0xC637, 0xC637, 0xC617, 0xC617, 0xC617, 0xC617, 0xC637, 0xC617, 0xC617, 0xC637, 0xC637,
    0xC637, 0xC637, 0xC637, 0xC637, 0xC637, 0xC637, 0xC617, 0xCE58, 0xAD54, 0xAD76, 0xB5B6, 0x8C71, 0x9CF3, 0x83EF, 0x83EF, 0x62CA,
    0x6B0B, 0xBDD6, 0xC658, 0xC617, 0xC637, 0xC637, 0xC637, 0xC637, 0xC637, 0xC637, 0xC637, 0xC637, 0xC637, 0xC637, 0xC638, 0xC637,
    0xC637, 0xC637, 0xC637, 0xC638, 0xBDF7, 0xCE79, 0xE75D, 0xC659, 0xA534, 0x9CD3, 0xAD75, 0xBDD6, 0xBDB6, 0xC638, 0xC617, 0xC638,
    0xC637, 0xC637, 0xC638, 0xC638, 0xC638, 0xC617, 0xC617, 0xC617, 0xC638, 0xC637, 0xC617, 0xC617, 0xC617, 0xC617, 0xC617, 0xC617,
    0xC617, 0xC617, 0xC618, 0xC617, 0xBDF7, 0xC5F7, 0xBDF7, 0xC617, 0xA513, 0x0020, 0x0000, 0x0000, 0x0000, 0x0000, 0x0000, 0x0000,
    0x0000, 0x0000, 0x0000, 0x0000, 0x0000, 0x0000, 0x0000, 0x0000, 0x0000, 0x0000, 0x0000, 0x0000, 0x0000, 0x0000, 0x0000, 0x0000,
    0x0000, 0x0000, 0x0000, 0x0000, 0x0000, 0x0000, 0x0000, 0x0000, 0x0000, 0x0000, 0x0000, 0x0000, 0x0000, 0x0000, 0x0000, 0x0000,
    0x0000, 0x0000, 0x0000, 0x0000, 0x0000, 0x0000, 0x0000, 0x0000, 0x0000, 0x0000, 0x0000, 0x0000, 0x0000, 0x0000, 0x0000, 0x0000,
    0x0000, 0x0000, 0x0000, 0x0000, 0x0000, 0x0000, 0x0000, 0x0000, 0x0000, 0x0000, 0x0000, 0x0000, 0x0000, 0x0000, 0x0000, 0x0000,
    0x0000, 0x0000, 0x0000, 0x0000, 0x0000, 0x0000, 0x0000, 0x0000, 0x0000, 0x0000, 0x0000, 0x0000, 0x0000, 0x0000, 0x0000, 0x0000,
    0x0000, 0x0000, 0x0000, 0x0000, 0x0000, 0x0000, 0x0000, 0x0000, 0x0000, 0x0000, 0x0000, 0x2881, 0xCAA3, 0xDB44, 0xCA42, 0xD531,
    0xD6FC, 0x8471, 0x7BF0, 0x632D, 0x73AF, 0x7C10, 0xC659, 0xD6BB, 0x4A8B, 0x4A6A, 0x5B0C, 0x4A69, 0x4A8A, 0x4A8A, 0x4A6A, 0x4249,
    0x4249, 0x4229, 0x3A28, 0x4228, 0x3A08, 0x3A08, 0x3A08, 0x39E8, 0x39E8, 0x39C8, 0x31C7, 0x31C7, 0x31C7, 0x31C7, 0x31C7, 0x39E8,
    0x39C7, 0x39C7, 0x39E8, 0x3A08, 0x4208, 0x4228, 0x4228, 0x4228, 0x4228, 0x4249, 0x4248, 0x52AA, 0x4A69, 0xA555, 0xD6DB, 0xB5D7,
    0x7C10, 0x6B6D, 0x8430, 0xD6DB, 0xE77E, 0x7C11, 0x7C10, 0xDEFB, 0xDEDB, 0xDEDA, 0xD6BA, 0xCE58, 0xC617, 0x9CF2, 0x9CF3, 0xE75C,
    0xCE99, 0xC637, 0xC637, 0xC637, 0xC637, 0xC617, 0xC617, 0xC5F7, 0xBDD6, 0xBDB5, 0xAC0C, 0xC260, 0xDB21, 0xE381, 0xE3C2, 0xE3A1,
    0xDB00, 0xCA81, 0xC242, 0x99E4, 0x9981, 0xC241, 0xB348, 0xC636, 0xBDF6, 0xC5F6, 0xC616, 0xC616, 0xC617, 0xC617, 0xC616, 0xC617,
    0xC617, 0xC617, 0xC617, 0xC617, 0xC617, 0xC617, 0xC617, 0xC617, 0xC637, 0xB5B6, 0x7C52, 0x8452, 0x7C11, 0x8C92, 0x8C72, 0x8C92,
    0x8CB3, 0x8C93, 0x8C93, 0x8C93, 0x9D35, 0x9D14, 0xC5F6, 0xC637, 0xC617, 0xC637, 0xC637, 0xC637, 0xC617, 0xCE78, 0x842F, 0xB5B5,
    0xC637, 0xC617, 0xC637, 0xC617, 0xC637, 0xC637, 0xC637, 0xC617, 0xC617, 0xC617, 0xC617, 0xC617, 0xC617, 0xC617, 0xC617, 0xC637,
    0xC637, 0xC637, 0xC637, 0xC637, 0xC637, 0xC637, 0xC617, 0xC617, 0xBDF6, 0x9CD1, 0x946F, 0xAD33, 0xA512, 0x9470, 0x9CB1, 0x734C,
    0x83EE, 0xC638, 0xC617, 0xC617, 0xC617, 0xC617, 0xC617, 0xC617, 0xC617, 0xC617, 0xC617, 0xC617, 0xC617, 0xC617, 0xC617, 0xC617,
    0xC617, 0xC617, 0xC617, 0xC617, 0xBDD6, 0x9CF3, 0xB5B7, 0xA535, 0x9CB3, 0xA513, 0x7BAE, 0x5AAA, 0x738D, 0xCE58, 0xC617, 0xC617,
    0xC637, 0xC637, 0xC637, 0xC637, 0xC617, 0xC617, 0xC617, 0xC617, 0xC617, 0xC617, 0xC617, 0xC617, 0xC617, 0xC617, 0xC617, 0xC617,
    0xC617, 0xC617, 0xC618, 0xC617, 0xC5F7, 0xBDF7, 0xBDF7, 0xC5F7, 0xAD54, 0x0861, 0x0000, 0x0000, 0x0000, 0x0000, 0x0000, 0x0000,
    0x0000, 0x0000, 0x0000, 0x0000, 0x0000, 0x0000, 0x0000, 0x0000, 0x0000, 0x0000, 0x0000, 0x0000, 0x0000, 0x0000, 0x0000, 0x0000,
    0x0000, 0x0000, 0x0000, 0x0000, 0x0000, 0x0000, 0x0000, 0x0000, 0x0000, 0x0000, 0x0000, 0x0000, 0x0000, 0x0000, 0x0000, 0x0000,
    0x0000, 0x0000, 0x0000, 0x0000, 0x0000, 0x0000, 0x0000, 0x0000, 0x0000, 0x0000, 0x0000, 0x0000, 0x0000, 0x0000, 0x0000, 0x0000,
    0x0000, 0x0000, 0x0000, 0x0000, 0x0000, 0x0000, 0x0000, 0x0000, 0x0000, 0x0000, 0x0000, 0x0000, 0x0000, 0x0000, 0x0000, 0x0000,
    0x0000, 0x0000, 0x0000, 0x0000, 0x0000, 0x0000, 0x0000, 0x0000, 0x0000, 0x0000, 0x0000, 0x0000, 0x0000, 0x0000, 0x0000, 0x0000,
    0x0000, 0x0000, 0x0000, 0x0000, 0x0000, 0x0000, 0x0000, 0x0000, 0x0000, 0x0000, 0x0000, 0x1861, 0xC2A5, 0xCAE3, 0xBB48, 0xD69A,
    0x7BF0, 0x73AF, 0x636D, 0xA535, 0xD6DB, 0xD6FB, 0xA575, 0xD6FC, 0x636E, 0xB5B7, 0xD69A, 0xB596, 0xB5B6, 0xBDF7, 0xC618, 0xCE79,
    0xD6BA, 0xD6BA, 0xD69A, 0xD69A, 0xD679, 0xCE79, 0xCE79, 0xD679, 0xD69A, 0xD699, 0xCE79, 0xCE79, 0xCE59, 0xC659, 0xC659, 0xC659,
    0xC659, 0xC658, 0xC658, 0xC638, 0xBE18, 0xBDF7, 0xBDF7, 0xBDF7, 0xB5D7, 0xAD76, 0xBDF8, 0x632D, 0xA555, 0xE73D, 0x8C92, 0x632D,
    0x8451, 0xAD76, 0xA534, 0x8431, 0xCE9B, 0xC67A, 0x4A8B, 0x9CD3, 0xC638, 0xAD75, 0xA534, 0x9CF3, 0x9491, 0x9CD2, 0xDEFB, 0xD6BA,
    0xC638, 0xC637, 0xC637, 0xC637, 0xC637, 0xC617, 0xC617, 0xBDF6, 0xBDD6, 0xB594, 0xABEB, 0xC220, 0xE301, 0xE321, 0xE341, 0xE340,
    0xDAE0, 0xCA81, 0xCA61, 0x89C4, 0x91A3, 0xB1A0, 0xB369, 0xC637, 0xBDD5, 0xC5F6, 0xC5F6, 0xC5F6, 0xC616, 0xC616, 0xC5F6, 0xC5F6,
    0xC5F6, 0xC617, 0xC617, 0xC617, 0xC617, 0xC637, 0xC617, 0xC617, 0xC638, 0xB596, 0x7C11, 0x9D16, 0x9536, 0x9D36, 0x9D56, 0x9D57,
    0x9D57, 0x9D56, 0x9D56, 0x9D56, 0x94D4, 0x8C92, 0xC617, 0xC5F6, 0xBDF6, 0xBDD6, 0xBDF6, 0xBDF6, 0xBDD6, 0xC637, 0xA534, 0xB5B5,
    0xCE78, 0xC617, 0xC617, 0xC617, 0xBE17, 0xBE17, 0xC617, 0xC617, 0xC617, 0xC617, 0xC617, 0xC617, 0xC617, 0xC617, 0xC617, 0xC617,
    0xC617, 0xC617, 0xC617, 0xBE17, 0xBE17, 0xC617, 0xBE17, 0xBDF7, 0xBDF6, 0xC5F6, 0xBDB5, 0xB553, 0xB573, 0xAD12, 0x9CB1, 0xBDB5,
    0xC637, 0xC658, 0xC637, 0xC637, 0xC617, 0xC617, 0xC637, 0xC617, 0xC617, 0xC617, 0xC617, 0xC637, 0xC617, 0xC617, 0xC617, 0xC617,
    0xC617, 0xC617, 0xC617, 0xC617, 0xC617, 0xAD74, 0x9CB2, 0xA4F2, 0xB573, 0xBDB5, 0x62EB, 0x6B4C, 0xBDD6, 0xC617, 0xC617, 0xC617,
    0xC617, 0xC617, 0xC617, 0xC617, 0xC617, 0xC617, 0xC617, 0xC617, 0xC617, 0xC617, 0xC617, 0xC617, 0xC617, 0xC617, 0xC617, 0xC617,
    0xC617, 0xBDF7, 0xC617, 0xC617, 0xBDF7, 0xBDF7, 0xBDD6, 0xBDF7, 0xB595, 0x18C3, 0x0000, 0x0000, 0x0000, 0x0000, 0x0000, 0x0000,
    0x0000, 0x0000, 0x0000, 0x0000, 0x0000, 0x0000, 0x0000, 0x0000, 0x0000, 0x0000, 0x0000, 0x0000, 0x0000, 0x0000, 0x0000, 0x0000,
    0x0000, 0x0000, 0x0000, 0x0000, 0x0000, 0x0000, 0x0000, 0x0000, 0x0000, 0x0000, 0x0000, 0x0000, 0x0000, 0x0000, 0x0000, 0x0000,
    0x0000, 0x0000, 0x0000, 0x0000, 0x0000, 0x0000, 0x0000, 0x0000, 0x0000, 0x0000, 0x0000, 0x0000, 0x0000, 0x0000, 0x0000, 0x0000,
    0x0000, 0x0000, 0x0000, 0x0000, 0x0000, 0x0000, 0x0000, 0x0000, 0x0000, 0x0000, 0x0000, 0x0000, 0x0000, 0x0000, 0x0000, 0x0000,
    0x0000, 0x0000, 0x0000, 0x0000, 0x0000, 0x0000, 0x0000, 0x0000, 0x0000, 0x0000, 0x0000, 0x0000, 0x0000, 0x0000, 0x0000, 0x0000,
    0x0000, 0x0000, 0x0000, 0x0000, 0x0000, 0x0000, 0x0000, 0x0000, 0x0000, 0x0000, 0x0000, 0x0000, 0xA2A7, 0xB2C6, 0xBD34, 0x9D14,
    0x7BCF, 0x634D, 0x8C72, 0xE75D, 0xDEFC, 0xDF1C, 0xD6FC, 0xDEFC, 0x7C10, 0xB5F7, 0xA535, 0x39C7, 0x39C7, 0x3186, 0x3186, 0x2945,
    0x2124, 0x2965, 0x31A6, 0x39A6, 0x39C7, 0x4208, 0x4208, 0x4228, 0x4A69, 0x52AA, 0x5ACA, 0x5ACB, 0x630B, 0x6B2C, 0x6B2C, 0x6B2C,
    0x6B4C, 0x6B4C, 0x6B6C, 0x738D, 0x73AE, 0x7BCE, 0x7BEF, 0x7BEF, 0x632C, 0xCE59, 0xC638, 0x8C92, 0xDF1C, 0x73EF, 0x73AF, 0xA535,
    0xDF1C, 0xD6FC, 0xD6DC, 0xC659, 0xAD76, 0xD6FC, 0x6BB0, 0xB5D7, 0xF7DE, 0xEF9E, 0xEF9D, 0xE73C, 0xD699, 0xCE79, 0xD6BA, 0xCE38,
    0xC637, 0xC637, 0xC637, 0xC637, 0xC617, 0xC617, 0xC616, 0xBDF6, 0xBDD5, 0xBD95, 0xA42D, 0x99C1, 0xC240, 0xD281, 0xD2A1, 0xDAC1,
    0xD281, 0xC221, 0xBA01, 0x6143, 0x6963, 0x91E4, 0xB4F1, 0xC5F6, 0xC617, 0xC637, 0xC637, 0xC637, 0xCE57, 0xCE57, 0xC657, 0xCE57,
    0xCE58, 0xCE37, 0xC637, 0xC617, 0xC617, 0xBDF6, 0xBDD6, 0xBDB5, 0xB595, 0xAD54, 0x7BAE, 0x6B4D, 0x6B6D, 0x738E, 0x7BCF, 0x7BF0,
    0x8410, 0x7BEF, 0x7BEF, 0x8C51, 0x9471, 0xA513, 0xB595, 0xB575, 0xB5B5, 0xBDF7, 0xC617, 0xCE58, 0xD699, 0xD6BA, 0xE71B, 0xCE78,
    0xC638, 0xCE79, 0xCE79, 0xD699, 0xCE59, 0xCE59, 0xCE79, 0xCE79, 0xCE79, 0xCE79, 0xCE79, 0xCE79, 0xCE79, 0xD699, 0xCE79, 0xD679,
    0xD699, 0xD699, 0xD679, 0xCE79, 0xCE79, 0xD679, 0xCE78, 0xCE58, 0xCE38, 0xC637, 0xCE37, 0xC5F6, 0xBDB5, 0xB554, 0xAD13, 0xBDB6,
    0xC617, 0xC617, 0xC617, 0xC617, 0xC617, 0xC617, 0xC617, 0xC617, 0xC617, 0xC617, 0xC617, 0xC617, 0xC617, 0xC617, 0xC617, 0xC617,
    0xC617, 0xC617, 0xC637, 0xC617, 0xC617, 0xC637, 0xC617, 0xBDB5, 0xB574, 0x9C91, 0x9C91, 0xC617, 0xC638, 0xC617, 0xCE38, 0xCE38,
    0xCE58, 0xCE58, 0xCE58, 0xCE79, 0xCE59, 0xCE59, 0xCE58, 0xC638, 0xCE58, 0xCE58, 0xC638, 0xCE38, 0xC638, 0xCE58, 0xCE38, 0xC638,
    0xC638, 0xC638, 0xC638, 0xC638, 0xC618, 0xC617, 0xC5F7, 0xBDF7, 0xC5F7, 0x2945, 0x0000, 0x0000, 0x0000, 0x0000, 0x0000, 0x0000,
    0x0000, 0x0000, 0x0000, 0x0000, 0x0000, 0x0000, 0x0000, 0x0000, 0x0000, 0x0000, 0x0000, 0x0000, 0x0000, 0x0000, 0x0000, 0x0000,
    0x0000, 0x0000, 0x0000, 0x0000, 0x0000, 0x0000, 0x0000, 0x0000, 0x0000, 0x0000, 0x0000, 0x0000, 0x0000, 0x0000, 0x0000, 0x0000,
    0x0000, 0x0000, 0x0000, 0x0000, 0x0000, 0x0000, 0x0000, 0x0000, 0x0000, 0x0000, 0x0000, 0x0000, 0x0000, 0x0000, 0x0000, 0x0000,
    0x0000, 0x0000, 0x0000, 0x0000, 0x0000, 0x0000, 0x0000, 0x0000, 0x0000, 0x0000, 0x0000, 0x0000, 0x0000, 0x0000, 0x0000, 0x0000,
    0x0000, 0x0000, 0x0000, 0x0000, 0x0000, 0x0000, 0x0000, 0x0000, 0x0000, 0x0000, 0x0000, 0x0000, 0x0000, 0x0000, 0x0000, 0x0000,
    0x0000, 0x0000, 0x0000, 0x0000, 0x0000, 0x0000, 0x0000, 0x0000, 0x0000, 0x0000, 0x0000, 0x0000, 0x59A4, 0xABEE, 0xCE5A, 0x7BEF,
    0x7BCF, 0x5B0C, 0xCE9A, 0xE73C, 0xDF1C, 0xDF3C, 0xD6DB, 0xDF1D, 0x94B3, 0xC67A, 0x9CF4, 0x39C8, 0x39E8, 0x2966, 0x31A7, 0x0883,
    0x0021, 0x0042, 0x0862, 0x0042, 0x0882, 0x10C3, 0x0882, 0x0061, 0x0000, 0x2966, 0x4208, 0x0021, 0x0841, 0x0862, 0x0862, 0x0883,
    0x0862, 0x10C3, 0x18E4, 0x18E4, 0x18E4, 0x10C4, 0x10C3, 0x1082, 0x2104, 0xDEFB, 0x8C51, 0xD6BA, 0x94B3, 0x6B6E, 0x8C72, 0xDEFC,
    0xD6BB, 0xD6BB, 0xD6DB, 0xCEBB, 0xB5F8, 0xD6FC, 0x8452, 0xAD75, 0xF7BE, 0xE75D, 0xE75D, 0xDEFB, 0xC617, 0xCE58, 0xCE79, 0xC617,
    0xC617, 0xC637, 0xC637, 0xC637, 0xC617, 0xC617, 0xBDF6, 0xBDD6, 0xB5B5, 0xAD74, 0xACD2, 0x8B8C, 0x6247, 0x5984, 0x5123, 0x4943,
    0x5143, 0x5984, 0x5A06, 0x730C, 0x8BCD, 0xBD74, 0xC617, 0xBDB5, 0xB595, 0xB574, 0xAD33, 0xA4F2, 0x9CD2, 0x9C91, 0x9470, 0x9450,
    0x944F, 0x944F, 0x944F, 0x9450, 0x9470, 0x9CB1, 0xA4D2, 0xA513, 0xAD33, 0xB574, 0xBDF7, 0xC617, 0xCE37, 0xCE38, 0xCE79, 0xD699,
    0xCE58, 0xCE58, 0xCE59, 0xCE58, 0xCE38, 0xC5F7, 0xBDD7, 0xB595, 0xB575, 0xAD75, 0xAD34, 0xA4F3, 0x9CD2, 0x9491, 0x9471, 0x8C50,
    0x734C, 0x83EE, 0x83CE, 0x83CE, 0x83CE, 0x83CE, 0x83EE, 0x83EE, 0x83EE, 0x83EF, 0x83EF, 0x83CF, 0x83EF, 0x83EF, 0x83EF, 0x83EF,
    0x840F, 0x840F, 0x8C10, 0x8C10, 0x8C30, 0x8C2F, 0x8C2F, 0x8C0F, 0x840F, 0x83EF, 0x83EF, 0x83CE, 0x8C2F, 0x842F, 0x9CB2, 0x83EF,
    0x736D, 0x83EF, 0x83CE, 0x83CE, 0x83CE, 0x83CE, 0x83CE, 0x83CE, 0x83CE, 0x83CE, 0x83CE, 0x83CE, 0x83CE, 0x83CE, 0x83CE, 0x83CE,
    0x83EE, 0x83CE, 0x83EE, 0x83EF, 0x83EF, 0x8C0F, 0x840F, 0x8C0F, 0x8C0F, 0x8C0F, 0x8C2F, 0x83EE, 0x8C0F, 0x8C30, 0x9470, 0x9491,
    0x9491, 0x9CB2, 0x9CD2, 0xA4F3, 0xA4F3, 0xA4F3, 0xA513, 0xAD14, 0xAD34, 0xAD54, 0xAD54, 0xB575, 0xB575, 0xB575, 0xB595, 0xB595,
    0xB595, 0xB5B6, 0xB595, 0xB595, 0xB595, 0xBD96, 0xBDB6, 0xB595, 0xC5D6, 0x4228, 0x0000, 0x0000, 0x0000, 0x0000, 0x0000, 0x0000,
    0x0000, 0x0000, 0x0000, 0x0000, 0x0000, 0x0000, 0x0000, 0x0000, 0x0000, 0x0000, 0x0000, 0x0000, 0x0000, 0x0000, 0x0000, 0x0000,
    0x0000, 0x0000, 0x0000, 0x0000, 0x0000, 0x0000, 0x0000, 0x0000, 0x0000, 0x0000, 0x0000, 0x0000, 0x0000, 0x0000, 0x0000, 0x0000,
    0x0000, 0x0000, 0x0000, 0x0000, 0x0000, 0x0000, 0x0000, 0x0000, 0x0000, 0x0000, 0x0000, 0x0000, 0x0000, 0x0000, 0x0000, 0x0000,
    0x0000, 0x0000, 0x0000, 0x0000, 0x0000, 0x0000, 0x0000, 0x0000, 0x0000, 0x0000, 0x0000, 0x0000, 0x0000, 0x0000, 0x0000, 0x0000,
    0x0000, 0x0000, 0x0000, 0x0000, 0x0000, 0x0000, 0x0000, 0x0000, 0x0000, 0x0000, 0x0000, 0x0000, 0x0000, 0x0000, 0x0000, 0x0000,
    0x0000, 0x0000, 0x0000, 0x0000, 0x0000, 0x0000, 0x0000, 0x0000, 0x0000, 0x0000, 0x0000, 0x0000, 0x2924, 0xB596, 0xA555, 0x73CF,
    0x6B6D, 0x6B6E, 0xDF1B, 0xD6B9, 0xD6DA, 0xDEFB, 0xD6BA, 0xE75D, 0x94D3, 0xD6FB, 0xC659, 0x9CD3, 0x94D3, 0x8C71, 0x8C51, 0x6B6E,
    0x630C, 0x630D, 0x5AEC, 0x5B0C, 0x5B0C, 0x5AEB, 0x52AB, 0x4A6A, 0x4229, 0x5B0C, 0x634D, 0x39E8, 0x39E8, 0x39E8, 0x39E8, 0x3A08,
    0x39C7, 0x4A8A, 0x4A8A, 0x39E7, 0x39E8, 0x39E8, 0x39E8, 0x1904, 0x9CF4, 0xC659, 0xA514, 0xB5D7, 0x8431, 0x73AF, 0xB5D7, 0xE75D,
    0xDEFB, 0xE73C, 0xDF1C, 0xCE9A, 0xB618, 0xE77E, 0x8C93, 0xAD96, 0xF7BF, 0xE75D, 0xE75D, 0xCE99, 0xBDF6, 0xD699, 0xCE58, 0xC617,
    0xC617, 0xC637, 0xC617, 0xC617, 0xC617, 0xC5F6, 0xBDF6, 0xBDD6, 0xBDB6, 0xB594, 0xACF3, 0x8C50, 0x83CE, 0x736C, 0x4A48, 0x3186,
    0x2945, 0x3145, 0x62EB, 0x83AE, 0x7B6C, 0x7B6C, 0x7B6C, 0x736C, 0x7B6C, 0x7BAD, 0x83EE, 0x944F, 0x9491, 0xA4F2, 0xB554, 0xBDB6,
    0xC617, 0xCE37, 0xCE58, 0xCE58, 0xCE58, 0xCE58, 0xCE58, 0xC617, 0xBDD6, 0xB595, 0xAD34, 0xA4F3, 0x9CB2, 0x9491, 0x8C50, 0x840F,
    0x83EF, 0x7BAE, 0x7B8D, 0x736D, 0x734C, 0x734C, 0x6B2C, 0x6B2B, 0x6B2B, 0x6B0B, 0x6B0B, 0x6B0B, 0x6B0B, 0x6B0B, 0x6B0B, 0x6B2B,
    0x5268, 0x6B2B, 0x6B2B, 0x6B2B, 0x6B2B, 0x6B2B, 0x6B2B, 0x6B2B, 0x6B2B, 0x6B2B, 0x6B2B, 0x6B2B, 0x6B2B, 0x6B2B, 0x6B2B, 0x6B2B,
    0x6B2B, 0x6B0B, 0x6B2B, 0x6B0B, 0x6B2B, 0x6B2B, 0x6B2B, 0x6B2B, 0x6B0B, 0x6B0B, 0x6B2B, 0x732C, 0x7BCE, 0x7BCF, 0x9CB2, 0x738D,
    0x6AEB, 0x6B2C, 0x6B2B, 0x6B0B, 0x6B0B, 0x6B0B, 0x6B0B, 0x6B0B, 0x6B0B, 0x6B0B, 0x6B0B, 0x6B0B, 0x6B0B, 0x6B0B, 0x6B0B, 0x6B0B,
    0x6B0B, 0x6B0B, 0x6B0B, 0x6B0B, 0x6B0B, 0x6B0B, 0x6B0B, 0x6B0B, 0x6B0B, 0x6B0B, 0x6B0B, 0x6B0B, 0x6AEB, 0x6B0B, 0x6B0B, 0x6B0B,
    0x6B0B, 0x6B0B, 0x6B0B, 0x6B0B, 0x6B0B, 0x6B0B, 0x6B0B, 0x6B0B, 0x6B0B, 0x6B0B, 0x6B2B, 0x6B2B, 0x732C, 0x732C, 0x734C, 0x734C,
    0x734C, 0x734C, 0x736C, 0x736C, 0x734C, 0x734C, 0x734C, 0x734C, 0x83AD, 0x39C6, 0x0000, 0x0000, 0x0000, 0x0000, 0x0000, 0x0000,
    0x0000, 0x0000, 0x0000, 0x0000, 0x0000, 0x0000, 0x0000, 0x0000, 0x0000, 0x0000, 0x0000, 0x0000, 0x0000, 0x0000, 0x0000, 0x0000,
    0x0000, 0x0000, 0x0000, 0x0000, 0x0000, 0x0000, 0x0000, 0x0000, 0x0000, 0x0000, 0x0000, 0x0000, 0x0000, 0x0000, 0x0000, 0x0000,
    0x0000, 0x0000, 0x0000, 0x0000, 0x0000, 0x0000, 0x0000, 0x0000, 0x0000, 0x0000, 0x0000, 0x0000, 0x0000, 0x0000, 0x0000, 0x0000,
    0x0000, 0x0000, 0x0000, 0x0000, 0x0000, 0x0000, 0x0000, 0x0000, 0x0000, 0x0000, 0x0000, 0x0000, 0x0000, 0x0000, 0x0000, 0x0000,
    0x0000, 0x0000, 0x0000, 0x0000, 0x0000, 0x0000, 0x0000, 0x0000, 0x0000, 0x0000, 0x0000, 0x0000, 0x0000, 0x0000, 0x0000, 0x0000,
    0x0000, 0x0000, 0x0000, 0x0000, 0x0000, 0x0000, 0x0000, 0x0000, 0x0000, 0x0000, 0x0000, 0x0000, 0x7BEF, 0xBDF8, 0x94F4, 0x94D3,
    0x6B8E, 0x7C0F, 0xCE58, 0xC5F6, 0xCE16, 0xC5F6, 0xCE57, 0xC617, 0x9492, 0xF7FF, 0xFFFF, 0xFFFF, 0xFFFF, 0xFFFF, 0xFFFF, 0xFFFF,
    0xFFFF, 0xFFFF, 0xFFFF, 0xFFFF, 0xFFFF, 0xFFFF, 0xFFFF, 0xFFFF, 0xFFFF, 0xF7FF, 0xF7DF, 0xF7BF, 0xEFBF, 0xEF9E, 0xEF7E, 0xEF7E,
    0xEF7E, 0xE75D, 0xDF1C, 0xDF1C, 0xDF1C, 0xDF1C, 0xDEFB, 0xD6DB, 0xE73C, 0x630C, 0xAD55, 0x9CF3, 0x6B8E, 0x73AE, 0xD6DB, 0xE75D,
    0xE73C, 0xE73C, 0xD6BB, 0xC65A, 0xC67A, 0xEF9E, 0x8C93, 0xB5D7, 0xF7BE, 0xE75D, 0xDF1C, 0xC617, 0xC658, 0xCE99, 0xC637, 0xC617,
    0xC617, 0xC617, 0xC617, 0xC617, 0xC617, 0xBDF6, 0xC617, 0xBDD5, 0xAD34, 0x9CB1, 0x83EE, 0x7B6C, 0x734C, 0x734C, 0x6B0B, 0x5A69,
    0x4A28, 0x5A89, 0x62CA, 0x6AEB, 0x83CE, 0x9C91, 0xAD34, 0xBDD6, 0xCE58, 0xD679, 0xD679, 0xCE79, 0xCE38, 0xBDF7, 0xB595, 0xAD34,
    0x9CD2, 0x9471, 0x8C30, 0x83EF, 0x7BAE, 0x736D, 0x734C, 0x734C, 0x6B2C, 0x6B0B, 0x6B0B, 0x6B0B, 0x6B0B, 0x6B0B, 0x6B0B, 0x6B2B,
    0x6B0B, 0x6B2B, 0x732B, 0x6B2B, 0x732B, 0x732B, 0x732B, 0x732C, 0x734C, 0x732C, 0x732C, 0x732C, 0x6B2B, 0x6B2B, 0x6B2B, 0x734C,
    0x5A89, 0x6B2B, 0x6B2B, 0x6B0B, 0x6B0B, 0x6B2B, 0x6B2B, 0x6B2B, 0x6B2B, 0x6B2B, 0x6B2B, 0x6B2B, 0x734B, 0x732B, 0x6B2B, 0x6B2B,
    0x6B0B, 0x6B0B, 0x6B0B, 0x6B0B, 0x6B0B, 0x6B0B, 0x6B2B, 0x6B2B, 0x6B0B, 0x6B0B, 0x6B0B, 0x6B2B, 0x6B0B, 0x62EB, 0x5A89, 0x6B0B,
    0x6B2B, 0x62EB, 0x6B0B, 0x6B0B, 0x6B0B, 0x6B0B, 0x6B0B, 0x6B0B, 0x6B0B, 0x6B0B, 0x6B0B, 0x6B0B, 0x630B, 0x630B, 0x630B, 0x6B0B,
    0x6B0B, 0x6AEB, 0x6AEB, 0x6B0B, 0x6B0B, 0x6B0B, 0x6AEB, 0x6AEB, 0x6AEB, 0x6AEB, 0x62EA, 0x62EA, 0x62EA, 0x6B0B, 0x6B0B, 0x6B0B,
    0x6B0B, 0x6B0B, 0x6B0B, 0x6B0B, 0x6B0B, 0x6B0B, 0x6B0B, 0x6AEB, 0x6B0B, 0x6B0B, 0x62EA, 0x62CA, 0x62CA, 0x62CA, 0x62EA, 0x6B0B,
    0x6B0B, 0x6B2B, 0x62CA, 0x62AA, 0x62EA, 0x732B, 0x732B, 0x6B0B, 0x732C, 0x4207, 0x0000, 0x0000, 0x0000, 0x0000, 0x0000, 0x0000,
    0x0000, 0x0000, 0x0000, 0x0000, 0x0000, 0x0000, 0x0000, 0x0000, 0x0000, 0x0000, 0x0000, 0x0000, 0x0000, 0x0000, 0x0000, 0x0000,
    0x0000, 0x0000, 0x0000, 0x0000, 0x0000, 0x0000, 0x0000, 0x0000, 0x0000, 0x0000, 0x0000, 0x0000, 0x0000, 0x0000, 0x0000, 0x0000,
    0x0000, 0x0000, 0x0000, 0x0000, 0x0000, 0x0000, 0x0000, 0x0000, 0x0000, 0x0000, 0x0000, 0x0000, 0x0000, 0x0000, 0x0000, 0x0000,
    0x0000, 0x0000, 0x0000, 0x0000, 0x0000, 0x0000, 0x0000, 0x0000, 0x0000, 0x0000, 0x0000, 0x0000, 0x0000, 0x0000, 0x0000, 0x0000,
    0x0000, 0x0000, 0x0000, 0x0000, 0x0000, 0x0000, 0x0000, 0x0000, 0x0000, 0x0000, 0x0000, 0x0000, 0x0000, 0x0000, 0x0000, 0x0000,
    0x0000, 0x0000, 0x0000, 0x0000, 0x0000, 0x0000, 0x0000, 0x0000, 0x0000, 0x0000, 0x0000, 0x0841, 0xB596, 0xB5D8, 0x9D15, 0x9D15,
    0x6BAF, 0x8C72, 0xC658, 0xC638, 0xCE58, 0xCE38, 0xCE78, 0xD699, 0x5B0C, 0x7C10, 0x8451, 0x7C10, 0x8CB3, 0x9D14, 0x8C72, 0x8451,
    0x8451, 0x8C92, 0x94B3, 0x8CB3, 0x94D3, 0x9D14, 0xA555, 0xA576, 0xAD76, 0xADB6, 0xB5B7, 0xBDF8, 0xC639, 0xC639, 0xC67A, 0xCE9B,
    0xCEBB, 0xD6BB, 0xD6FC, 0xDF1C, 0xDF1C, 0xDF1C, 0xD6FC, 0xDF1C, 0x8C92, 0x4A6A, 0xBDD7, 0x8C92, 0x6B6E, 0x8431, 0xC659, 0xBE38,
    0xC659, 0xB5D7, 0xA576, 0xADB7, 0xBE5A, 0xEFBF, 0x8472, 0xB5F7, 0xF7BF, 0xE73D, 0xD699, 0xBDF6, 0xCE79, 0xCE58, 0xC637, 0xC617,
    0xC617, 0xC617, 0xC617, 0xC617, 0xBE16, 0xC637, 0xAD53, 0x9450, 0x8C2F, 0x8C0F, 0x9470, 0x9C91, 0x9C91, 0x9470, 0x8C30, 0x8C0F,
    0x83EF, 0x83CE, 0x83EF, 0xAD34, 0xCE79, 0xCE79, 0xC618, 0xB595, 0xA4F3, 0x9471, 0x83EF, 0x7B8D, 0x734C, 0x732C, 0x732C, 0x6B2B,
    0x6B2B, 0x6B2B, 0x732B, 0x732C, 0x734C, 0x732C, 0x732C, 0x732C, 0x734C, 0x732C, 0x6B2B, 0x6B2B, 0x6B2B, 0x6B2B, 0x6B2B, 0x6B2B,
    0x6B0B, 0x6B0B, 0x6B0B, 0x6B0B, 0x6B0B, 0x6B0B, 0x6B0B, 0x6B2B, 0x6B2B, 0x6B2B, 0x6B0B, 0x6B0B, 0x6B0B, 0x6B0B, 0x6B0B, 0x732B,
    0x5269, 0x6B0B, 0x6B0B, 0x6B0B, 0x6B0B, 0x6B0B, 0x6B0B, 0x6B0B, 0x6B2B, 0x6B2B, 0x732B, 0x732B, 0x734C, 0x732B, 0x6B2B, 0x6B2B,
    0x6B2B, 0x6B0B, 0x6B0B, 0x6B0B, 0x6B0B, 0x6B0B, 0x6B2B, 0x6B0B, 0x6B0B, 0x6B0B, 0x6B0B, 0x6B0B, 0x6B0B, 0x6B0B, 0x6B0B, 0x6B0B,
    0x62EA, 0x62CA, 0x6AEB, 0x62EB, 0x6AEB, 0x6B0B, 0x6B0B, 0x6B0B, 0x6B0B, 0x6AEB, 0x6B0B, 0x6B0B, 0x62EB, 0x62EB, 0x62EB, 0x62EB,
    0x62EB, 0x62EB, 0x62EB, 0x62EB, 0x62EB, 0x62EB, 0x62EB, 0x62EB, 0x62EB, 0x62EA, 0x62EA, 0x62EA, 0x62EA, 0x62EA, 0x62EA, 0x62EA,
    0x62EA, 0x62EA, 0x62EA, 0x62EA, 0x62EA, 0x62EA, 0x62EA, 0x62EA, 0x6AEB, 0x62EA, 0x6B0B, 0x6B2B, 0x6B0B, 0x6B0B, 0x6AEA, 0x6AEA,
    0x6AEB, 0x62CA, 0x7BAE, 0x9C91, 0x83CE, 0x5AA9, 0x62A9, 0x730B, 0x7B6C, 0x5A68, 0x0000, 0x0000, 0x0000, 0x0000, 0x0000, 0x0000,
    0x0000, 0x0000, 0x0000, 0x0000, 0x0000, 0x0000, 0x0000, 0x0000, 0x0000, 0x0000, 0x0000, 0x0000, 0x0000, 0x0000, 0x0000, 0x0000,
    0x0000, 0x0000, 0x0000, 0x0000, 0x0000, 0x0000, 0x0000, 0x0000, 0x0000, 0x0000, 0x0000, 0x0000, 0x0000, 0x0000, 0x0000, 0x0000,
    0x0000, 0x0000, 0x0000, 0x0000, 0x0000, 0x0000, 0x0000, 0x0000, 0x0000, 0x0000, 0x0000, 0x0000, 0x0000, 0x0000, 0x0000, 0x0000,
    0x0000, 0x0000, 0x0000, 0x0000, 0x0000, 0x0000, 0x0000, 0x0000, 0x0000, 0x0000, 0x0000, 0x0000, 0x0000, 0x0000, 0x0000, 0x0000,
    0x0000, 0x0000, 0x0000, 0x0000, 0x0000, 0x0000, 0x0000, 0x0000, 0x0000, 0x0000, 0x0000, 0x0000, 0x0000, 0x0000, 0x0000, 0x0000,
    0x0000, 0x0000, 0x0000, 0x0000, 0x0000, 0x0000, 0x0000, 0x0000, 0x0000, 0x0000, 0x0000, 0x5269, 0xBDD7, 0xA576, 0x9D36, 0x9D35,
    0x7411, 0xA535, 0xEF7D, 0xE75D, 0xEF7D, 0xEF9E, 0xDF1B, 0xD6BA, 0x5ACB, 0x7C10, 0x7BEF, 0x8C51, 0x94B3, 0x8431, 0x8410, 0x7BEF,
    0x6B8D, 0x6B4D, 0x630C, 0x632C, 0x632C, 0x632C, 0x630C, 0x5AEB, 0x5ACB, 0x52CB, 0x52AB, 0x52AA, 0x52AA, 0x52AB, 0x4A8A, 0x4A49,
    0x4A6A, 0x4A8A, 0x4A8A, 0x4A8A, 0x4A6A, 0x4A49, 0x3A08, 0x4A8A, 0x8C72, 0x5AEC, 0xB5D7, 0x8C71, 0x7BEF, 0x8C92, 0xD6BB, 0xCE9A,
    0xC679, 0xC639, 0xC639, 0xAD97, 0xA535, 0xAD75, 0x5AEC, 0xB5B6, 0xE73C, 0xCE79, 0xC617, 0xC617, 0xCE78, 0xCE58, 0xC617, 0xC617,
    0xC617, 0xC617, 0xC616, 0xBE16, 0xC616, 0xAD13, 0x8C2F, 0x9450, 0x9470, 0xA4D2, 0xB575, 0xB575, 0xB575, 0xAD34, 0xA4F3, 0x9CB2,
    0x9C92, 0x9471, 0x9CD2, 0xAD54, 0x9CB2, 0x83EE, 0x736C, 0x732C, 0x732C, 0x732C, 0x732C, 0x734C, 0x732C, 0x734C, 0x734C, 0x732C,
    0x6B2B, 0x6B2B, 0x6B2B, 0x6B2B, 0x6B2B, 0x6B2B, 0x6B0B, 0x6B0B, 0x6B0B, 0x6B0B, 0x6B0B, 0x6B0B, 0x6B0B, 0x6B0B, 0x6B0B, 0x6B0B,
    0x6B0B, 0x6B0B, 0x6B0B, 0x6B0B, 0x6B0B, 0x6B0B, 0x6B0B, 0x6B0B, 0x6B0B, 0x6B0B, 0x6B0B, 0x6B0B, 0x6B0B, 0x6B0B, 0x6AEA, 0x6B2B,
    0x5248, 0x6B0B, 0x6B0B, 0x6B0B, 0x6B0B, 0x6B0B, 0x6B0B, 0x6B0B, 0x6B2B, 0x6B2B, 0x732B, 0x732B, 0x732B, 0x732B, 0x6B2B, 0x6B0B,
    0x6B0B, 0x6B0B, 0x6B2B, 0x6B0B, 0x6B0B, 0x6B0B, 0x6B0B, 0x6B0B, 0x6B0B, 0x6B0B, 0x6B0B, 0x6B0B, 0x6B0B, 0x6B0B, 0x62EB, 0x6AEB,
    0x62CA, 0x62CA, 0x6AEB, 0x62EB, 0x62EB, 0x62EB, 0x62EB, 0x6AEB, 0x6AEB, 0x62EB, 0x6AEB, 0x6AEB, 0x62EB, 0x62EA, 0x62EA, 0x62EA,
    0x62EB, 0x62EA, 0x62EA, 0x62EB, 0x62EB, 0x62EA, 0x62EB, 0x62EB, 0x62EA, 0x62EA, 0x62EA, 0x62CA, 0x62EA, 0x62EA, 0x62CA, 0x62EA,
    0x62EA, 0x62EA, 0x62EA, 0x62EA, 0x62EA, 0x62EA, 0x62EA, 0x62EA, 0x62EA, 0x62EA, 0x6AEB, 0x62EA, 0x62EA, 0x6AEA, 0x62EA, 0x62CA,
    0x6AEA, 0x5A89, 0xA4F3, 0xB595, 0x6B2C, 0x5248, 0x5A08, 0x5124, 0x6965, 0x48E3, 0x0000, 0x0000, 0x0000, 0x0000, 0x0000, 0x0000,
    0x0000, 0x0000, 0x0000, 0x0000, 0x0000, 0x0000, 0x0000, 0x0000, 0x0000, 0x0000, 0x0000, 0x0000, 0x0000, 0x0000, 0x0000, 0x0000,
    0x0000, 0x0000, 0x0000, 0x0000, 0x0000, 0x0000, 0x0000, 0x0000, 0x0000, 0x0000, 0x0000, 0x0000, 0x0000, 0x0000, 0x0000, 0x0000,
    0x0000, 0x0000, 0x0000, 0x0000, 0x0000, 0x0000, 0x0000, 0x0000, 0x0000, 0x0000, 0x0000, 0x0000, 0x0000, 0x0000, 0x0000, 0x0000,
    0x0000, 0x0000, 0x0000, 0x0000, 0x0000, 0x0000, 0x0000, 0x0000, 0x0000, 0x0000, 0x0000, 0x0000, 0x0000, 0x0000, 0x0000, 0x0000,
    0x0000, 0x0000, 0x0000, 0x0000, 0x0000, 0x0000, 0x0000, 0x0000, 0x0000, 0x0000, 0x0000, 0x0000, 0x0000, 0x0000, 0x0000, 0x0000,
    0x0000, 0x0000, 0x0000, 0x0000, 0x0000, 0x0000, 0x0000, 0x0000, 0x0000, 0x0000, 0x18C2, 0xDEBA, 0xBDD7, 0xAD76, 0xAD97, 0xA576,
    0x8472, 0x94D3, 0xE77D, 0xE75D, 0xEF7D, 0xEF9E, 0xE75D, 0xB5D7, 0x634D, 0x8C92, 0x8430, 0x9CF4, 0x9D14, 0x94D3, 0x9CF3, 0x94D3,
    0x9D14, 0x9D14, 0x94D3, 0x9D14, 0x9CF4, 0x9D14, 0x9D34, 0xA534, 0x9D14, 0x9D14, 0xA535, 0xAD76, 0xAD76, 0x9CF4, 0xA514, 0xA555,
    0xAD76, 0xA576, 0x9D14, 0xA535, 0xA534, 0x9D14, 0x94D3, 0xA535, 0x94B3, 0x5AEC, 0xAD75, 0x94D3, 0x8451, 0x8492, 0xDF1C, 0xDF3C,
    0xE73C, 0xE75D, 0xE75D, 0xDF1C, 0x9D14, 0x73CF, 0x4A6A, 0xAD75, 0xCE78, 0xC617, 0xC617, 0xC637, 0xCE58, 0xC637, 0xC616, 0xBDF6,
    0xC5F6, 0xBDF6, 0xBDF6, 0xC616, 0xA4D2, 0x9450, 0x9C91, 0x9471, 0x9CB2, 0xB595, 0xB575, 0xB575, 0xB575, 0xAD55, 0xAD34, 0xA514,
    0xAD34, 0x8C30, 0x7B8D, 0x734C, 0x6B0B, 0x6B0B, 0x6B2B, 0x732C, 0x732C, 0x6B2B, 0x6B2B, 0x6B0B, 0x6B0B, 0x6B0B, 0x6B0B, 0x6B0B,
    0x6B0B, 0x6B0B, 0x6B0B, 0x6B0B, 0x6B0B, 0x6B0B, 0x6B0B, 0x6B0B, 0x6B0B, 0x6B0B, 0x6B0B, 0x6B0B, 0x6B0B, 0x6B0B, 0x6B0B, 0x6B0B,
    0x6B0B, 0x6B0B, 0x6B0B, 0x630B, 0x6B0B, 0x6B0B, 0x6B0B, 0x6B0B, 0x6B0B, 0x6B0B, 0x6B0B, 0x6B0B, 0x6B0B, 0x6B0B, 0x6B0B, 0x732B,
    0x5248, 0x6B0B, 0x6B2B, 0x6B0B, 0x6B0B, 0x6B0B, 0x6B0B, 0x6B0B, 0x6B2B, 0x6B2B, 0x6B2B, 0x6B2B, 0x732B, 0x6B2B, 0x6B0B, 0x6B0B,
    0x6B0B, 0x6B0B, 0x6B0B, 0x6B0B, 0x6B0B, 0x6B0B, 0x6B0B, 0x6B0B, 0x6B0B, 0x6B0B, 0x6AEB, 0x6B0B, 0x6B0B, 0x62EA, 0x62EB, 0x6AEB,
    0x62CA, 0x62CA, 0x6AEB, 0x62EA, 0x62EA, 0x6AEB, 0x62EA, 0x6AEB, 0x6AEB, 0x62EA, 0x62EB, 0x62EB, 0x62EA, 0x62EA, 0x62EA, 0x62EA,
    0x62EA, 0x62EA, 0x62EA, 0x62EA, 0x62EA, 0x62EA, 0x62EA, 0x62EA, 0x62CA, 0x62CA, 0x62CA, 0x62CA, 0x62CA, 0x62EA, 0x62EA, 0x62EA,
    0x62EA, 0x62EA, 0x62EA, 0x62CA, 0x62CA, 0x62EA, 0x62EA, 0x62EA, 0x62EA, 0x62EA, 0x62EA, 0x62EA, 0x62EA, 0x62EA, 0x62CA, 0x62CA,
    0x62CA, 0x5ACA, 0x7B8D, 0x7BAE, 0x39A6, 0x5ACB, 0x6AEC, 0x50E3, 0x70A1, 0x48A2, 0x0000, 0x0000, 0x0000, 0x0000, 0x0000, 0x0000,
    0x0000, 0x0000, 0x0000, 0x0000, 0x0000, 0x0000, 0x0000, 0x0000, 0x0000, 0x0000, 0x0000, 0x0000, 0x0000, 0x0000, 0x0000, 0x0000,
    0x0000, 0x0000, 0x0000, 0x0000, 0x0000, 0x0000, 0x0000, 0x0000, 0x0000, 0x0000, 0x0000, 0x0000, 0x0000, 0x0000, 0x0000, 0x0000,
    0x0000, 0x0000, 0x0000, 0x0000, 0x0000, 0x0000, 0x0000, 0x0000, 0x0000, 0x0000, 0x0000, 0x0000, 0x0000, 0x0000, 0x0000, 0x0000,
    0x0000, 0x0000, 0x0000, 0x0000, 0x0000, 0x0000, 0x0000, 0x0000, 0x0000, 0x0000, 0x0000, 0x0000, 0x0000, 0x0000, 0x0000, 0x0000,
    0x0000, 0x0000, 0x0000, 0x0000, 0x0000, 0x0000, 0x0000, 0x0000, 0x0000, 0x0000, 0x0000, 0x0000, 0x0000, 0x0000, 0x0000, 0x0000,
    0x0000, 0x0000, 0x0000, 0x0000, 0x0000, 0x0000, 0x0000, 0x0000, 0x0000, 0x0000, 0x9CB2, 0xF79E, 0xAD75, 0x9CF4, 0xBE19, 0xA576,
    0x9515, 0x8CB3, 0xCEBB, 0xE73D, 0xE75D, 0xEF7E, 0xD6DB, 0x8C72, 0x5B0C, 0x8C93, 0x8CB3, 0x8CB3, 0x9D15, 0x9515, 0x9D35, 0x94D4,
    0x94F4, 0x9D15, 0x94D4, 0x8CB3, 0x94D4, 0x94D4, 0x94F4, 0x94D4, 0x94F4, 0x94D4, 0x94D3, 0x9D35, 0x9D35, 0x8C92, 0x8CB3, 0x9D14,
    0x94F4, 0x9CF4, 0x94B3, 0x8C92, 0x94D3, 0x8CB3, 0x94D3, 0x8CB3, 0xA556, 0x6B6E, 0xA555, 0x9D35, 0x8CB3, 0x7C31, 0xCEBA, 0xE73C,
    0xE73D, 0xE75D, 0xDF5D, 0xE77E, 0xB5B7, 0x8C92, 0x5ACB, 0xB5B6, 0xCE78, 0xC637, 0xC617, 0xC637, 0xCE57, 0xC637, 0xBDF6, 0xBDF6,
    0xBDF6, 0xBDF6, 0xC616, 0xAD53, 0x9450, 0x9C91, 0x9C91, 0x9471, 0xB575, 0xB596, 0xB575, 0xB575, 0xB555, 0xAD34, 0xA4F3, 0xA514,
    0x9CD2, 0x7B8D, 0x734C, 0x6B2B, 0x6B2B, 0x6B0B, 0x6B0B, 0x6B0B, 0x6B0B, 0x6B2B, 0x6B0B, 0x6B0B, 0x6B0B, 0x6B0B, 0x6B0B, 0x6B0B,
    0x6B0B, 0x6B0B, 0x6B0B, 0x6B0B, 0x6B0B, 0x6B0B, 0x6B0B, 0x6B0B, 0x6B0B, 0x6B0B, 0x6B0B, 0x6B0B, 0x6B0B, 0x6B0A, 0x6B0B, 0x6B0B,
    0x6B0B, 0x6B0B, 0x6AEA, 0x6B0B, 0x6B2B, 0x732B, 0x734C, 0x734C, 0x734C, 0x734C, 0x736C, 0x734C, 0x732C, 0x6B2B, 0x6B0B, 0x734B,
    0x4A48, 0x6B2B, 0x734B, 0x734C, 0x734B, 0x734B, 0x734B, 0x734C, 0x734C, 0x734C, 0x734C, 0x734C, 0x734C, 0x734B, 0x6B2B, 0x6B2B,
    0x6B0B, 0x6B0B, 0x6B0B, 0x6B0B, 0x6B0B, 0x6B0B, 0x6B0B, 0x6B0B, 0x6B0B, 0x6AEB, 0x62EA, 0x6AEA, 0x62EA, 0x62EA, 0x62EA, 0x6AEB,
    0x62CA, 0x62CA, 0x6AEB, 0x62EA, 0x62EA, 0x6AEB, 0x62EA, 0x62EA, 0x62EA, 0x62EA, 0x62EA, 0x62EA, 0x62EA, 0x62EA, 0x62EA, 0x62EA,
    0x62EA, 0x62EA, 0x62EA, 0x62EA, 0x62CA, 0x62CA, 0x62CA, 0x62CA, 0x62CA, 0x62CA, 0x62CA, 0x62CA, 0x62CA, 0x62CA, 0x62CA, 0x62EA,
    0x62EA, 0x62EA, 0x62EA, 0x62CA, 0x62CA, 0x62CA, 0x62CA, 0x62CA, 0x62CA, 0x62CA, 0x62EA, 0x62EA, 0x62EA, 0x62CA, 0x62CA, 0x62CA,
    0x62CA, 0x62CA, 0x6B2C, 0x7BAE, 0x4A28, 0x41E7, 0x5229, 0x69C7, 0x78E3, 0x48C3, 0x0000, 0x0000, 0x0000, 0x0000, 0x0000, 0x0000,
    0x0000, 0x0000, 0x0000, 0x0000, 0x0000, 0x0000, 0x0000, 0x0000, 0x0000, 0x0000, 0x0000, 0x0000, 0x0000, 0x0000, 0x0000, 0x0000,
    0x0000, 0x0000, 0x0000, 0x0000, 0x0000, 0x0000, 0x0000, 0x0000, 0x0000, 0x0000, 0x0000, 0x0000, 0x0000, 0x0000, 0x0000, 0x0000,
    0x0000, 0x0000, 0x0000, 0x0000, 0x0000, 0x0000, 0x0000, 0x0000, 0x0000, 0x0000, 0x0000, 0x0000, 0x0000, 0x0000, 0x0000, 0x0000,
    0x0000, 0x0000, 0x0000, 0x0000, 0x0000, 0x0000, 0x0000, 0x0000, 0x0000, 0x0000, 0x0000, 0x0000, 0x0000, 0x0000, 0x0000, 0x0000,
    0x0000, 0x0000, 0x0000, 0x0000, 0x0000, 0x0000, 0x0000, 0x0000, 0x0000, 0x0000, 0x0000, 0x0000, 0x0000, 0x0000, 0x0000, 0x0000,
    0x0000, 0x0000, 0x0000, 0x0000, 0x0000, 0x0000, 0x0000, 0x0000, 0x0000, 0x3185, 0xEF7D, 0xC659, 0xBDF7, 0x94B2, 0xAD76, 0xAD97,
    0xA577, 0x94F5, 0xADD8, 0xCEBB, 0xDF1C, 0xD6DC, 0xC639, 0x6B4D, 0x5AEC, 0x9D35, 0x9D35, 0x9D15, 0xA555, 0xA576, 0xAD97, 0xADB7,
    0xAD97, 0xADB7, 0xB5D8, 0xAD97, 0xADB7, 0xADD8, 0xADB7, 0xADB7, 0xADD7, 0xADB7, 0xADB7, 0xA597, 0xA577, 0xADB7, 0xADD8, 0xADB8,
    0xA577, 0xA576, 0xA576, 0xA556, 0xA556, 0x9D36, 0xA556, 0x9D35, 0xAD97, 0x73CF, 0x94F4, 0xA556, 0x8CD4, 0x7C52, 0xB5D8, 0xE75D,
    0xDF5D, 0xE77D, 0xE75D, 0xDF3D, 0xA514, 0x8C30, 0x52AB, 0xC617, 0xCE78, 0xC637, 0xC637, 0xC617, 0xC637, 0xC637, 0xC616, 0xBDF6,
    0xBDF6, 0xBDF6, 0xBDD5, 0x9470, 0x9C70, 0x9C91, 0x9491, 0xA4F3, 0xBDD7, 0xB596, 0xB596, 0xB596, 0xAD55, 0xA514, 0xA4F3, 0xAD34,
    0x83EF, 0x734C, 0x734C, 0x6B2B, 0x6B0B, 0x6B0B, 0x6B0B, 0x6B0B, 0x6B0B, 0x6B0B, 0x62EA, 0x62CA, 0x62CA, 0x62C9, 0x62C9, 0x62C9,
    0x62C9, 0x62C9, 0x62C9, 0x62CA, 0x62CA, 0x62EA, 0x6B0B, 0x6B0B, 0x6B0B, 0x6B0B, 0x6B0B, 0x6B0B, 0x6B0B, 0x6B0A, 0x6B0A, 0x6B0B,
    0x6B0B, 0x6B2C, 0x7B8D, 0x6B4C, 0x7BAE, 0x62EB, 0x630C, 0x6B4D, 0x738D, 0x6B4C, 0x62EB, 0x736C, 0x734B, 0x732B, 0x6B2B, 0x6B2B,
    0x4A28, 0x6B2B, 0x734C, 0x734C, 0x734C, 0x734C, 0x734C, 0x734C, 0x734C, 0x6B2B, 0x732B, 0x734B, 0x6B2B, 0x6B2B, 0x6B2B, 0x6B2B,
    0x6B0B, 0x6B0B, 0x6B0B, 0x6B0B, 0x6B0B, 0x6B0B, 0x6B0B, 0x6AEB, 0x6B0B, 0x6AEB, 0x62EA, 0x6AEB, 0x6AEB, 0x62EA, 0x62EA, 0x62EB,
    0x62AA, 0x62AA, 0x6AEB, 0x62EA, 0x62EA, 0x62EA, 0x62EA, 0x62EA, 0x62EA, 0x62EA, 0x62EA, 0x62EA, 0x62EA, 0x62EA, 0x62EA, 0x62EA,
    0x62EA, 0x62EA, 0x62EA, 0x62EA, 0x62EA, 0x62EA, 0x62CA, 0x62CA, 0x62CA, 0x62CA, 0x62CA, 0x62CA, 0x62CA, 0x62CA, 0x62CA, 0x62CA,
    0x62CA, 0x62CA, 0x62CA, 0x62CA, 0x62CA, 0x62CA, 0x62CA, 0x62CA, 0x62EA, 0x62CA, 0x62CA, 0x62CA, 0x62CA, 0x5AA9, 0x6B0B, 0x734C,
    0x62CA, 0x62CA, 0x736C, 0x6B0B, 0x4186, 0x3965, 0x3945, 0x4165, 0x4965, 0x4165, 0x0000, 0x0000, 0x0000, 0x0000, 0x0000, 0x0000,
    0x0000, 0x0000, 0x0000, 0x0000, 0x0000, 0x0000, 0x0000, 0x0000, 0x0000, 0x0000, 0x0000, 0x0000, 0x0000, 0x0000, 0x0000, 0x0000,
    0x0000, 0x0000, 0x0000, 0x0000, 0x0000, 0x0000, 0x0000, 0x0000, 0x0000, 0x0000, 0x0000, 0x0000, 0x0000, 0x0000, 0x0000, 0x0000,
    0x0000, 0x0000, 0x0000, 0x0000, 0x0000, 0x0000, 0x0000, 0x0000, 0x0000, 0x0000, 0x0000, 0x0000, 0x0000, 0x0000, 0x0000, 0x0000,
    0x0000, 0x0000, 0x0000, 0x0000, 0x0000, 0x0000, 0x0000, 0x0000, 0x0000, 0x0000, 0x0000, 0x0000, 0x0000, 0x0000, 0x0000, 0x0000,
    0x0000, 0x0000, 0x0000, 0x0000, 0x0000, 0x0000, 0x0000, 0x0000, 0x0000, 0x0000, 0x0000, 0x0000, 0x0000, 0x0000, 0x0000, 0x0000,
    0x0000, 0x0000, 0x0000, 0x0000, 0x0000, 0x0000, 0x0000, 0x0000, 0x0000, 0x9CD2, 0xF79D, 0xBDF7, 0xBDF7, 0xB5D6, 0x73AF, 0xB5F8,
    0xA597, 0x94F5, 0x94F4, 0xAD97, 0xC67A, 0xC67A, 0x9CD4, 0x4A29, 0x634D, 0x52CB, 0x4A69, 0x4229, 0x4A49, 0x52AA, 0x52AA, 0x4A6A,
    0x4229, 0x4249, 0x4A6A, 0x52AA, 0x5ACB, 0x5AEB, 0x5AEB, 0x52CB, 0x632D, 0x6B8E, 0x7BF0, 0x7C10, 0x7C10, 0x8431, 0x8451, 0x8C72,
    0x8CB3, 0x94D4, 0x9CF4, 0x94F4, 0x94F4, 0x9D35, 0xA555, 0xAD97, 0xB5D8, 0x94F4, 0x634D, 0xBE19, 0x8C93, 0x84B4, 0x8493, 0xBE39,
    0xD71C, 0xD71C, 0xD6FC, 0xBE39, 0x9CB2, 0x83EF, 0x4A49, 0xC637, 0xCE58, 0xC637, 0xC637, 0xC616, 0xC637, 0xC617, 0xBE16, 0xBDF6,
    0xBDF6, 0xC616, 0xA4F2, 0x9450, 0x9C91, 0x9CB1, 0x9C91, 0xB596, 0xBDD7, 0xB596, 0xB596, 0xB595, 0xAD34, 0xA4D3, 0xA4F3, 0x9C92,
    0x734C, 0x732C, 0x6B2B, 0x6B0B, 0x6B0B, 0x6B0B, 0x62CA, 0x62CA, 0x62CA, 0x6B0B, 0x7B8D, 0x83CE, 0x8C2F, 0x9470, 0x9491, 0x9CB1,
    0x9CB2, 0x9CB1, 0x9C91, 0x9470, 0x840E, 0x7B8C, 0x6B2B, 0x62EA, 0x62CA, 0x6AEA, 0x6B0B, 0x6B0B, 0x6AEB, 0x6B0B, 0x6B0B, 0x6B0A,
    0x6B2B, 0x5248, 0x630C, 0x52CB, 0x5B0C, 0x52CB, 0x634E, 0x52EC, 0x52CB, 0x4249, 0x62EA, 0x8C0E, 0x83AD, 0x734C, 0x732B, 0x734B,
    0x4A48, 0x732B, 0x734B, 0x732B, 0x732B, 0x6B2B, 0x6B2B, 0x6B2B, 0x6B2B, 0x6B2B, 0x6B2B, 0x6B2B, 0x6B2B, 0x6B2B, 0x6B0B, 0x6B0B,
    0x6B0B, 0x6B0B, 0x6B0B, 0x6B0B, 0x6B0B, 0x6B0B, 0x6B0B, 0x6B0B, 0x6B0B, 0x6AEB, 0x62EA, 0x62EA, 0x62EA, 0x62EA, 0x62EA, 0x6AEB,
    0x62AA, 0x62AA, 0x6AEB, 0x62EA, 0x62EA, 0x62EA, 0x62EA, 0x62EA, 0x6AEB, 0x62EA, 0x62EA, 0x62EA, 0x62EA, 0x62EA, 0x62EA, 0x62EA,
    0x62EA, 0x62EA, 0x62EA, 0x62CA, 0x62CA, 0x62CA, 0x62CA, 0x62CA, 0x62CA, 0x62CA, 0x62CA, 0x62CA, 0x62CA, 0x62CA, 0x62CA, 0x62CA,
    0x62CA, 0x62CA, 0x62CA, 0x62CA, 0x62CA, 0x62CA, 0x62CA, 0x62CA, 0x62CA, 0x62CA, 0x5AA9, 0x6B0B, 0x62EA, 0x62CA, 0x734C, 0x734C,
    0x62CA, 0x62CA, 0x5ACA, 0x5269, 0x4A27, 0x4A28, 0x5248, 0x5248, 0x5AC9, 0x49E7, 0x0000, 0x0000, 0x0000, 0x0000, 0x0000, 0x0000,
    0x0000, 0x0000, 0x0000, 0x0000, 0x0000, 0x0000, 0x0000, 0x0000, 0x0000, 0x0000, 0x0000, 0x0000, 0x0000, 0x0000, 0x0000, 0x0000,
    0x0000, 0x0000, 0x0000, 0x0000, 0x0000, 0x0000, 0x0000, 0x0000, 0x0000, 0x0000, 0x0000, 0x0000, 0x0000, 0x0000, 0x0000, 0x0000,
    0x0000, 0x0000, 0x0000, 0x0000, 0x0000, 0x0000, 0x0000, 0x0000, 0x0000, 0x0000, 0x0000, 0x0000, 0x0000, 0x0000, 0x0000, 0x0000,
    0x0000, 0x0000, 0x0000, 0x0000, 0x0000, 0x0000, 0x0000, 0x0000, 0x0000, 0x0000, 0x0000, 0x0000, 0x0000, 0x0000, 0x0000, 0x0000,
    0x0000, 0x0000, 0x0000, 0x0000, 0x0000, 0x0000, 0x0000, 0x0000, 0x0000, 0x0000, 0x0000, 0x0000, 0x0000, 0x0000, 0x0000, 0x0000,
    0x0000, 0x0000, 0x0000, 0x0000, 0x0000, 0x0000, 0x0000, 0x0000, 0x3165, 0xE73B, 0xDEDA, 0xBDF7, 0xBDF7, 0xD699, 0x8C51, 0x7BCF,
    0xAD97, 0x9D15, 0x8CB3, 0x8452, 0x636E, 0x94B3, 0x5AEC, 0x4A49, 0xAD96, 0xA575, 0xA555, 0x9CF4, 0xA555, 0xAD76, 0x9D34, 0x94F3,
    0x8C72, 0x8C51, 0x8C92, 0x8431, 0x73AF, 0x6B6E, 0x6B8E, 0x6B8E, 0x6B6E, 0x634D, 0x5AEC, 0x52AB, 0x4A8A, 0x528A, 0x528A, 0x4A8A,
    0x4A8A, 0x4A49, 0x4229, 0x4228, 0x4208, 0x4228, 0x4249, 0x4269, 0x31E7, 0x9D14, 0x73CF, 0x94F4, 0xBE5A, 0x8CB4, 0x94F5, 0x8CD4,
    0xB5D8, 0xC65A, 0xBE19, 0xA534, 0x840F, 0x4A69, 0x4A69, 0xCE78, 0xC637, 0xCE57, 0xC637, 0xC616, 0xC637, 0xC616, 0xBDF6, 0xBDF6,
    0xC5F6, 0xB574, 0x8C2F, 0x9C91, 0x9CB1, 0x9CB1, 0xA513, 0xC5F7, 0xBDD7, 0xBDB6, 0xB596, 0xB575, 0xA4F3, 0xA4D3, 0xA4F3, 0x7BAE,
    0x6B2C, 0x6B2B, 0x6B0B, 0x6B0B, 0x62CA, 0x62EA, 0x7BAE, 0x9471, 0xA513, 0xB576, 0xBDD7, 0xC5F7, 0xC5F7, 0xBDF7, 0xBDD6, 0xBDD6,
    0xBDD6, 0xBDD7, 0xBDF7, 0xC617, 0xC617, 0xC5F7, 0xB595, 0xA4F3, 0x8C2F, 0x734C, 0x62CA, 0x6B0B, 0x6B0B, 0x6B0A, 0x6B0B, 0x6B0B,
    0x6B0B, 0x62EA, 0x5269, 0x5AA9, 0x5A89, 0x5A89, 0x5AAA, 0x5289, 0x5A89, 0x62CA, 0x8BEE, 0x8C0E, 0x7B8D, 0x734C, 0x6B2B, 0x734B,
    0x5248, 0x732B, 0x7B6C, 0x736C, 0x734C, 0x734C, 0x734B, 0x734C, 0x736C, 0x734C, 0x734C, 0x734C, 0x734C, 0x734C, 0x6B2B, 0x6B2B,
    0x6B2B, 0x6B2B, 0x6B2B, 0x6B2B, 0x6B2B, 0x6B0B, 0x6B2B, 0x6B2B, 0x6B0B, 0x6B0B, 0x6B0B, 0x6B0B, 0x6B0B, 0x6B0B, 0x6B0B, 0x6B0B,
    0x62CA, 0x62AA, 0x6B0B, 0x62EA, 0x62EA, 0x62EA, 0x62EA, 0x6AEB, 0x6AEB, 0x62EA, 0x6AEB, 0x6B0B, 0x62EA, 0x62EA, 0x62EA, 0x62EA,
    0x62EA, 0x62EA, 0x62EA, 0x62CA, 0x62CA, 0x62CA, 0x62CA, 0x62CA, 0x62CA, 0x62CA, 0x62CA, 0x5AAA, 0x62CA, 0x62CA, 0x62CA, 0x62CA,
    0x62CA, 0x62CA, 0x62CA, 0x62CA, 0x62CA, 0x62CA, 0x62CA, 0x62CA, 0x62CA, 0x62EA, 0x5269, 0x5269, 0x5A89, 0x5269, 0x7BCE, 0x6B4C,
    0x5ACA, 0x62CA, 0x5AAA, 0x62CA, 0x62CA, 0x62CA, 0x62CA, 0x62AA, 0x6AEA, 0x41A6, 0x0000, 0x0000, 0x0000, 0x0000, 0x0000, 0x0000,
    0x0000, 0x0000, 0x0000, 0x0000, 0x0000, 0x0000, 0x0000, 0x0000, 0x0000, 0x0000, 0x0000, 0x0000, 0x0000, 0x0000, 0x0000, 0x0000,
    0x0000, 0x0000, 0x0000, 0x0000, 0x0000, 0x0000, 0x0000, 0x0000, 0x0000, 0x0000, 0x0000, 0x0000, 0x0000, 0x0000, 0x0000, 0x0000,
    0x0000, 0x0000, 0x0000, 0x0000, 0x0000, 0x0000, 0x0000, 0x0000, 0x0000, 0x0000, 0x0000, 0x0000, 0x0000, 0x0000, 0x0000, 0x0000,
    0x0000, 0x0000, 0x0000, 0x0000, 0x0000, 0x0000, 0x0000, 0x0000, 0x0000, 0x0000, 0x0000, 0x0000, 0x0000, 0x0000, 0x0000, 0x0000,
    0x0000, 0x0000, 0x0000, 0x0000, 0x0000, 0x0000, 0x0000, 0x0000, 0x0000, 0x0000, 0x0000, 0x0000, 0x0000, 0x0000, 0x0000, 0x0000,
    0x0000, 0x0000, 0x0000, 0x0000, 0x0000, 0x0000, 0x0000, 0x0000, 0x9CD2, 0xF77D, 0xCE59, 0xBDF8, 0xC618, 0xD699, 0xB595, 0x7C10,
    0x7C10, 0x8451, 0x73AF, 0x636E, 0x6B8E, 0x4A6A, 0x2145, 0x8431, 0x3A08, 0x2965, 0x39C7, 0x4A49, 0x5ACA, 0x5AEB, 0x52CA, 0x5ACB,
    0x5AEC, 0x94B3, 0x73AF, 0x6B6D, 0x738E, 0x7BEF, 0x7C10, 0x8430, 0x94D3, 0x9CF3, 0x9D14, 0xA555, 0xB596, 0xB5B7, 0xB5D8, 0xBE18,
    0xBDF8, 0xBE18, 0xAD96, 0xAD96, 0xADB7, 0xADB7, 0xAD97, 0xA555, 0x9CF4, 0x9CF4, 0xBDF8, 0x52CC, 0x9D15, 0xBE19, 0x8452, 0x8CB3,
    0x8CD4, 0xA556, 0x94D3, 0x6B6D, 0x3A07, 0x2966, 0x528A, 0xD699, 0xC637, 0xC637, 0xC617, 0xBDF6, 0xC616, 0xC616, 0xBDF6, 0xBDD5,
    0xBDF6, 0x9470, 0x9470, 0x9C91, 0x9CB2, 0x9CB2, 0xBDB6, 0xC5F7, 0xBDD7, 0xBDB6, 0xB596, 0xAD34, 0x9CD3, 0xAD14, 0x9450, 0x6B2B,
    0x6B2B, 0x6B0B, 0x62EA, 0x5AA9, 0x738D, 0x9CD2, 0xB575, 0xB595, 0xB576, 0xAD54, 0x9CB2, 0x8C0F, 0x7B8D, 0x6AEB, 0x5AAA, 0x5A89,
    0x5268, 0x5268, 0x5AA9, 0x6B0B, 0x734C, 0x83CE, 0x9CB2, 0xB554, 0xBD95, 0xAD54, 0x8C0F, 0x6B0A, 0x6AEA, 0x6B0B, 0x6B0B, 0x6B0B,
    0x6B0A, 0x6B0B, 0x734B, 0x732B, 0x732C, 0x734C, 0x734C, 0x734C, 0x734C, 0x736C, 0x732B, 0x6B2B, 0x732B, 0x6B2B, 0x6B0B, 0x732B,
    0x5248, 0x732B, 0x83CE, 0x83CD, 0x7B6C, 0x7B6C, 0x736C, 0x736C, 0x7B6C, 0x734C, 0x734C, 0x736C, 0x734C, 0x732B, 0x732B, 0x6B2B,
    0x6B2B, 0x6B2B, 0x6B2B, 0x6B0B, 0x6B0B, 0x6B0B, 0x6B0B, 0x6B0B, 0x6B0B, 0x6B0B, 0x6B0B, 0x6B0B, 0x6B0B, 0x6B0B, 0x6AEB, 0x6B0B,
    0x62AA, 0x62CA, 0x6AEB, 0x62EA, 0x62EA, 0x62EA, 0x62EA, 0x62EA, 0x62EA, 0x62EA, 0x62EA, 0x62EB, 0x62EA, 0x62EA, 0x62EA, 0x62EA,
    0x62EA, 0x62CA, 0x62CA, 0x62CA, 0x62CA, 0x62CA, 0x62CA, 0x62CA, 0x62CA, 0x62AA, 0x62AA, 0x62CA, 0x62CA, 0x62CA, 0x62CA, 0x62CA,
    0x62EA, 0x62EA, 0x62CA, 0x62CA, 0x62CA, 0x62CA, 0x62CA, 0x62CA, 0x62CA, 0x62CA, 0x62CA, 0x5A89, 0x5A89, 0x5AA9, 0x630B, 0x62CA,
    0x62CA, 0x62CA, 0x5ACA, 0x5ACA, 0x62AA, 0x62CA, 0x62CA, 0x5AA9, 0x6AEA, 0x3965, 0x0000, 0x0000, 0x0000, 0x0000, 0x0000, 0x0000,
    0x0000, 0x0000, 0x0000, 0x0000, 0x0000, 0x0000, 0x0000, 0x0000, 0x0000, 0x0000, 0x0000, 0x0000, 0x0000, 0x0000, 0x0000, 0x0000,
    0x0000, 0x0000, 0x0000, 0x0000, 0x0000, 0x0000, 0x0000, 0x0000, 0x0000, 0x0000, 0x0000, 0x0000, 0x0000, 0x0000, 0x0000, 0x0000,
    0x0000, 0x0000, 0x0000, 0x0000, 0x0000, 0x0000, 0x0000, 0x0000, 0x0000, 0x0000, 0x0000, 0x0000, 0x0000, 0x0000, 0x0000, 0x0000,
    0x0000, 0x0000, 0x0000, 0x0000, 0x0000, 0x0000, 0x0000, 0x0000, 0x0000, 0x0000, 0x0000, 0x0000, 0x0000, 0x0000, 0x0000, 0x0000,
    0x0000, 0x0000, 0x0000, 0x0000, 0x0000, 0x0000, 0x0000, 0x0000, 0x0000, 0x0000, 0x0000, 0x0000, 0x0000, 0x0000, 0x0000, 0x0000,
    0x0000, 0x0000, 0x0000, 0x0000, 0x0000, 0x0000, 0x0000, 0x2944, 0xE71B, 0xDEFB, 0xC618, 0xBDF8, 0xC618, 0xD6B9, 0xBDF7, 0x8C92,
    0x8451, 0x8431, 0x7BF0, 0x5B0C, 0x4A6A, 0x6B8E, 0x9CF4, 0x9D15, 0x8451, 0x8C72, 0x8451, 0x8451, 0x7C10, 0x73CF, 0x634D, 0x5ACB,
    0x528A, 0x94D3, 0x52AB, 0x39E7, 0x31A6, 0x2145, 0x2124, 0x2944, 0x2944, 0x2144, 0x2124, 0x2103, 0x2944, 0x3185, 0x3185, 0x2103,
    0x4228, 0x94D3, 0x2945, 0x2144, 0x3185, 0x39E7, 0x4207, 0x39E7, 0x31A6, 0x31A7, 0x6BAF, 0xA576, 0x5B0C, 0x7C10, 0xA555, 0x94F4,
    0x8C93, 0x73CF, 0x5289, 0x3186, 0x630C, 0x39E8, 0x5B0C, 0xD698, 0xC637, 0xC637, 0xC616, 0xBDF6, 0xC616, 0xC616, 0xBDF6, 0xC5F6,
    0xA512, 0x8C4F, 0x9C91, 0x9CB1, 0x9CB2, 0xA513, 0xC617, 0xBDD7, 0xBDD7, 0xBDB6, 0xB575, 0xA514, 0xA4F3, 0xA4F3, 0x736D, 0x6B2B,
    0x6B0B, 0x62EA, 0x62CA, 0x8C30, 0xAD55, 0xB575, 0xAD34, 0x9CB2, 0x7BAE, 0x5A89, 0x3165, 0x18C2, 0x0861, 0x0820, 0x0020, 0x0020,
    0x0020, 0x0020, 0x0841, 0x0861, 0x1081, 0x20E2, 0x3965, 0x5248, 0x734C, 0x9471, 0xAD33, 0x9CB1, 0x736C, 0x6B0A, 0x6B0B, 0x6B0B,
    0x6B0B, 0x6B0B, 0x6B0B, 0x6B0B, 0x6B0B, 0x6B2B, 0x6B2B, 0x6B0B, 0x6B0B, 0x6B0B, 0x6B2B, 0x732B, 0x6B2B, 0x6B2B, 0x6B0B, 0x6B2B,
    0x5269, 0x6B2B, 0x83AD, 0x83CE, 0x7B8D, 0x7B8D, 0x7B8D, 0x736C, 0x734C, 0x734C, 0x734C, 0x732B, 0x6B2B, 0x6B2B, 0x6B2B, 0x6B2B,
    0x6B0B, 0x6B0B, 0x6B0B, 0x6B0B, 0x6B0B, 0x6B0B, 0x6B0B, 0x6B0B, 0x6B0B, 0x6B0B, 0x6AEB, 0x6B0B, 0x6AEB, 0x6AEB, 0x6AEB, 0x6B0B,
    0x62AA, 0x62CA, 0x6AEB, 0x62EA, 0x62EA, 0x62EA, 0x62EA, 0x62EA, 0x62EA, 0x62EA, 0x62EA, 0x62EA, 0x62EA, 0x62EA, 0x62EA, 0x62CA,
    0x62CA, 0x62CA, 0x62CA, 0x62CA, 0x62CA, 0x62CA, 0x62CA, 0x62CA, 0x62AA, 0x5A89, 0x5A89, 0x5A89, 0x62AA, 0x62AA, 0x5AA9, 0x5AA9,
    0x5AA9, 0x5A89, 0x5AA9, 0x62CA, 0x62CA, 0x62CA, 0x62CA, 0x62CA, 0x62CA, 0x62CA, 0x62CA, 0x62CA, 0x62CA, 0x62CA, 0x62CA, 0x62CA,
    0x62CA, 0x62CA, 0x5ACA, 0x5ACA, 0x62AA, 0x62CA, 0x62CA, 0x62CA, 0x6B0A, 0x3165, 0x0000, 0x0000, 0x0000, 0x0000, 0x0000, 0x0000,
    0x0000, 0x0000, 0x0000, 0x0000, 0x0000, 0x0000, 0x0000, 0x0000, 0x0000, 0x0000, 0x0000, 0x0000, 0x0000, 0x0000, 0x0000, 0x0000,
    0x0000, 0x0000, 0x0000, 0x0000, 0x0000, 0x0000, 0x0000, 0x0000, 0x0000, 0x0000, 0x0000, 0x0000, 0x0000, 0x0000, 0x0000, 0x0000,
    0x0000, 0x0000, 0x0000, 0x0000, 0x0000, 0x0000, 0x0000, 0x0000, 0x0000, 0x0000, 0x0000, 0x0000, 0x0000, 0x0000, 0x0000, 0x0000,
    0x0000, 0x0000, 0x0000, 0x0000, 0x0000, 0x0000, 0x0000, 0x0000, 0x0000, 0x0000, 0x0000, 0x0000, 0x0000, 0x0000, 0x0000, 0x0000,
    0x0000, 0x0000, 0x0000, 0x0000, 0x0000, 0x0000, 0x0000, 0x0000, 0x0000, 0x0000, 0x0000, 0x0000, 0x0000, 0x0000, 0x0000, 0x0000,
    0x0000, 0x0000, 0x0000, 0x0000, 0x0000, 0x0000, 0x0000, 0x840F, 0xF79D, 0xD69A, 0xC618, 0xBDF7, 0xC617, 0xD6BA, 0xCE78, 0x94D2,
    0x8451, 0x7C31, 0x8431, 0x9493, 0x8C72, 0xA535, 0xAD76, 0x52AB, 0x4229, 0x632D, 0x7BF0, 0x7C10, 0x8C72, 0x8C72, 0x8CB2, 0x94D3,
    0xA555, 0xBE19, 0xAD96, 0xAD96, 0xAD96, 0xB5B7, 0xBDF8, 0xBE18, 0xB5D7, 0xAD96, 0xAD76, 0xA555, 0xAD96, 0xADB7, 0xADB6, 0xA535,
    0xAD96, 0xBE18, 0x94D4, 0x94B3, 0x9CF3, 0x9D14, 0x94D3, 0x7C10, 0x6B8E, 0x636D, 0x636D, 0x94D4, 0xB5D8, 0x8471, 0x6B6D, 0x5AEC,
    0x4A49, 0x39C7, 0x31C7, 0x7BF0, 0x94F4, 0x2165, 0x6B4C, 0xD699, 0xC637, 0xC637, 0xC617, 0xBDF6, 0xC616, 0xC616, 0xC616, 0xB5B5,
    0x9450, 0x9470, 0x9C91, 0x9CB2, 0x9CB2, 0xBDB6, 0xC5F7, 0xBDD7, 0xBDD7, 0xB596, 0xAD34, 0xA4F3, 0xA513, 0x8C50, 0x6B0B, 0x732B,
    0x6AEA, 0x62CA, 0x9CB2, 0xAD75, 0xAD55, 0x9CB2, 0x734C, 0x41C6, 0x1082, 0x0000, 0x0000, 0x0000, 0x0020, 0x0020, 0x0020, 0x0020,
    0x0020, 0x0020, 0x0020, 0x0020, 0x0020, 0x0000, 0x0000, 0x0840, 0x20E3, 0x41E6, 0x6B2B, 0x9470, 0x9CB1, 0x734C, 0x6AEA, 0x6AEB,
    0x6B0B, 0x6B0B, 0x6B0B, 0x6B0B, 0x6B0B, 0x6B2B, 0x6B2B, 0x6B2B, 0x732B, 0x732B, 0x6B2B, 0x6B2B, 0x6B0B, 0x6B2B, 0x6B0B, 0x6B2B,
    0x5269, 0x6B2B, 0x734C, 0x7BAD, 0x7B8D, 0x7B8D, 0x7B6D, 0x736C, 0x7B8D, 0x736C, 0x734C, 0x7B6C, 0x736C, 0x734C, 0x6B2B, 0x6B2B,
    0x6B2B, 0x6B2B, 0x6B2B, 0x6B0B, 0x6B0B, 0x6B0B, 0x6B0B, 0x6B0B, 0x6B0B, 0x6B0B, 0x6B0B, 0x6B0B, 0x6B0B, 0x6B0B, 0x6B0B, 0x6B0B,
    0x62AA, 0x62CA, 0x6AEB, 0x62EA, 0x62EA, 0x62EA, 0x62EA, 0x62EA, 0x62EA, 0x62EA, 0x62EA, 0x62EA, 0x62EA, 0x62CA, 0x62CA, 0x62CA,
    0x62CA, 0x62CA, 0x62CA, 0x62CA, 0x62CA, 0x62CA, 0x62CA, 0x5AA9, 0x5A89, 0x62CA, 0x62EB, 0x736C, 0x83EF, 0x840F, 0x8C2F, 0x8C2F,
    0x8C2F, 0x7BCE, 0x734C, 0x62CA, 0x5AA9, 0x62CA, 0x62CA, 0x62CA, 0x62CA, 0x62CA, 0x62CA, 0x62CA, 0x62CA, 0x62CA, 0x62CA, 0x62CA,
    0x62CA, 0x62CA, 0x62CA, 0x62CA, 0x62CA, 0x62CA, 0x62CA, 0x62A9, 0x6B0B, 0x3165, 0x0000, 0x0000, 0x0000, 0x0000, 0x0000, 0x0000,
    0x0000, 0x0000, 0x0000, 0x0000, 0x0000, 0x0000, 0x0000, 0x0000, 0x0000, 0x0000, 0x0000, 0x0000, 0x0000, 0x0000, 0x0000, 0x0000,
    0x0000, 0x0000, 0x0000, 0x0000, 0x0000, 0x0000, 0x0000, 0x0000, 0x0000, 0x0000, 0x0000, 0x0000, 0x0000, 0x0000, 0x0000, 0x0000,
    0x0000, 0x0000, 0x0000, 0x0000, 0x0000, 0x0000, 0x0000, 0x0000, 0x0000, 0x0000, 0x0000, 0x0000, 0x0000, 0x0000, 0x0000, 0x0000,
    0x0000, 0x0000, 0x0000, 0x0000, 0x0000, 0x0000, 0x0000, 0x0000, 0x0000, 0x0000, 0x0000, 0x0000, 0x0000, 0x0000, 0x0000, 0x0000,
    0x0000, 0x0000, 0x0000, 0x0000, 0x0000, 0x0000, 0x0000, 0x0000, 0x0000, 0x0000, 0x0000, 0x0000, 0x0000, 0x0000, 0x0000, 0x0000,
    0x0000, 0x0000, 0x0000, 0x0000, 0x0000, 0x0000, 0x18A2, 0xD678, 0xE73B, 0xCE59, 0xC5F8, 0xBDF8, 0xC618, 0xDEDA, 0xDEDA, 0x9D13,
    0x7BF0, 0x7C10, 0x73CF, 0x8431, 0x7BF0, 0x7BCF, 0xA534, 0x5B0C, 0x31A6, 0x39E8, 0x73AE, 0x52AA, 0x4A69, 0x39C7, 0x2945, 0x18C3,
    0x2104, 0x94D4, 0x2145, 0x18C3, 0x18E4, 0x2104, 0x10A2, 0x10A2, 0x10A3, 0x2945, 0x632C, 0x528A, 0x4A69, 0x4A8A, 0x4A8A, 0x4A8A,
    0x632C, 0xAD96, 0x6B6E, 0x6B6D, 0x73AF, 0x73CF, 0x7BF0, 0x8430, 0x8C71, 0x94B3, 0x9CF4, 0x8C93, 0x73D0, 0x8CB3, 0x9D14, 0x8CB3,
    0x8C92, 0x9CF4, 0x9D14, 0x94F4, 0x7C10, 0x31C7, 0x738E, 0xD699, 0xC637, 0xC637, 0xC616, 0xBDF6, 0xBDF6, 0xC616, 0xC616, 0x9CD1,
    0x9450, 0x9C91, 0x9CD2, 0x9CB2, 0xAD54, 0xC617, 0xBDD7, 0xBDD7, 0xBDB6, 0xAD55, 0xA514, 0xA4F3, 0xA4D3, 0x736D, 0x6B0B, 0x6B0B,
    0x62CA, 0x9C92, 0xB575, 0xAD34, 0x8C0F, 0x41E7, 0x0861, 0x0000, 0x0000, 0x0020, 0x0040, 0x0040, 0x0020, 0x0020, 0x0020, 0x0020,
    0x0020, 0x0020, 0x0020, 0x0020, 0x0020, 0x0020, 0x0020, 0x0000, 0x0000, 0x0820, 0x2923, 0x4A07, 0x734B, 0x8BEE, 0x6B0B, 0x62EA,
    0x6B0B, 0x732B, 0x7B8D, 0x7B8C, 0x736C, 0x7B6C, 0x734C, 0x732B, 0x734B, 0x734B, 0x6B2B, 0x6B2B, 0x6B2B, 0x6B2B, 0x6B0B, 0x6B0B,
    0x5269, 0x6B2B, 0x734C, 0x7BAD, 0x7BAD, 0x7BAD, 0x7B8C, 0x734C, 0x734C, 0x734C, 0x734C, 0x734C, 0x734C, 0x734C, 0x6B2B, 0x6B2B,
    0x6B2B, 0x6B2B, 0x6B2B, 0x6B0B, 0x6B0B, 0x6B0B, 0x6B0B, 0x6B0B, 0x6B0B, 0x6B0B, 0x6B0B, 0x6B0B, 0x6B0B, 0x6B0B, 0x6B0B, 0x6B0B,
    0x62AA, 0x62CA, 0x6AEB, 0x62EA, 0x62EA, 0x62EA, 0x62EA, 0x62EA, 0x62EA, 0x62CA, 0x62CA, 0x62CA, 0x62CA, 0x62CA, 0x62CA, 0x62CA,
    0x62CA, 0x62CA, 0x62CA, 0x62CA, 0x62CA, 0x62CA, 0x62CA, 0x62EB, 0x736D, 0x8C30, 0x9CB2, 0xA4F3, 0x9CD2, 0x9471, 0x8C50, 0x8C2F,
    0x8C2F, 0x9450, 0x9450, 0x9450, 0x7BAD, 0x62EA, 0x62CA, 0x62EA, 0x62CA, 0x62CA, 0x62CA, 0x62CA, 0x62CA, 0x62CA, 0x62CA, 0x62CA,
    0x62CA, 0x62CA, 0x5ACA, 0x5ACA, 0x62CA, 0x62CA, 0x5ACA, 0x62A9, 0x62EA, 0x2104, 0x0000, 0x0000, 0x0000, 0x0000, 0x0000, 0x0000,
    0x0000, 0x0000, 0x0000, 0x0000, 0x0000, 0x0000, 0x0000, 0x0000, 0x0000, 0x0000, 0x0000, 0x0000, 0x0000, 0x0000, 0x0000, 0x0000,
    0x0000, 0x0000, 0x0000, 0x0000, 0x0000, 0x0000, 0x0000, 0x0000, 0x0000, 0x0000, 0x0000, 0x0000, 0x0000, 0x0000, 0x0000, 0x0000,
    0x0000, 0x0000, 0x0000, 0x0000, 0x0000, 0x0000, 0x0000, 0x0000, 0x0000, 0x0000, 0x0000, 0x0000, 0x0000, 0x0000, 0x0000, 0x0000,
    0x0000, 0x0000, 0x0000, 0x0000, 0x0000, 0x0000, 0x0000, 0x0000, 0x0000, 0x0000, 0x0000, 0x0000, 0x0000, 0x0000, 0x0000, 0x0000,
    0x0000, 0x0000, 0x0000, 0x0000, 0x0000, 0x0000, 0x0000, 0x0000, 0x0000, 0x0000, 0x0000, 0x0000, 0x0000, 0x0000, 0x0000, 0x0000,
    0x0000, 0x0000, 0x0000, 0x0000, 0x0000, 0x0000, 0x5AAA, 0xEF5C, 0xDEDA, 0xC618, 0xC5F8, 0xC5F8, 0xC618, 0xDEDA, 0xE71B, 0xB5B6,
    0x738E, 0x7BD0, 0x7BF0, 0x7C10, 0x7BF0, 0x73CF, 0x94F4, 0xA535, 0xA535, 0xA556, 0xAD96, 0xAD97, 0xA576, 0xA556, 0xB5D8, 0xAD96,
    0xA556, 0xB5D8, 0x9D15, 0x9CF4, 0x94D3, 0x8472, 0x7C10, 0x73AF, 0x73CF, 0x7BF0, 0x7C10, 0x6B8E, 0x5B0C, 0x5AEB, 0x52AA, 0x52CB,
    0x4A8A, 0xA555, 0x4229, 0x2104, 0x2945, 0x31A6, 0x2965, 0x2124, 0x18E3, 0x18C3, 0x2965, 0x4AAA, 0x7C31, 0x7C10, 0x7C30, 0x7C10,
    0x8431, 0x8C72, 0x8451, 0x8472, 0x8452, 0x39E8, 0x6B4D, 0xD699, 0xC637, 0xC637, 0xC616, 0xBDF6, 0xBDF6, 0xC616, 0xAD74, 0x8C50,
    0x9C91, 0x9CD2, 0x9CD2, 0xA513, 0xC5F7, 0xC5F7, 0xBDD7, 0xBDD6, 0xB596, 0xAD14, 0xA4F3, 0xA514, 0x8C50, 0x6B0B, 0x6B0B, 0x62AA,
    0x8C50, 0xAD75, 0xA514, 0x736C, 0x2924, 0x0000, 0x0020, 0x0020, 0x0020, 0x0020, 0x0020, 0x0020, 0x0020, 0x0020, 0x0020, 0x0020,
    0x0020, 0x0020, 0x0020, 0x0020, 0x0020, 0x0020, 0x0020, 0x0020, 0x0020, 0x0000, 0x0000, 0x20E3, 0x41A5, 0x62C9, 0x734C, 0x62CA,
    0x6AEA, 0x6B2B, 0x7B8C, 0x7B8C, 0x736C, 0x7B6C, 0x7B8C, 0x736C, 0x734C, 0x732B, 0x6B2B, 0x6B2B, 0x732B, 0x6B2B, 0x6B0B, 0x6B0B,
    0x5268, 0x732B, 0x734B, 0x7B6C, 0x734C, 0x734C, 0x6B2B, 0x6B0B, 0x6B0B, 0x6B0B, 0x6B0B, 0x6B0B, 0x6B0B, 0x6B0B, 0x6B0B, 0x6B0B,
    0x6B0B, 0x6B0B, 0x6B0B, 0x6B0B, 0x6B0B, 0x6B0B, 0x6B0B, 0x6B0B, 0x6B0B, 0x6B0B, 0x6B0B, 0x6B0B, 0x6B0B, 0x6AEB, 0x62EA, 0x6AEB,
    0x5AA9, 0x62CA, 0x62EA, 0x62CA, 0x62EA, 0x62CA, 0x62CA, 0x62CA, 0x62CA, 0x62CA, 0x62CA, 0x62CA, 0x62CA, 0x62CA, 0x62CA, 0x62CA,
    0x62CA, 0x5ACA, 0x5ACA, 0x62CA, 0x5ACA, 0x5AAA, 0x6B0B, 0x83CE, 0xA4D3, 0xA513, 0x9471, 0x7B8C, 0x5A89, 0x41C6, 0x3144, 0x2924,
    0x2103, 0x2923, 0x39A6, 0x5AA9, 0x83CE, 0x83EE, 0x6B0B, 0x62CA, 0x62CA, 0x5ACA, 0x5AAA, 0x5ACA, 0x5ACA, 0x62CA, 0x62CA, 0x62CA,
    0x5ACA, 0x5AAA, 0x5AAA, 0x5AAA, 0x5AA9, 0x5AA9, 0x5AA9, 0x5AA9, 0x62CA, 0x20E3, 0x0000, 0x0000, 0x0000, 0x0000, 0x0000, 0x0000,
    0x0000, 0x0000, 0x0000, 0x0000, 0x0000, 0x0000, 0x0000, 0x0000, 0x0000, 0x0000, 0x0000, 0x0000, 0x0000, 0x0000, 0x0000, 0x0000,
    0x0000, 0x0000, 0x0000, 0x0000, 0x0000, 0x0000, 0x0000, 0x0000, 0x0000, 0x0000, 0x0000, 0x0000, 0x0000, 0x0000, 0x0000, 0x0000,
    0x0000, 0x0000, 0x0000, 0x0000, 0x0000, 0x0000, 0x0000, 0x0000, 0x0000, 0x0000, 0x0000, 0x0000, 0x0000, 0x0000, 0x0000, 0x0000,
    0x0000, 0x0000, 0x0000, 0x0000, 0x0000, 0x0000, 0x0000, 0x0000, 0x0000, 0x0000, 0x0000, 0x0000, 0x0000, 0x0000, 0x0000, 0x0000,
    0x0000, 0x0000, 0x0000, 0x0000, 0x0000, 0x0000, 0x0000, 0x0000, 0x0000, 0x0000, 0x0000, 0x0000, 0x0000, 0x0000, 0x0000, 0x0000,
    0x0000, 0x0000, 0x0000, 0x0000, 0x0000, 0x0000, 0x9CD1, 0xEF7C, 0xD69A, 0xBDF8, 0xC618, 0xC618, 0xC618, 0xDEDA, 0xE71B, 0xCE79,
    0x73AE, 0x6B8E, 0x7BF0, 0x8431, 0x8431, 0x73AF, 0xA535, 0x31C7, 0x0000, 0x10C3, 0x2145, 0x18E4, 0x52CB, 0x73AE, 0x10C3, 0x2145,
    0x2966, 0x8C93, 0x5ACC, 0x4228, 0x4A8A, 0x528A, 0x5AEB, 0x634D, 0x73AF, 0x7C10, 0x7C10, 0x7C10, 0x8451, 0x94D3, 0x9D14, 0x9D15,
    0x9CF4, 0xA576, 0x94F4, 0x9D35, 0xB5D7, 0xADB7, 0xADB7, 0xAD96, 0xA576, 0xA576, 0x9D35, 0x9D35, 0x8451, 0x8431, 0x8472, 0x8431,
    0x8451, 0x8451, 0x8431, 0x8C72, 0x8C93, 0x4A8A, 0x6B6D, 0xCE78, 0xC637, 0xC637, 0xC617, 0xBDF6, 0xBDF6, 0xBDF6, 0x9490, 0x9C91,
    0x9CD2, 0xA4F3, 0x9CF2, 0xBDD7, 0xC5F7, 0xBDD7, 0xBDB6, 0xBDB6, 0xB575, 0xA4F4, 0xA4F3, 0xA513, 0x738D, 0x6B0B, 0x5AA9, 0x7BCE,
    0xB575, 0xA4F3, 0x62EB, 0x1081, 0x0000, 0x0841, 0x0841, 0x0020, 0x0020, 0x0020, 0x0020, 0x0020, 0x0020, 0x0020, 0x0020, 0x0020,
    0x0020, 0x0000, 0x0000, 0x0020, 0x0020, 0x0020, 0x0020, 0x0020, 0x0000, 0x0020, 0x0020, 0x0000, 0x2103, 0x39A5, 0x62A9, 0x6B0B,
    0x6AEB, 0x6B2B, 0x6B2B, 0x6B2B, 0x6B2B, 0x6B2B, 0x734C, 0x83AD, 0x7B8C, 0x736C, 0x732B, 0x6B0B, 0x6B0B, 0x6B0B, 0x6B0B, 0x6B0B,
    0x5248, 0x6B2B, 0x6B0B, 0x6B0B, 0x6B0B, 0x6B0B, 0x6B0B, 0x6B0B, 0x6B0B, 0x6B0B, 0x6B0B, 0x6B0B, 0x6B0B, 0x6B0B, 0x6B0B, 0x630B,
    0x630B, 0x630B, 0x62EA, 0x62EA, 0x630B, 0x62EB, 0x62EB, 0x62EB, 0x62EA, 0x62EA, 0x62EA, 0x62EA, 0x62EA, 0x62EA, 0x62EA, 0x62EA,
    0x5A89, 0x5AA9, 0x62EA, 0x62CA, 0x62CA, 0x62CA, 0x62CA, 0x62CA, 0x62CA, 0x62CA, 0x62CA, 0x62CA, 0x62CA, 0x62CA, 0x62CA, 0x62CA,
    0x62CA, 0x5ACA, 0x5AA9, 0x5AA9, 0x5AA9, 0x6B0B, 0x83EF, 0xA513, 0x9CD2, 0x734C, 0x39A6, 0x18A2, 0x0020, 0x0000, 0x0000, 0x0000,
    0x0000, 0x0000, 0x0000, 0x0841, 0x3144, 0x62EA, 0x7B8C, 0x62EA, 0x62CA, 0x62CA, 0x5AAA, 0x5AAA, 0x5ACA, 0x5AAA, 0x5AAA, 0x5AAA,
    0x5AAA, 0x5AA9, 0x5AA9, 0x5AA9, 0x5AA9, 0x5AA9, 0x5AA9, 0x5AA9, 0x5ACA, 0x18A2, 0x0000, 0x0000, 0x0000, 0x0000, 0x0000, 0x0000,
    0x0000, 0x0000, 0x0000, 0x0000, 0x0000, 0x0000, 0x0000, 0x0000, 0x0000, 0x0000, 0x0000, 0x0000, 0x0000, 0x0000, 0x0000, 0x0000,
    0x0000, 0x0000, 0x0000, 0x0000, 0x0000, 0x0000, 0x0000, 0x0000, 0x0000, 0x0000, 0x0000, 0x0000, 0x0000, 0x0000, 0x0000, 0x0000,
    0x0000, 0x0000, 0x0000, 0x0000, 0x0000, 0x0000, 0x0000, 0x0000, 0x0000, 0x0000, 0x0000, 0x0000, 0x0000, 0x0000, 0x0000, 0x0000,
    0x0000, 0x0000, 0x0000, 0x0000, 0x0000, 0x0000, 0x0000, 0x0000, 0x0000, 0x0000, 0x0000, 0x0000, 0x0000, 0x0000, 0x0000, 0x0000,
    0x0000, 0x0000, 0x0000, 0x0000, 0x0000, 0x0000, 0x0000, 0x0000, 0x0000, 0x0000, 0x0000, 0x0000, 0x0000, 0x0000, 0x0000, 0x0000,
    0x0000, 0x0000, 0x0000, 0x0000, 0x0000, 0x2103, 0xD698, 0xE71B, 0xCE59, 0xC618, 0xC618, 0xC618, 0xBDF8, 0xD6DA, 0xDEFB, 0xE73B,
    0x9CF3, 0x4228, 0x634D, 0x73CF, 0x7BF0, 0x8C92, 0xA535, 0x8C72, 0x7C10, 0x73F0, 0x73F0, 0x7BF0, 0x8472, 0x94B3, 0x52AB, 0x52AB,
    0x4A6A, 0x9D14, 0x5AEC, 0x2986, 0x2986, 0x2125, 0x2104, 0x10C3, 0x10A2, 0x1082, 0x0862, 0x0020, 0x0000, 0x0000, 0x0000, 0x0021,
    0x0000, 0x8451, 0x31C7, 0x0000, 0x1082, 0x0881, 0x10A2, 0x10A2, 0x10C3, 0x2124, 0x2945, 0x2945, 0x632D, 0x7C10, 0x7BF0, 0x7BF0,
    0x7C10, 0x7C10, 0x7BF0, 0x8451, 0x9493, 0x29A7, 0x5AEB, 0xCE79, 0xC637, 0xC637, 0xC617, 0xBDF6, 0xC617, 0xAD33, 0x9470, 0x9CD2,
    0xA4F3, 0xA4F3, 0xBDB6, 0xC5F8, 0xBDD7, 0xBDD6, 0xB5B6, 0xB596, 0xAD14, 0xA4D3, 0xAD14, 0x9471, 0x6B0B, 0x62CA, 0x6B0B, 0xAD34,
    0xA514, 0x62CB, 0x0861, 0x0020, 0x0861, 0x0041, 0x0841, 0x0020, 0x0020, 0x0020, 0x0020, 0x0020, 0x0020, 0x0020, 0x0020, 0x0020,
    0x0020, 0x0000, 0x0000, 0x0020, 0x0020, 0x0020, 0x0020, 0x0020, 0x0000, 0x0000, 0x0020, 0x0020, 0x0020, 0x2944, 0x41C6, 0x6B0B,
    0x62EA, 0x6B0B, 0x6B0B, 0x6B0B, 0x6B0B, 0x6B0B, 0x6B0B, 0x736C, 0x7B6C, 0x7B8C, 0x7B8C, 0x7B8C, 0x734B, 0x6B2B, 0x6B2B, 0x6AEB,
    0x5248, 0x6B2B, 0x6B0B, 0x6B0B, 0x6B0B, 0x6B0B, 0x6B0B, 0x6B0B, 0x6B0B, 0x6B0B, 0x6B0B, 0x6B0B, 0x6AEB, 0x6AEB, 0x630B, 0x630B,
    0x630B, 0x62EB, 0x62EA, 0x62EA, 0x62EA, 0x62EB, 0x62EB, 0x62EB, 0x62EA, 0x62EA, 0x62CA, 0x62EA, 0x62EA, 0x62EA, 0x62CA, 0x62EA,
    0x5A89, 0x5AAA, 0x62CA, 0x62CA, 0x62CA, 0x62CA, 0x62CA, 0x62CA, 0x62CA, 0x62CA, 0x62CA, 0x62CA, 0x62CA, 0x62CA, 0x62AA, 0x5ACA,
    0x5ACA, 0x5AA9, 0x5ACA, 0x5AA9, 0x630B, 0x83EF, 0xA4F3, 0x9C91, 0x5289, 0x0861, 0x0000, 0x0000, 0x0000, 0x0020, 0x0020, 0x0020,
    0x0020, 0x0020, 0x0020, 0x0000, 0x0840, 0x3164, 0x62EA, 0x6B2B, 0x62AA, 0x62CA, 0x5AAA, 0x5AAA, 0x5AAA, 0x5AAA, 0x5AAA, 0x5AAA,
    0x5AAA, 0x5AA9, 0x5AA9, 0x5AA9, 0x5AAA, 0x5AA9, 0x5AA9, 0x5AA9, 0x5AA9, 0x0861, 0x0000, 0x0000, 0x0000, 0x0000, 0x0000, 0x0000,
    0x0000, 0x0000, 0x0000, 0x0000, 0x0000, 0x0000, 0x0000, 0x0000, 0x0000, 0x0000, 0x0000, 0x0000, 0x0000, 0x0000, 0x0000, 0x0000,
    0x0000, 0x0000, 0x0000, 0x0000, 0x0000, 0x0000, 0x0000, 0x0000, 0x0000, 0x0000, 0x0000, 0x0000, 0x0000, 0x0000, 0x0000, 0x0000,
    0x0000, 0x0000, 0x0000, 0x0000, 0x0000, 0x0000, 0x0000, 0x0000, 0x0000, 0x0000, 0x0000, 0x0000, 0x0000, 0x0000, 0x0000, 0x0000,
    0x0000, 0x0000, 0x0000, 0x0000, 0x0000, 0x0000, 0x0000, 0x0000, 0x0000, 0x0000, 0x0000, 0x0000, 0x0000, 0x0000, 0x0000, 0x0000,
    0x0000, 0x0000, 0x0000, 0x0000, 0x0000, 0x0000, 0x0000, 0x0000, 0x0000, 0x0000, 0x0000, 0x0000, 0x0000, 0x0000, 0x0000, 0x0000,
    0x0000, 0x0000, 0x0000, 0x0000, 0x0000, 0x630B, 0xEF5B, 0xDEDA, 0xC638, 0xC618, 0xC618, 0xC618, 0xBDF8, 0xD699, 0xE71B, 0xDEFB,
    0xE71B, 0x94B2, 0x634C, 0x5AEB, 0x52AA, 0x52AA, 0x5ACB, 0x52AA, 0x52AB, 0x4A8A, 0x4A8A, 0x52AB, 0x52AB, 0x52CB, 0x634D, 0x6B6E,
    0x73CF, 0x6B6E, 0x73AF, 0x7C11, 0x8451, 0x8451, 0x8472, 0x8472, 0x8C92, 0x8CB3, 0x8C92, 0x8C72, 0x8C72, 0x8451, 0x8451, 0x8472,
    0x8431, 0x9D15, 0x8C93, 0x73AF, 0x7BF0, 0x73AF, 0x6B6E, 0x632D, 0x52CB, 0x52CB, 0x52AB, 0x4A6A, 0x73AF, 0x94D3, 0x8C92, 0x8C92,
    0x8C92, 0x8C92, 0x8C72, 0x9CF4, 0x634D, 0x0841, 0x4A48, 0xDEB9, 0xC637, 0xC637, 0xC617, 0xC617, 0xBDD6, 0x9470, 0x9CB2, 0x9CD2,
    0xA514, 0xBDD7, 0xC5F8, 0xBDD7, 0xBDB7, 0xB5B6, 0xB596, 0xAD54, 0xA4D3, 0xA4F4, 0xAD14, 0x7B8E, 0x62EA, 0x5A89, 0x9471, 0xAD75,
    0x6B4C, 0x1081, 0x0000, 0x0861, 0x0862, 0x0841, 0x0040, 0x0020, 0x0020, 0x0020, 0x0020, 0x0020, 0x0020, 0x0020, 0x0020, 0x0020,
    0x0020, 0x0000, 0x0000, 0x0000, 0x0000, 0x0000, 0x0000, 0x0020, 0x0020, 0x0020, 0x0020, 0x0020, 0x0000, 0x0861, 0x3164, 0x5248,
    0x6AEA, 0x62EA, 0x6AEA, 0x6AEA, 0x6B0A, 0x6AEA, 0x6AEA, 0x6B0B, 0x6B2B, 0x6B2B, 0x734B, 0x736C, 0x7B8C, 0x7B8C, 0x734C, 0x62EA,
    0x5268, 0x6B2B, 0x6B0B, 0x6B0B, 0x6B0B, 0x6B0B, 0x6B0B, 0x6B0B, 0x6B0B, 0x6B0B, 0x6B0B, 0x6B0B, 0x6B0B, 0x6B0B, 0x6B0B, 0x6B0B,
    0x6B0B, 0x6B0B, 0x6B0B, 0x6B0B, 0x6B0B, 0x630B, 0x630B, 0x630B, 0x6AEB, 0x62EA, 0x62EA, 0x62EA, 0x62EA, 0x62EA, 0x62EA, 0x62EA,
    0x5A89, 0x62CA, 0x62CA, 0x62CA, 0x62CA, 0x62CA, 0x62CA, 0x62AA, 0x62AA, 0x62AA, 0x62CA, 0x62CA, 0x62AA, 0x62AA, 0x62CA, 0x5AAA,
    0x5AA9, 0x5AA9, 0x5AA9, 0x62EB, 0x738D, 0x9C92, 0x9CB2, 0x4A48, 0x0000, 0x0000, 0x0020, 0x0020, 0x0000, 0x0000, 0x0020, 0x0020,
    0x0020, 0x0020, 0x0020, 0x0040, 0x0000, 0x18A2, 0x41C6, 0x6B2B, 0x62CA, 0x62CA, 0x5ACA, 0x5AAA, 0x5AAA, 0x5AAA, 0x5AAA, 0x5AAA,
    0x5AAA, 0x5AA9, 0x5AA9, 0x5AA9, 0x5AA9, 0x5AA9, 0x5AA9, 0x5AA9, 0x5289, 0x0841, 0x0000, 0x0000, 0x0000, 0x0000, 0x0000, 0x0000,
    0x0000, 0x0000, 0x0000, 0x0000, 0x0000, 0x0000, 0x0000, 0x0000, 0x0000, 0x0000, 0x0000, 0x0000, 0x0000, 0x0000, 0x0000, 0x0000,
    0x0000, 0x0000, 0x0000, 0x0000, 0x0000, 0x0000, 0x0000, 0x0000, 0x0000, 0x0000, 0x0000, 0x0000, 0x0000, 0x0000, 0x0000, 0x0000,
    0x0000, 0x0000, 0x0000, 0x0000, 0x0000, 0x0000, 0x0000, 0x0000, 0x0000, 0x0000, 0x0000, 0x0000, 0x0000, 0x0000, 0x0000, 0x0000,
    0x0000, 0x0000, 0x0000, 0x0000, 0x0000, 0x0000, 0x0000, 0x0000, 0x0000, 0x0000, 0x0000, 0x0000, 0x0000, 0x0000, 0x0000, 0x0000,
    0x0000, 0x0000, 0x0000, 0x0000, 0x0000, 0x0000, 0x0000, 0x0000, 0x0000, 0x0000, 0x0000, 0x0000, 0x0000, 0x0000, 0x0000, 0x0000,
    0x0000, 0x0000, 0x0000, 0x0000, 0x0000, 0xA512, 0xEF3C, 0xD6BA, 0xC618, 0xC618, 0xC618, 0xC618, 0xC5F8, 0xC638, 0xE73B, 0xE71B,
    0xE71B, 0xDEFA, 0xEF5C, 0xEF7C, 0xEF5C, 0xE71B, 0xDEDA, 0xCE79, 0xC638, 0xBDF7, 0xB5B6, 0xAD54, 0xA513, 0x9CD2, 0x8C71, 0x7BEF,
    0x73AE, 0x738E, 0x6B4D, 0x630C, 0x5AEB, 0x528A, 0x5289, 0x5289, 0x4A69, 0x4A48, 0x4208, 0x4208, 0x4228, 0x4229, 0x4229, 0x4229,
    0x4229, 0x3A08, 0x4A69, 0x52CB, 0x5AEC, 0x5B0C, 0x634D, 0x636E, 0x6B6E, 0x6B8E, 0x73AF, 0x73CF, 0x73AF, 0x73AF, 0x73AF, 0x73AF,
    0x73CF, 0x73AF, 0x7BF0, 0x634D, 0x2124, 0x10A2, 0x94B2, 0xD6BA, 0xC637, 0xC637, 0xC617, 0xCE37, 0xA513, 0x9471, 0xA513, 0xAD55,
    0xC5F7, 0xC5F7, 0xBDD7, 0xBDD7, 0xB596, 0xB596, 0xB575, 0xA4F3, 0xA4F3, 0xAD35, 0x9C92, 0x6B2B, 0x62A9, 0x734C, 0xB575, 0x83EF,
    0x18C3, 0x0000, 0x0020, 0x0020, 0x0020, 0x0841, 0x0021, 0x0020, 0x0020, 0x0020, 0x0020, 0x0020, 0x0020, 0x0020, 0x0020, 0x0020,
    0x0000, 0x0000, 0x0000, 0x0000, 0x0000, 0x0000, 0x0000, 0x0000, 0x0000, 0x0020, 0x0020, 0x0020, 0x0020, 0x0000, 0x2103, 0x41C6,
    0x62CA, 0x62EA, 0x6B0A, 0x62EA, 0x6AEA, 0x62EA, 0x6AEA, 0x6B0A, 0x6B0B, 0x6B0B, 0x6B2B, 0x6B2B, 0x734B, 0x736C, 0x734B, 0x62EA,
    0x5269, 0x6B0B, 0x6B0B, 0x6B0B, 0x6B0B, 0x6B0B, 0x6B0B, 0x6B2B, 0x732B, 0x6B2B, 0x732B, 0x6B2B, 0x734C, 0x736C, 0x736C, 0x734C,
    0x734C, 0x6B2B, 0x6B2B, 0x6B2B, 0x6B2B, 0x6B2B, 0x6B2B, 0x6B0B, 0x6B0B, 0x6B0B, 0x6B0B, 0x6B0B, 0x6AEB, 0x62EA, 0x62EA, 0x6AEB,
    0x5A89, 0x62CA, 0x62CA, 0x62CA, 0x62CA, 0x62CA, 0x62CA, 0x62AA, 0x62AA, 0x62AA, 0x62AA, 0x62AA, 0x5AAA, 0x5AAA, 0x5AAA, 0x5AAA,
    0x5AAA, 0x5AAA, 0x5AAA, 0x6B4C, 0x8C30, 0x9CB2, 0x5ACA, 0x0000, 0x0000, 0x0020, 0x0020, 0x0000, 0x0000, 0x0000, 0x0020, 0x0020,
    0x0020, 0x0020, 0x0020, 0x0020, 0x0040, 0x0820, 0x2924, 0x5A89, 0x6AEA, 0x5AAA, 0x5AAA, 0x5AAA, 0x5AAA, 0x5AAA, 0x5AAA, 0x5AAA,
    0x5AAA, 0x5AA9, 0x5A89, 0x5AA9, 0x5AA9, 0x5A89, 0x5AA9, 0x5AA9, 0x5268, 0x0000, 0x0000, 0x0000, 0x0000, 0x0000, 0x0000, 0x0000,
    0x0000, 0x0000, 0x0000, 0x0000, 0x0000, 0x0000, 0x0000, 0x0000, 0x0000, 0x0000, 0x0000, 0x0000, 0x0000, 0x0000, 0x0000, 0x0000,
    0x0000, 0x0000, 0x0000, 0x0000, 0x0000, 0x0000, 0x0000, 0x0000, 0x0000, 0x0000, 0x0000, 0x0000, 0x0000, 0x0000, 0x0000, 0x0000,
    0x0000, 0x0000, 0x0000, 0x0000, 0x0000, 0x0000, 0x0000, 0x0000, 0x0000, 0x0000, 0x0000, 0x0000, 0x0000, 0x0000, 0x0000, 0x0000,
    0x0000, 0x0000, 0x0000, 0x0000, 0x0000, 0x0000, 0x0000, 0x0000, 0x0000, 0x0000, 0x0000, 0x0000, 0x0000, 0x0000, 0x0000, 0x0000,
    0x0000, 0x0000, 0x0000, 0x0000, 0x0000, 0x0000, 0x0000, 0x0000, 0x0000, 0x0000, 0x0000, 0x0000, 0x0000, 0x0000, 0x0000, 0x0000,
    0x0000, 0x0000, 0x0000, 0x0000, 0x18C2, 0xD658, 0xE6FB, 0xD69A, 0xC618, 0xC618, 0xC618, 0xC618, 0xC618, 0xBDF7, 0xC637, 0xE71B,
    0xDEDA, 0xCE58, 0xE71B, 0xE71B, 0xE75C, 0xEF5C, 0xEF5C, 0xEF7D, 0xEF9D, 0xEF9D, 0xEF9D, 0xF7BE, 0xF7BD, 0xF79D, 0xF79D, 0xF7BD,
    0xF7BD, 0xF7BD, 0xF79D, 0xEF9D, 0xEF7D, 0xEF7C, 0xEF7C, 0xEF5C, 0xE71B, 0xDEFB, 0xDEDB, 0xDEDA, 0xD6BA, 0xCE79, 0xCE58, 0xC618,
    0xC5F7, 0xBDD7, 0xB5B6, 0xAD75, 0xA554, 0x9D13, 0x9CD2, 0x94B2, 0x9491, 0x8C91, 0x8C71, 0x8430, 0x8430, 0x8410, 0x7BEF, 0x73CE,
    0x73AE, 0x738E, 0x6B6D, 0x6B4D, 0x73AE, 0xBDF7, 0xDEDA, 0xCE58, 0xC637, 0xC637, 0xCE58, 0xBDB5, 0x9491, 0xB575, 0xBDD7, 0xC5F7,
    0xC5F7, 0xBDD7, 0xBDB7, 0xB596, 0xB596, 0xB576, 0xAD35, 0x9CD3, 0xA514, 0xAD34, 0x83CE, 0x6AEA, 0x5A89, 0x9CB2, 0x9C91, 0x3185,
    0x0000, 0x0020, 0x0000, 0x0000, 0x0000, 0x0000, 0x0020, 0x0020, 0x0000, 0x0020, 0x0020, 0x0020, 0x0020, 0x0020, 0x0020, 0x0000,
    0x0000, 0x0000, 0x0000, 0x0000, 0x0000, 0x0000, 0x0000, 0x0000, 0x0000, 0x0020, 0x0020, 0x0000, 0x0020, 0x0000, 0x0861, 0x39A5,
    0x5A89, 0x6B0B, 0x6AEA, 0x6AEA, 0x6AEA, 0x6AEA, 0x6AEA, 0x6B0A, 0x6B0B, 0x6B0B, 0x6B0B, 0x6B2B, 0x734B, 0x732B, 0x734B, 0x62EA,
    0x5269, 0x732B, 0x6B2B, 0x732B, 0x6B2B, 0x732B, 0x734C, 0x734C, 0x736C, 0x734C, 0x734C, 0x734C, 0x734C, 0x734B, 0x734B, 0x6B2B,
    0x6B2B, 0x6B0B, 0x6B0B, 0x6B0B, 0x6B0B, 0x6B0B, 0x6B0B, 0x6B0B, 0x6B0B, 0x6B0B, 0x6AEB, 0x6AEB, 0x62EA, 0x62EA, 0x62EA, 0x6AEB,
    0x5A89, 0x62CA, 0x62EA, 0x62CA, 0x62CA, 0x62CA, 0x62CA, 0x62CA, 0x62CA, 0x62CA, 0x62CA, 0x62CA, 0x62AA, 0x62CA, 0x62AA, 0x62CA,
    0x62CA, 0x62AA, 0x62CA, 0x7BAE, 0x9CD2, 0x7BAD, 0x1061, 0x0000, 0x0000, 0x0000, 0x0020, 0x0000, 0x0000, 0x0020, 0x0020, 0x0020,
    0x0020, 0x0020, 0x0020, 0x0040, 0x0840, 0x0020, 0x18C2, 0x4A07, 0x6B0B, 0x5AAA, 0x5AAA, 0x5AAA, 0x5AAA, 0x5AAA, 0x5AA9, 0x5AA9,
    0x5AA9, 0x5AA9, 0x5289, 0x5A89, 0x5A89, 0x5A89, 0x5A89, 0x5ACA, 0x4A28, 0x0000, 0x0000, 0x0000, 0x0000, 0x0000, 0x0000, 0x0000,
    0x0000, 0x0000, 0x0000, 0x0000, 0x0000, 0x0000, 0x0000, 0x0000, 0x0000, 0x0000, 0x0000, 0x0000, 0x0000, 0x0000, 0x0000, 0x0000,
    0x0000, 0x0000, 0x0000, 0x0000, 0x0000, 0x0000, 0x0000, 0x0000, 0x0000, 0x0000, 0x0000, 0x0000, 0x0000, 0x0000, 0x0000, 0x0000,
    0x0000, 0x0000, 0x0000, 0x0000, 0x0000, 0x0000, 0x0000, 0x0000, 0x0000, 0x0000, 0x0000, 0x0000, 0x0000, 0x0000, 0x0000, 0x0000,
    0x0000, 0x0000, 0x0000, 0x0000, 0x0000, 0x0000, 0x0000, 0x0000, 0x0000, 0x0000, 0x0000, 0x0000, 0x0000, 0x0000, 0x0000, 0x0000,
    0x0000, 0x0000, 0x0000, 0x0000, 0x0000, 0x0000, 0x0000, 0x0000, 0x0000, 0x0000, 0x0000, 0x0000, 0x0000, 0x0000, 0x0000, 0x0000,
    0x0000, 0x0000, 0x0000, 0x0000, 0x62EB, 0xEF3C, 0xDEFB, 0xD69A, 0xC638, 0xC659, 0xC638, 0xC638, 0xC618, 0xC618, 0xB596, 0xBDB6,
    0xAD54, 0xC5F6, 0xC617, 0xC617, 0xCE58, 0xCE58, 0xCE58, 0xCE79, 0xD699, 0xCE99, 0xD6B9, 0xD6BA, 0xD6BA, 0xDEDA, 0xDEDA, 0xDEDA,
    0xDEFB, 0xDEFB, 0xDEFB, 0xE71B, 0xE71B, 0xE73B, 0xE73C, 0xE73C, 0xE73C, 0xEF5C, 0xEF7C, 0xEF7C, 0xEF7D, 0xEF7D, 0xEF7D, 0xF79D,
    0xF79D, 0xEF9D, 0xF79D, 0xF7BE, 0xF7BE, 0xF7BE, 0xF7BE, 0xF7BE, 0xF7BE, 0xF7DE, 0xF7BE, 0xF7BE, 0xF7DE, 0xF7DE, 0xF7DE, 0xF7DE,
    0xF7DE, 0xFFDE, 0xF7BE, 0xF7BD, 0xE71B, 0xD6B9, 0xCE78, 0xCE58, 0xCE58, 0xCE58, 0xBDD6, 0xA513, 0xBDB6, 0xC618, 0xC5F7, 0xBDD7,
    0xBDD7, 0xBDD7, 0xB596, 0xB596, 0xB576, 0xB555, 0xA4F4, 0x9CD3, 0xAD35, 0x9CD2, 0x734C, 0x62AA, 0x7BAE, 0xAD34, 0x4A48, 0x0000,
    0x0000, 0x0020, 0x0000, 0x0000, 0x0000, 0x0020, 0x0020, 0x0000, 0x0000, 0x0020, 0x0020, 0x0020, 0x0020, 0x0020, 0x0020, 0x0020,
    0x0000, 0x0000, 0x0000, 0x0000, 0x0000, 0x0000, 0x0000, 0x0000, 0x0000, 0x0020, 0x0020, 0x0000, 0x0000, 0x0020, 0x0000, 0x2923,
    0x4A07, 0x6B0B, 0x62EA, 0x6B0A, 0x6B0A, 0x6B0A, 0x6B0B, 0x6B0B, 0x6B0B, 0x6B0B, 0x6B0B, 0x6B0B, 0x6B0B, 0x6B0B, 0x734B, 0x62CA,
    0x5A89, 0x7B8D, 0x83CD, 0x83AD, 0x7BAD, 0x7B8D, 0x7B8C, 0x736C, 0x734C, 0x6B0B, 0x6B0B, 0x6B0B, 0x6AEB, 0x6AEA, 0x6AEB, 0x6AEB,
    0x62EA, 0x62EA, 0x62EA, 0x62EA, 0x62EA, 0x62EA, 0x62EA, 0x62EA, 0x62EA, 0x62EA, 0x62EA, 0x62EA, 0x62EA, 0x62EA, 0x62EA, 0x62EB,
    0x5269, 0x62CA, 0x62EA, 0x62EA, 0x62EA, 0x62EA, 0x62EA, 0x62EA, 0x62EA, 0x62EA, 0x62EA, 0x62EA, 0x62EA, 0x62EA, 0x62CA, 0x62EA,
    0x62EB, 0x62CA, 0x6B0B, 0x8C30, 0x9491, 0x3165, 0x0000, 0x0020, 0x0000, 0x0000, 0x0020, 0x0020, 0x0020, 0x0020, 0x0020, 0x0020,
    0x0020, 0x0020, 0x0041, 0x0040, 0x0840, 0x0040, 0x1081, 0x3185, 0x62EA, 0x5AA9, 0x5ACA, 0x5AA9, 0x5AA9, 0x5AA9, 0x5AA9, 0x5A89,
    0x5289, 0x5289, 0x5289, 0x5289, 0x5A89, 0x5A89, 0x5A89, 0x62CA, 0x39C6, 0x0000, 0x0000, 0x0000, 0x0000, 0x0000, 0x0000, 0x0000,
    0x0000, 0x0000, 0x0000, 0x0000, 0x0000, 0x0000, 0x0000, 0x0000, 0x0000, 0x0000, 0x0000, 0x0000, 0x0000, 0x0000, 0x0000, 0x0000,
    0x0000, 0x0000, 0x0000, 0x0000, 0x0000, 0x0000, 0x0000, 0x0000, 0x0000, 0x0000, 0x0000, 0x0000, 0x0000, 0x0000, 0x0000, 0x0000,
    0x0000, 0x0000, 0x0000, 0x0000, 0x0000, 0x0000, 0x0000, 0x0000, 0x0000, 0x0000, 0x0000, 0x0000, 0x0000, 0x0000, 0x0000, 0x0000,
    0x0000, 0x0000, 0x0000, 0x0000, 0x0000, 0x0000, 0x0000, 0x0000, 0x0000, 0x0000, 0x0000, 0x0000, 0x0000, 0x0000, 0x0000, 0x0000,
    0x0000, 0x0000, 0x0000, 0x0000, 0x0000, 0x0000, 0x0000, 0x0000, 0x0000, 0x0000, 0x0000, 0x0000, 0x0000, 0x0000, 0x0000, 0x0000,
    0x0000, 0x0000, 0x0000, 0x0000, 0x8C30, 0xCE38, 0xCE58, 0xCE58, 0xCE58, 0xCE79, 0xCE79, 0xCE79, 0xD69A, 0xD69A, 0xCE79, 0xC638,
    0xAD54, 0xCE79, 0xCE58, 0xC638, 0xCE38, 0xC638, 0xC617, 0xC617, 0xC617, 0xBDF6, 0xBDD6, 0xBDF6, 0xBDD6, 0xBDD6, 0xBDD6, 0xBDD6,
    0xBDD6, 0xBDD6, 0xBDF6, 0xC5F7, 0xC5F7, 0xBDF7, 0xC617, 0xC617, 0xC617, 0xC637, 0xC638, 0xC638, 0xCE58, 0xCE58, 0xCE58, 0xCE79,
    0xCE79, 0xD699, 0xD699, 0xD6B9, 0xD6BA, 0xD6B9, 0xD6BA, 0xD6BA, 0xDEDA, 0xDEFA, 0xDEDA, 0xDEDA, 0xDEDA, 0xDEFB, 0xDEFB, 0xDEFB,
    0xDEFB, 0xDEFB, 0xDEFA, 0xDEDA, 0xCE58, 0xBDB5, 0xBDD6, 0xBDD5, 0xBDB5, 0xAD54, 0xAD34, 0xBDD6, 0xC618, 0xBDF7, 0xBDD7, 0xBDB6,
    0xBDB6, 0xBDB6, 0xB575, 0xB575, 0xB575, 0xAD35, 0x9CD3, 0xA4F3, 0xAD55, 0x8C0F, 0x6AEA, 0x62CA, 0xA4F3, 0x738D, 0x1081, 0x0000,
    0x0020, 0x0000, 0x0000, 0x0000, 0x0000, 0x0000, 0x0000, 0x0020, 0x0021, 0x0000, 0x0000, 0x0000, 0x0000, 0x0000, 0x0000, 0x0000,
    0x0000, 0x0000, 0x0000, 0x0000, 0x0000, 0x0000, 0x0000, 0x0000, 0x0000, 0x0020, 0x0020, 0x0000, 0x0000, 0x0020, 0x0000, 0x18A2,
    0x39A5, 0x6AEA, 0x62EA, 0x6B0A, 0x6B0A, 0x6B0A, 0x6B0A, 0x6B0B, 0x6B0B, 0x6B0B, 0x6B0B, 0x6B0B, 0x6B0B, 0x6B0B, 0x6B2B, 0x62CA,
    0x5A89, 0x7B8C, 0x7B8C, 0x7B8C, 0x7B8C, 0x7B8C, 0x736C, 0x734B, 0x6B0B, 0x6AEA, 0x62EA, 0x62EA, 0x62EA, 0x62EA, 0x62EA, 0x62EA,
    0x62EA, 0x62EA, 0x62EA, 0x62EA, 0x62EA, 0x62EA, 0x62EA, 0x62EA, 0x62EA, 0x62EA, 0x62CA, 0x62EA, 0x62EA, 0x62EA, 0x62EA, 0x62EB,
    0x5A89, 0x62CA, 0x62EA, 0x62EA, 0x62EA, 0x62EA, 0x62EA, 0x62EA, 0x6AEB, 0x6AEB, 0x62EA, 0x62EA, 0x62EA, 0x62CA, 0x62CA, 0x62CA,
    0x62CA, 0x62CA, 0x6B2C, 0x9491, 0x6B0B, 0x0000, 0x0000, 0x0020, 0x0000, 0x0000, 0x0020, 0x0000, 0x0000, 0x0020, 0x0020, 0x0020,
    0x0020, 0x0040, 0x0841, 0x0841, 0x0840, 0x0040, 0x0861, 0x2944, 0x5AAA, 0x5AAA, 0x5AA9, 0x5AA9, 0x5A89, 0x5A89, 0x5A89, 0x5A89,
    0x5289, 0x5289, 0x5289, 0x5289, 0x5A89, 0x5A89, 0x5289, 0x5ACA, 0x2944, 0x0000, 0x0000, 0x0000, 0x0000, 0x0000, 0x0000, 0x0000,
    0x0000, 0x0000, 0x0000, 0x0000, 0x0000, 0x0000, 0x0000, 0x0000, 0x0000, 0x0000, 0x0000, 0x0000, 0x0000, 0x0000, 0x0000, 0x0000,
    0x0000, 0x0000, 0x0000, 0x0000, 0x0000, 0x0000, 0x0000, 0x0000, 0x0000, 0x0000, 0x0000, 0x0000, 0x0000, 0x0000, 0x0000, 0x0000,
    0x0000, 0x0000, 0x0000, 0x0000, 0x0000, 0x0000, 0x0000, 0x0000, 0x0000, 0x0000, 0x0000, 0x0000, 0x0000, 0x0000, 0x0000, 0x0000,
    0x0000, 0x0000, 0x0000, 0x0000, 0x0000, 0x0000, 0x0000, 0x0000, 0x0000, 0x0000, 0x0000, 0x0000, 0x0000, 0x0000, 0x0000, 0x0000,
    0x0000, 0x0000, 0x0000, 0x0000, 0x0000, 0x0000, 0x0000, 0x0000, 0x0000, 0x0000, 0x0000, 0x0000, 0x0000, 0x0000, 0x0000, 0x0000,
    0x0000, 0x0000, 0x0000, 0x0000, 0x5AA9, 0x7B6C, 0x734C, 0x7B6C, 0x7B8D, 0x7BAE, 0x7BCE, 0x840F, 0x8C50, 0x9471, 0x9CD3, 0xA513,
    0x9CD2, 0xBDD6, 0xC617, 0xC638, 0xCE58, 0xD699, 0xD699, 0xD6B9, 0xD6BA, 0xD6BA, 0xD6BA, 0xDEDA, 0xD6BA, 0xD699, 0xD699, 0xD699,
    0xD699, 0xCE79, 0xCE58, 0xCE58, 0xCE58, 0xCE58, 0xCE58, 0xC637, 0xC638, 0xC637, 0xC617, 0xC617, 0xBDF7, 0xBDF7, 0xBDF7, 0xBDF6,
    0xBDD6, 0xBDB6, 0xBDB6, 0xBDB6, 0xBDD6, 0xBDB6, 0xBDB6, 0xBDB6, 0xBDB6, 0xBDD6, 0xBDB6, 0xBDB6, 0xBDB6, 0xBDD6, 0xBDD6, 0xBDD6,
    0xBDD6, 0xBDD6, 0xBDD6, 0xBDD6, 0xAD33, 0xAD33, 0xAD33, 0xAD33, 0xAD34, 0xB575, 0xBDF7, 0xBDD7, 0xBDD7, 0xBDD7, 0xBDB6, 0xB596,
    0xB596, 0xB576, 0xAD55, 0xAD55, 0xAD55, 0xA514, 0x9CD3, 0xAD34, 0xA514, 0x736D, 0x62A9, 0x8C0F, 0x9C91, 0x3165, 0x0000, 0x0000,
    0x0000, 0x0021, 0x0041, 0x0861, 0x0882, 0x18E4, 0x2104, 0x10C3, 0x2125, 0x2966, 0x2946, 0x2145, 0x18E4, 0x10A3, 0x1082, 0x0862,
    0x0020, 0x0000, 0x0000, 0x0000, 0x0000, 0x0000, 0x0000, 0x0000, 0x0000, 0x0020, 0x0020, 0x0020, 0x0020, 0x0020, 0x0000, 0x0861,
    0x3165, 0x5AA9, 0x6B0A, 0x6AEA, 0x6B0B, 0x6B0A, 0x6B0A, 0x6B0B, 0x6B0B, 0x6B0A, 0x6B0B, 0x6B0B, 0x6B0B, 0x6B0B, 0x6B2B, 0x5AA9,
    0x5A89, 0x6B2B, 0x6B0B, 0x6B2B, 0x6B2B, 0x6B2B, 0x6B2B, 0x6B0B, 0x6B0B, 0x6B0B, 0x6B0B, 0x6B0B, 0x6B0B, 0x6AEB, 0x6AEB, 0x6AEB,
    0x6AEB, 0x6AEB, 0x6AEB, 0x6AEB, 0x6AEB, 0x6AEB, 0x6AEB, 0x6AEB, 0x6AEB, 0x6AEB, 0x62EA, 0x6AEB, 0x62EA, 0x62EA, 0x62EA, 0x62EA,
    0x5268, 0x62EA, 0x62EA, 0x62EA, 0x62EA, 0x62EA, 0x62EA, 0x62EA, 0x62EA, 0x62EA, 0x62EA, 0x62CA, 0x62CA, 0x62CA, 0x62CA, 0x62CA,
    0x62CA, 0x62CA, 0x7BAE, 0x9450, 0x2924, 0x0000, 0x0000, 0x0000, 0x0000, 0x0000, 0x0000, 0x0000, 0x0000, 0x0000, 0x0020, 0x0020,
    0x0020, 0x0040, 0x0041, 0x0841, 0x0841, 0x0841, 0x0841, 0x2123, 0x5A89, 0x62CA, 0x5289, 0x5289, 0x5289, 0x5289, 0x5A89, 0x5A89,
    0x5289, 0x5269, 0x5289, 0x5289, 0x5289, 0x5289, 0x5289, 0x5AC9, 0x2103, 0x0000, 0x0000, 0x0000, 0x0000, 0x0000, 0x0000, 0x0000,
    0x0000, 0x0000, 0x0000, 0x0000, 0x0000, 0x0000, 0x0000, 0x0000, 0x0000, 0x0000, 0x0000, 0x0000, 0x0000, 0x0000, 0x0000, 0x0000,
    0x0000, 0x0000, 0x0000, 0x0000, 0x0000, 0x0000, 0x0000, 0x0000, 0x0000, 0x0000, 0x0000, 0x0000, 0x0000, 0x0000, 0x0000, 0x0000,
    0x0000, 0x0000, 0x0000, 0x0000, 0x0000, 0x0000, 0x0000, 0x0000, 0x0000, 0x0000, 0x0000, 0x0000, 0x0000, 0x0000, 0x0000, 0x0000,
    0x0000, 0x0000, 0x0000, 0x0000, 0x0000, 0x0000, 0x0000, 0x0000, 0x0000, 0x0000, 0x0000, 0x0000, 0x0000, 0x0000, 0x0000, 0x0000,
    0x0000, 0x0000, 0x0000, 0x0000, 0x0000, 0x0000, 0x0000, 0x0000, 0x0000, 0x0000, 0x0000, 0x0000, 0x0000, 0x0000, 0x0000, 0x0000,
    0x0000, 0x0000, 0x0000, 0x0000, 0x41E7, 0x7B8D, 0x734B, 0x734C, 0x732B, 0x6B2B, 0x6B2B, 0x6B0B, 0x6B0B, 0x6AEA, 0x62EA, 0x6B0B,
    0x6B2B, 0x6B2B, 0x734C, 0x736C, 0x7B8D, 0x7BAD, 0x83CE, 0x840F, 0x8C2F, 0x9470, 0x9491, 0x9CD2, 0xA4F3, 0xA513, 0xAD54, 0xB575,
    0xB595, 0xBDB6, 0xBDD6, 0xBDF7, 0xC617, 0xC637, 0xCE58, 0xCE58, 0xCE78, 0xCE79, 0xD699, 0xCE79, 0xD699, 0xD699, 0xD699, 0xD699,
    0xD699, 0xD679, 0xD679, 0xD679, 0xD679, 0xCE79, 0xCE79, 0xCE79, 0xCE59, 0xCE79, 0xCE59, 0xCE58, 0xCE79, 0xCE79, 0xCE59, 0xCE59,
    0xCE58, 0xCE58, 0xCE58, 0xCE58, 0xB574, 0xCE79, 0xCE59, 0xCE59, 0xCE59, 0xC638, 0xC618, 0xC618, 0xC5F8, 0xBDF7, 0xBDD7, 0xBDD7,
    0xBDD7, 0xBDB6, 0xB596, 0xB576, 0xB575, 0xAD34, 0xAD34, 0xAD55, 0x8C30, 0x6AEB, 0x6B0B, 0x9CB1, 0x5269, 0x0000, 0x0020, 0x0041,
    0x0861, 0x0882, 0x10A2, 0x10C3, 0x18E4, 0x1905, 0x1904, 0x1904, 0x18E4, 0x29A7, 0x31C8, 0x4249, 0x4AAB, 0x4AAB, 0x426A, 0x52CC,
    0x31C7, 0x2145, 0x1062, 0x0000, 0x0000, 0x0000, 0x0020, 0x0020, 0x0020, 0x0020, 0x0020, 0x0020, 0x0020, 0x0020, 0x0000, 0x0020,
    0x2123, 0x5248, 0x6B0B, 0x62EA, 0x6B0A, 0x6B0A, 0x6B0A, 0x6B0B, 0x6B0B, 0x6B0B, 0x6B0B, 0x6B0B, 0x6B0B, 0x6B0B, 0x6B2B, 0x5269,
    0x5A89, 0x6B2B, 0x6B0B, 0x6B0B, 0x6B0B, 0x6B0B, 0x6B0B, 0x6B0B, 0x6B0B, 0x6B0B, 0x6B0B, 0x6B0B, 0x6B0B, 0x6B0B, 0x6B0B, 0x6B0B,
    0x6B0B, 0x6B0B, 0x6B0B, 0x6B0B, 0x6B0B, 0x6B0B, 0x6B0B, 0x6B0B, 0x6B0B, 0x6B0B, 0x6B0B, 0x6B0B, 0x6B0B, 0x6B0B, 0x6AEB, 0x62EB,
    0x5268, 0x6AEB, 0x62EA, 0x62EA, 0x6AEB, 0x62EA, 0x62EA, 0x62EA, 0x62EA, 0x62EA, 0x62EA, 0x62CA, 0x62CA, 0x62CA, 0x62CA, 0x62CA,
    0x62CA, 0x62EB, 0x9450, 0x736C, 0x0841, 0x0041, 0x0841, 0x0861, 0x0841, 0x0041, 0x0040, 0x0000, 0x0000, 0x0000, 0x0000, 0x0020,
    0x0040, 0x0040, 0x0841, 0x0841, 0x0841, 0x0861, 0x0041, 0x2103, 0x5268, 0x5AAA, 0x5289, 0x5289, 0x5269, 0x5269, 0x5269, 0x5289,
    0x5269, 0x5269, 0x5269, 0x5269, 0x5269, 0x5269, 0x5269, 0x5A89, 0x10A2, 0x0000, 0x0000, 0x0000, 0x0000, 0x0000, 0x0000, 0x0000,
    0x0000, 0x0000, 0x0000, 0x0000, 0x0000, 0x0000, 0x0000, 0x0000, 0x0000, 0x0000, 0x0000, 0x0000, 0x0000, 0x0000, 0x0000, 0x0000,
    0x0000, 0x0000, 0x0000, 0x0000, 0x0000, 0x0000, 0x0000, 0x0000, 0x0000, 0x0000, 0x0000, 0x0000, 0x0000, 0x0000, 0x0000, 0x0000,
    0x0000, 0x0000, 0x0000, 0x0000, 0x0000, 0x0000, 0x0000, 0x0000, 0x0000, 0x0000, 0x0000, 0x0000, 0x0000, 0x0000, 0x0000, 0x0000,
    0x0000, 0x0000, 0x0000, 0x0000, 0x0000, 0x0000, 0x0000, 0x0000, 0x0000, 0x0000, 0x0000, 0x0000, 0x0000, 0x0000, 0x0000, 0x0000,
    0x0000, 0x0000, 0x0000, 0x0000, 0x0000, 0x0000, 0x0000, 0x0000, 0x0000, 0x0000, 0x0000, 0x0000, 0x0000, 0x0000, 0x0000, 0x0000,
    0x0000, 0x0000, 0x0000, 0x0000, 0x10A2, 0x734B, 0x736C, 0x734C, 0x734B, 0x6B2B, 0x6B2B, 0x6B2B, 0x6B2B, 0x6B2B, 0x734B, 0x6B2B,
    0x6B0B, 0x6B2B, 0x6B2B, 0x6B2B, 0x6B0B, 0x6B0B, 0x6B0B, 0x6B0A, 0x6AEA, 0x62EA, 0x62EA, 0x6AEB, 0x6B0B, 0x62EA, 0x6B0A, 0x6B0B,
    0x630B, 0x6B0B, 0x6B0B, 0x6B0B, 0x6B2B, 0x6B2C, 0x734C, 0x736C, 0x736C, 0x738D, 0x7BAD, 0x7BAD, 0x7BAE, 0x83CE, 0x83EF, 0x8C0F,
    0x8C0F, 0x8C30, 0x9450, 0x9471, 0x9491, 0x9491, 0x9CB1, 0x9CD2, 0xA4F3, 0xA513, 0xA513, 0xA513, 0xAD54, 0xAD54, 0xB575, 0xAD54,
    0xAD54, 0xB595, 0xB575, 0xAD34, 0x9471, 0xAD34, 0xA514, 0xA513, 0xA4F3, 0x9CD2, 0x9CD2, 0x9CB2, 0x9C91, 0x9471, 0x9451, 0x8C30,
    0x8C50, 0x8C30, 0x8C30, 0x8C0F, 0x83EF, 0x83CE, 0x7BAE, 0x738D, 0x6B2B, 0x62A9, 0x83CE, 0x7B8D, 0x1081, 0x0000, 0x0041, 0x0861,
    0x0882, 0x10C3, 0x0882, 0x18E3, 0x2125, 0x2966, 0x31E8, 0x4229, 0x424A, 0x424A, 0x31E8, 0x2166, 0x31C8, 0x424A, 0x424A, 0x426A,
    0x4AAB, 0x424A, 0x52CC, 0x31A7, 0x2145, 0x0861, 0x0000, 0x0020, 0x0020, 0x0020, 0x0020, 0x0020, 0x0020, 0x0020, 0x0020, 0x0000,
    0x18C2, 0x41E6, 0x6B0B, 0x62EA, 0x6AEA, 0x6B0A, 0x6B0A, 0x6B0B, 0x6B0B, 0x6B0B, 0x6B0B, 0x6B0B, 0x6B0B, 0x6B0A, 0x6B2B, 0x5269,
    0x5AA9, 0x6B2B, 0x6B0B, 0x6B0B, 0x6B0B, 0x6B0B, 0x6B0B, 0x6B0B, 0x6B0B, 0x6B0B, 0x6B0B, 0x6B0B, 0x6B0B, 0x6B0B, 0x6B0B, 0x6B0B,
    0x6B0B, 0x6B0B, 0x6B0B, 0x6B0B, 0x6B0B, 0x6B0B, 0x6B0B, 0x6B0B, 0x6B0B, 0x6B0B, 0x6B0B, 0x6B0B, 0x6B0B, 0x6B0B, 0x6AEB, 0x62EA,
    0x5A89, 0x6B0B, 0x62EA, 0x62EA, 0x6AEB, 0x6AEB, 0x6AEB, 0x62EA, 0x62EA, 0x62EA, 0x62EA, 0x62EA, 0x62EA, 0x62EB, 0x62EB, 0x62EA,
    0x62CA, 0x736D, 0x9470, 0x4A28, 0x0862, 0x1904, 0x1904, 0x1905, 0x1904, 0x2145, 0x1904, 0x18E4, 0x10C3, 0x10A2, 0x0020, 0x0000,
    0x0841, 0x0841, 0x0841, 0x0841, 0x0841, 0x0861, 0x0841, 0x2103, 0x5268, 0x5A89, 0x5269, 0x5269, 0x5269, 0x5249, 0x5249, 0x5269,
    0x5249, 0x5249, 0x5269, 0x5269, 0x5269, 0x5269, 0x5269, 0x5248, 0x0841, 0x0000, 0x0000, 0x0000, 0x0000, 0x0000, 0x0000, 0x0000,
    0x0000, 0x0000, 0x0000, 0x0000, 0x0000, 0x0000, 0x0000, 0x0000, 0x0000, 0x0000, 0x0000, 0x0000, 0x0000, 0x0000, 0x0000, 0x0000,
    0x0000, 0x0000, 0x0000, 0x0000, 0x0000, 0x0000, 0x0000, 0x0000, 0x0000, 0x0000, 0x0000, 0x0000, 0x0000, 0x0000, 0x0000, 0x0000,
    0x0000, 0x0000, 0x0000, 0x0000, 0x0000, 0x0000, 0x0000, 0x0000, 0x0000, 0x0000, 0x0000, 0x0000, 0x0000, 0x0000, 0x0000, 0x0000,
    0x0000, 0x0000, 0x0000, 0x0000, 0x0000, 0x0000, 0x0000, 0x0000, 0x0000, 0x0000, 0x0000, 0x0000, 0x0000, 0x0000, 0x0000, 0x0000,
    0x0000, 0x0000, 0x0000, 0x0000, 0x0000, 0x0000, 0x0000, 0x0000, 0x0000, 0x0000, 0x0000, 0x0000, 0x0000, 0x0000, 0x0000, 0x0000,
    0x0000, 0x0000, 0x0000, 0x0000, 0x0000, 0x2944, 0x5ACA, 0x6B0A, 0x6B0B, 0x6B2B, 0x734C, 0x736C, 0x736C, 0x736C, 0x6B2B, 0x6B2C,
    0x736D, 0x736C, 0x736C, 0x734C, 0x734B, 0x734B, 0x734B, 0x734B, 0x734B, 0x6B2B, 0x734B, 0x734C, 0x732B, 0x6B2B, 0x6B2B, 0x6B2B,
    0x6B0B, 0x6B0B, 0x6B0B, 0x6B0B, 0x6B0A, 0x6B0A, 0x6B0A, 0x62EA, 0x62EA, 0x62EA, 0x62EA, 0x62C9, 0x62C9, 0x62EA, 0x62CA, 0x5AA9,
    0x5AA9, 0x62A9, 0x5AA9, 0x5AA9, 0x5A89, 0x5AA9, 0x5AA9, 0x5AA9, 0x5AA9, 0x5AA9, 0x62C9, 0x62C9, 0x62CA, 0x62EA, 0x62EA, 0x62EA,
    0x62EA, 0x6B0B, 0x6B0B, 0x6B2B, 0x62EA, 0x6B2B, 0x6B0B, 0x6B0A, 0x6B0A, 0x62EA, 0x62EA, 0x62EA, 0x62EA, 0x62EA, 0x62EA, 0x62CA,
    0x62CA, 0x62CA, 0x62A9, 0x5AA9, 0x5AA9, 0x5AA9, 0x62A9, 0x62CA, 0x62CA, 0x62CA, 0x83CE, 0x3165, 0x0000, 0x0041, 0x0882, 0x10C3,
    0x18E4, 0x2125, 0x2966, 0x1904, 0x1904, 0x18E4, 0x2145, 0x2146, 0x31A7, 0x424A, 0x4A8B, 0x52EC, 0x4AAB, 0x3A29, 0x426A, 0x5B0D,
    0x52CC, 0x4A8B, 0x3A2A, 0x424A, 0x424A, 0x426A, 0x2986, 0x0000, 0x0020, 0x0020, 0x0020, 0x0020, 0x0020, 0x0020, 0x0020, 0x0000,
    0x18A2, 0x39A5, 0x6AEA, 0x6AEA, 0x6AEB, 0x6AEB, 0x6AEB, 0x6B0B, 0x6B0B, 0x6B0B, 0x6B0B, 0x6B0B, 0x6B0B, 0x6B0B, 0x6B2B, 0x5A89,
    0x62CA, 0x6B2B, 0x6B0B, 0x6B0B, 0x6B0B, 0x6B0B, 0x6B0B, 0x6B0B, 0x6B0B, 0x6B0B, 0x6B0B, 0x6B0B, 0x6B0B, 0x6B0B, 0x6B0B, 0x6B0B,
    0x6B0B, 0x6B0B, 0x6B0B, 0x6B0B, 0x6B0B, 0x6B0B, 0x6B0B, 0x6B0B, 0x6B0B, 0x6B0B, 0x6B0B, 0x6B0B, 0x6AEB, 0x6B0B, 0x6B0B, 0x62CA,
    0x5248, 0x6B0B, 0x62EA, 0x62EA, 0x62EA, 0x6AEB, 0x6AEB, 0x6AEB, 0x62EA, 0x62EA, 0x62EA, 0x62EA, 0x62EA, 0x62EA, 0x62EA, 0x62EA,
    0x62EA, 0x83EF, 0x83EF, 0x2124, 0x08A3, 0x10E4, 0x10A3, 0x1925, 0x2966, 0x29A7, 0x2166, 0x2145, 0x2145, 0x2987, 0x2987, 0x18E4,
    0x0041, 0x0041, 0x0861, 0x0841, 0x0841, 0x0861, 0x0861, 0x2103, 0x5248, 0x5289, 0x5268, 0x5269, 0x5269, 0x5269, 0x5269, 0x5269,
    0x5269, 0x5289, 0x5269, 0x5269, 0x5268, 0x4A48, 0x4A48, 0x41E7, 0x0000, 0x0000, 0x0000, 0x0000, 0x0000, 0x0000, 0x0000, 0x0000,
    0x0000, 0x0000, 0x0000, 0x0000, 0x0000, 0x0000, 0x0000, 0x0000, 0x0000, 0x0000, 0x0000, 0x0000, 0x0000, 0x0000, 0x0000, 0x0000,
    0x0000, 0x0000, 0x0000, 0x0000, 0x0000, 0x0000, 0x0000, 0x0000, 0x0000, 0x0000, 0x0000, 0x0000, 0x0000, 0x0000, 0x0000, 0x0000,
    0x0000, 0x0000, 0x0000, 0x0000, 0x0000, 0x0000, 0x0000, 0x0000, 0x0000, 0x0000, 0x0000, 0x0000, 0x0000, 0x0000, 0x0000, 0x0000,
    0x0000, 0x0000, 0x0000, 0x0000, 0x0000, 0x0000, 0x0000, 0x0000, 0x0000, 0x0000, 0x0000, 0x0000, 0x0000, 0x0000, 0x0000, 0x0000,
    0x0000, 0x0000, 0x0000, 0x0000, 0x0000, 0x0000, 0x0000, 0x0000, 0x0000, 0x0000, 0x0000, 0x0000, 0x0000, 0x0000, 0x0000, 0x0000,
    0x0000, 0x0000, 0x0000, 0x0000, 0x0000, 0x0000, 0x0020, 0x0841, 0x1081, 0x18A2, 0x31A5, 0x31A6, 0x39C6, 0x41E7, 0x738E, 0x8C72,
    0x426A, 0x52CB, 0x7BAE, 0x7B8D, 0x7B8D, 0x7BAD, 0x7BAD, 0x83AD, 0x83AD, 0x7BAD, 0x7B8D, 0x7B8C, 0x7B6C, 0x736C, 0x736C, 0x736C,
    0x736C, 0x736C, 0x734C, 0x734C, 0x734B, 0x734B, 0x734B, 0x732B, 0x6B2B, 0x6B2B, 0x6B0A, 0x734B, 0x4227, 0x18E3, 0x41E7, 0x630A,
    0x62EA, 0x62EA, 0x6AEA, 0x6AEA, 0x6B2B, 0x5AA9, 0x62CA, 0x6B2B, 0x6B0B, 0x6B2B, 0x6B2B, 0x6B2B, 0x6B2B, 0x6B2B, 0x732B, 0x732B,
    0x732B, 0x6B2B, 0x732B, 0x736C, 0x6B0B, 0x734C, 0x734C, 0x734B, 0x6B2B, 0x6B2B, 0x6B2B, 0x6B0B, 0x6B0B, 0x6B0B, 0x6B0A, 0x6B0A,
    0x6B0A, 0x62EA, 0x62EA, 0x62CA, 0x62C9, 0x62CA, 0x62CA, 0x62CA, 0x62C9, 0x6B2B, 0x5248, 0x0020, 0x0862, 0x0862, 0x0841, 0x1082,
    0x10C3, 0x2105, 0x31A7, 0x31A7, 0x39E8, 0x3A08, 0x3A29, 0x3A29, 0x29A8, 0x2987, 0x2966, 0x31C7, 0x52EC, 0x5B2D, 0x31E9, 0x4AAB,
    0x5AEC, 0x3A09, 0x424A, 0x31C8, 0x31C7, 0x3A09, 0x4A6B, 0x31A7, 0x0000, 0x0020, 0x0020, 0x0020, 0x0020, 0x0020, 0x0020, 0x0000,
    0x1082, 0x3185, 0x62CA, 0x6AEB, 0x6AEB, 0x6AEB, 0x6AEB, 0x6B0B, 0x6B0B, 0x6B0B, 0x6B0B, 0x6B0B, 0x6B0B, 0x6AEA, 0x6B0B, 0x5248,
    0x62EA, 0x6B0B, 0x6B2B, 0x6B2B, 0x6B0B, 0x6B0B, 0x6B0B, 0x6B0B, 0x6B0B, 0x6B0B, 0x6B0B, 0x6B0B, 0x6B0B, 0x6B0B, 0x6B0B, 0x6B0B,
    0x6B0B, 0x6B0B, 0x6B0B, 0x6B0B, 0x6B0B, 0x6B0B, 0x6B0B, 0x6B0B, 0x6B0B, 0x6B0B, 0x6B0B, 0x6AEB, 0x6AEB, 0x6AEB, 0x6AEB, 0x62CA,
    0x5269, 0x6B0B, 0x62EA, 0x62EA, 0x62EA, 0x62EA, 0x62EA, 0x6AEB, 0x62EA, 0x62EA, 0x62EA, 0x62EA, 0x62EA, 0x62EA, 0x62CA, 0x62EA,
    0x6B0B, 0x8C30, 0x62EB, 0x10A3, 0x1904, 0x2125, 0x2987, 0x29A7, 0x2987, 0x2146, 0x2966, 0x2987, 0x29A7, 0x2166, 0x2966, 0x39E8,
    0x2966, 0x0041, 0x0861, 0x0861, 0x0862, 0x0862, 0x0861, 0x2103, 0x5289, 0x62CA, 0x5ACA, 0x62CA, 0x62CA, 0x62CA, 0x62CA, 0x62EA,
    0x62EA, 0x62EA, 0x62EA, 0x62EA, 0x62EA, 0x62EA, 0x5AAA, 0x39C6, 0x0861, 0x0000, 0x0000, 0x0000, 0x0000, 0x0000, 0x0000, 0x0000,
    0x0000, 0x0000, 0x0000, 0x0000, 0x0000, 0x0000, 0x0000, 0x0000, 0x0000, 0x0000, 0x0000, 0x0000, 0x0000, 0x0000, 0x0000, 0x0000,
    0x0000, 0x0000, 0x0000, 0x0000, 0x0000, 0x0000, 0x0000, 0x0000, 0x0000, 0x0000, 0x0000, 0x0000, 0x0000, 0x0000, 0x0000, 0x0000,
    0x0000, 0x0000, 0x0000, 0x0000, 0x0000, 0x0000, 0x0000, 0x0000, 0x0000, 0x0000, 0x0000, 0x0000, 0x0000, 0x0000, 0x0000, 0x0000,
    0x0000, 0x0000, 0x0000, 0x0000, 0x0000, 0x0000, 0x0000, 0x0000, 0x0000, 0x0000, 0x0000, 0x0000, 0x0000, 0x0000, 0x0000, 0x0000,
    0x0000, 0x0000, 0x0000, 0x0000, 0x0000, 0x0000, 0x0000, 0x0000, 0x0000, 0x0000, 0x0000, 0x0000, 0x0000, 0x0000, 0x0000, 0x0000,
    0x0000, 0x0000, 0x0000, 0x0000, 0x0000, 0x0000, 0x0000, 0x0000, 0x0000, 0x2103, 0x4208, 0x4228, 0x31A6, 0x31A7, 0x73F0, 0x4ACC,
    0x1925, 0x2166, 0x18C3, 0x1082, 0x18E3, 0x2103, 0x2104, 0x2945, 0x3186, 0x39A6, 0x4207, 0x4207, 0x4A07, 0x4A27, 0x4A48, 0x4A48,
    0x5248, 0x5289, 0x5A89, 0x5289, 0x5AA9, 0x5ACA, 0x5AC9, 0x62E9, 0x630A, 0x6B0A, 0x6B0B, 0x734C, 0x5289, 0x2104, 0x41E6, 0x736C,
    0x6B2B, 0x734B, 0x734C, 0x732B, 0x3186, 0x10A3, 0x2124, 0x630B, 0x738C, 0x736C, 0x734C, 0x732B, 0x734C, 0x734C, 0x734C, 0x734B,
    0x734B, 0x734B, 0x734C, 0x736C, 0x6B2B, 0x6B2B, 0x736C, 0x734C, 0x734B, 0x6B2B, 0x6B2B, 0x6B2B, 0x6B2B, 0x6B0B, 0x6B0B, 0x6B0B,
    0x6B0A, 0x6AEA, 0x62EA, 0x62CA, 0x62CA, 0x62A9, 0x62C9, 0x62A9, 0x62CA, 0x62EA, 0x1082, 0x0041, 0x10C3, 0x10C3, 0x1904, 0x2145,
    0x1904, 0x18C4, 0x2125, 0x2986, 0x31A7, 0x3A08, 0x426A, 0x5B2D, 0x5B2D, 0x5B4E, 0x634E, 0x424A, 0x2966, 0x4AAB, 0x4A8B, 0x3A09,
    0x4229, 0x39E8, 0x3A09, 0x3A09, 0x31C8, 0x31C8, 0x31C8, 0x424A, 0x2125, 0x0000, 0x0020, 0x0000, 0x0000, 0x0020, 0x0020, 0x0000,
    0x0861, 0x3144, 0x5A89, 0x6B0B, 0x6AEA, 0x6AEB, 0x6AEB, 0x6AEB, 0x6B0B, 0x6B0B, 0x6B0A, 0x6B0A, 0x6B0A, 0x6AEA, 0x6B0B, 0x5248,
    0x62EA, 0x6B0B, 0x6B0B, 0x6B0B, 0x6B0B, 0x6B0B, 0x6B0B, 0x6B0B, 0x6B0B, 0x6B0B, 0x6B0B, 0x6B0B, 0x6B0B, 0x6B0B, 0x6B0B, 0x6B0B,
    0x6B0B, 0x6B0B, 0x6B0B, 0x6B0B, 0x6B0B, 0x6B0B, 0x6B0B, 0x6B0B, 0x6B0B, 0x6B0B, 0x6AEB, 0x6B0B, 0x6B0B, 0x62EA, 0x6AEA, 0x62CA,
    0x5A89, 0x6B0B, 0x62EA, 0x62EA, 0x62EA, 0x62EA, 0x62EA, 0x62EA, 0x62EA, 0x62EA, 0x62EA, 0x62EA, 0x62EA, 0x62EA, 0x62CA, 0x62CA,
    0x736C, 0x8C0F, 0x39C7, 0x0041, 0x0882, 0x10E4, 0x2146, 0x2146, 0x29A7, 0x31C8, 0x29A7, 0x3A29, 0x31E9, 0x29A7, 0x2987, 0x2966,
    0x29A7, 0x1924, 0x0041, 0x0862, 0x1082, 0x1082, 0x0041, 0x2103, 0x5AA9, 0x6B0B, 0x6B0B, 0x6B0B, 0x6B0B, 0x6B0B, 0x6B0B, 0x6B0B,
    0x6B0B, 0x6B0B, 0x6B0B, 0x6B0B, 0x6B0B, 0x62CA, 0x10A2, 0x39E7, 0x4207, 0x0020, 0x0000, 0x0000, 0x0000, 0x0000, 0x0000, 0x0000,
    0x0000, 0x0000, 0x0000, 0x0000, 0x0000, 0x0000, 0x0000, 0x0000, 0x0000, 0x0000, 0x0000, 0x0000, 0x0000, 0x0000, 0x0000, 0x0000,
    0x0000, 0x0000, 0x0000, 0x0000, 0x0000, 0x0000, 0x0000, 0x0000, 0x0000, 0x0000, 0x0000, 0x0000, 0x0000, 0x0000, 0x0000, 0x0000,
    0x0000, 0x0000, 0x0000, 0x0000, 0x0000, 0x0000, 0x0000, 0x0000, 0x0000, 0x0000, 0x0000, 0x0000, 0x0000, 0x0000, 0x0000, 0x0000,
    0x0000, 0x0000, 0x0000, 0x0000, 0x0000, 0x0000, 0x0000, 0x0000, 0x0000, 0x0000, 0x0000, 0x0000, 0x0000, 0x0000, 0x0000, 0x0000,
    0x0000, 0x0000, 0x0000, 0x0000, 0x0000, 0x0000, 0x0000, 0x0000, 0x0000, 0x0000, 0x0000, 0x0000, 0x0000, 0x0020, 0x0020, 0x0020,
    0x0020, 0x0000, 0x0000, 0x0000, 0x0000, 0x0000, 0x0000, 0x0000, 0x0020, 0x630C, 0x8410, 0x6B6E, 0x73CF, 0x4A8A, 0x3A29, 0x428B,
    0x2145, 0x0000, 0x0000, 0x0000, 0x0000, 0x0000, 0x0000, 0x0000, 0x0000, 0x0020, 0x5ACA, 0x5AA9, 0x5268, 0x5289, 0x4207, 0x41E6,
    0x39C6, 0x4207, 0x41E6, 0x4207, 0x4A27, 0x4A27, 0x4A28, 0x4207, 0x4207, 0x41E7, 0x41E6, 0x41C6, 0x39C6, 0x41E7, 0x41E6, 0x39C6,
    0x39A6, 0x3185, 0x4A27, 0x4A48, 0x10C3, 0x5AEC, 0x4229, 0x5ACA, 0x630A, 0x6B0A, 0x6B2B, 0x6B2B, 0x732B, 0x734C, 0x7B8C, 0x7BAC,
    0x7BAD, 0x7BAD, 0x83AD, 0x83CD, 0x7BAD, 0x734B, 0x83AD, 0x7B8C, 0x7B8D, 0x7B6C, 0x736C, 0x736C, 0x734C, 0x734B, 0x734B, 0x732B,
    0x6B2B, 0x6B0B, 0x6B0A, 0x62EA, 0x62C9, 0x62A9, 0x5AA9, 0x5A89, 0x5A89, 0x2944, 0x0000, 0x0061, 0x0862, 0x10C3, 0x1904, 0x2125,
    0x2145, 0x31A7, 0x2986, 0x2166, 0x2986, 0x2966, 0x1905, 0x2146, 0x2146, 0x3A29, 0x52CC, 0x530D, 0x31E9, 0x31C8, 0x3A29, 0x2987,
    0x31A7, 0x2966, 0x31A7, 0x31C8, 0x31A7, 0x31A7, 0x3A09, 0x31C8, 0x4229, 0x10A2, 0x0000, 0x0020, 0x0000, 0x0000, 0x0000, 0x0000,
    0x0020, 0x2924, 0x5248, 0x6B0B, 0x62EA, 0x6AEA, 0x6AEA, 0x6AEB, 0x6AEB, 0x6AEB, 0x6AEA, 0x6AEA, 0x6AEA, 0x6AEA, 0x6B0B, 0x5248,
    0x6B0B, 0x6B0A, 0x6B0B, 0x6B0B, 0x6B0B, 0x6B0B, 0x6AEB, 0x6AEB, 0x6B0B, 0x6B0B, 0x6B0B, 0x6AEB, 0x6B0B, 0x6B0B, 0x6B0B, 0x6B0B,
    0x6AEB, 0x6B0B, 0x6B0B, 0x6B0B, 0x6AEB, 0x6AEB, 0x6AEB, 0x6AEB, 0x62EA, 0x62EA, 0x62EA, 0x62EA, 0x62EA, 0x62EA, 0x6AEB, 0x5AA9,
    0x5269, 0x6AEB, 0x62CA, 0x62EA, 0x62EA, 0x62EA, 0x62EA, 0x62EA, 0x62EA, 0x62EA, 0x62EA, 0x62EA, 0x62CA, 0x62CA, 0x62CA, 0x62CA,
    0x7BAE, 0x7BAD, 0x2104, 0x1904, 0x29A7, 0x29A7, 0x2166, 0x2987, 0x2167, 0x29C8, 0x424A, 0x31E9, 0x2987, 0x2146, 0x2966, 0x2987,
    0x2166, 0x2145, 0x18E4, 0x0862, 0x1082, 0x10A2, 0x0861, 0x2124, 0x5A89, 0x6B0B, 0x6AEA, 0x6AEB, 0x6B0B, 0x6B0B, 0x6AEB, 0x6AEB,
    0x6B0B, 0x6B0B, 0x62EA, 0x62EA, 0x6B0B, 0x5248, 0x0841, 0x39C7, 0x39E7, 0x0020, 0x0000, 0x0000, 0x0000, 0x0000, 0x0000, 0x0000,
    0x0000, 0x0000, 0x0000, 0x0000, 0x0000, 0x0000, 0x0000, 0x0000, 0x0000, 0x0000, 0x0000, 0x0000, 0x0000, 0x0000, 0x0000, 0x0000,
    0x0000, 0x0000, 0x0000, 0x0000, 0x0000, 0x0000, 0x0000, 0x0000, 0x0000, 0x0000, 0x0000, 0x0000, 0x0000, 0x0000, 0x0000, 0x0000,
    0x0000, 0x0000, 0x0000, 0x0000, 0x0000, 0x0000, 0x0000, 0x0000, 0x0000, 0x0000, 0x0000, 0x0000, 0x0000, 0x0000, 0x0000, 0x0000,
    0x0000, 0x0000, 0x0000, 0x0000, 0x0000, 0x0000, 0x0000, 0x0000, 0x0000, 0x0000, 0x0000, 0x0000, 0x0000, 0x0000, 0x0000, 0x0000,
    0x0000, 0x0000, 0x0000, 0x0000, 0x0000, 0x0000, 0x0000, 0x0000, 0x0000, 0x0000, 0x0000, 0x0000, 0x0000, 0x0000, 0x0000, 0x0000,
    0x0000, 0x0000, 0x0000, 0x0000, 0x0000, 0x0000, 0x0000, 0x0000, 0x18C2, 0x7BEF, 0x634D, 0x52AA, 0x6B8F, 0x52CC, 0x3A29, 0x4AAB,
    0x2987, 0x0841, 0x2104, 0x2965, 0x2945, 0x1904, 0x18C3, 0x0862, 0x0021, 0x0020, 0x5289, 0x73AD, 0x842F, 0x9CB1, 0x9470, 0xA512,
    0xA512, 0x9CB1, 0x9CD1, 0xA513, 0x8C2F, 0x738D, 0x9490, 0x8C4F, 0x8C4F, 0x8C4F, 0x8C4F, 0x8C2F, 0x8C2F, 0x840F, 0x83EE, 0x83EE,
    0x83CE, 0x83CE, 0x6B6C, 0x2986, 0x2966, 0x6B6D, 0x4A69, 0x5269, 0x5268, 0x41C6, 0x3165, 0x2944, 0x3164, 0x2944, 0x18C3, 0x2103,
    0x2104, 0x2924, 0x3144, 0x3185, 0x39C6, 0x39A6, 0x5AA9, 0x630A, 0x630A, 0x62EA, 0x62CA, 0x5AA9, 0x5268, 0x4A27, 0x4A07, 0x41E7,
    0x39C6, 0x3185, 0x2944, 0x2103, 0x20E3, 0x2103, 0x20E3, 0x18C2, 0x1061, 0x0000, 0x0862, 0x0882, 0x10C3, 0x10C3, 0x10C3, 0x18E4,
    0x29A7, 0x39E8, 0x31E8, 0x3A29, 0x52CC, 0x4AAB, 0x52CC, 0x424A, 0x3A29, 0x1904, 0x31C8, 0x52EC, 0x426A, 0x31A7, 0x31C8, 0x2966,
    0x31A7, 0x2966, 0x2966, 0x31A7, 0x2966, 0x2966, 0x31C7, 0x2966, 0x4229, 0x2165, 0x0000, 0x0020, 0x0000, 0x0000, 0x0000, 0x0000,
    0x0000, 0x2103, 0x4A07, 0x6B0B, 0x62EA, 0x6AEA, 0x6AEA, 0x6AEB, 0x6AEB, 0x6AEB, 0x6AEA, 0x6AEA, 0x6AEA, 0x6AEA, 0x62EB, 0x4A28,
    0x6B0B, 0x6AEA, 0x6B0A, 0x6B0A, 0x6AEB, 0x6AEB, 0x6AEB, 0x6AEB, 0x6AEB, 0x62EA, 0x6AEB, 0x62EA, 0x6AEB, 0x6AEB, 0x62EA, 0x6AEB,
    0x62EA, 0x62EA, 0x62EA, 0x62EA, 0x62EA, 0x62EA, 0x62EA, 0x62EA, 0x62EA, 0x62EA, 0x62EA, 0x62EA, 0x62EA, 0x62EA, 0x62EB, 0x5AAA,
    0x5A69, 0x62EB, 0x62EA, 0x62EA, 0x62EA, 0x62EA, 0x62EA, 0x62CA, 0x62CA, 0x62CA, 0x62CA, 0x62CA, 0x62CA, 0x62CA, 0x62CA, 0x62EA,
    0x83CE, 0x6B0B, 0x10C3, 0x18E4, 0x2125, 0x2166, 0x2987, 0x3A09, 0x31E9, 0x3209, 0x29A7, 0x1905, 0x2125, 0x2145, 0x2146, 0x2146,
    0x29A7, 0x2146, 0x2986, 0x1904, 0x10A3, 0x18C3, 0x0861, 0x2124, 0x5AA9, 0x6B0B, 0x62EA, 0x6AEA, 0x6AEA, 0x6B0A, 0x6AEA, 0x6AEA,
    0x6AEA, 0x6B0A, 0x62EA, 0x62CA, 0x6B0B, 0x4A07, 0x0021, 0x41E7, 0x39A6, 0x0000, 0x0000, 0x0000, 0x0000, 0x0000, 0x0000, 0x0000,
    0x0000, 0x0000, 0x0000, 0x0000, 0x0000, 0x0000, 0x0000, 0x0000, 0x0000, 0x0000, 0x0000, 0x0000, 0x0000, 0x0000, 0x0000, 0x0000,
    0x0000, 0x0000, 0x0000, 0x0000, 0x0000, 0x0000, 0x0000, 0x0000, 0x0000, 0x0000, 0x0000, 0x0000, 0x0000, 0x0000, 0x0000, 0x0000,
    0x0000, 0x0000, 0x0000, 0x0000, 0x0000, 0x0000, 0x0000, 0x0000, 0x0000, 0x0000, 0x0000, 0x0000, 0x0000, 0x0000, 0x0000, 0x0000,
    0x0000, 0x0000, 0x0000, 0x0000, 0x0000, 0x0000, 0x0000, 0x0000, 0x0000, 0x0000, 0x0000, 0x0000, 0x0000, 0x0000, 0x0000, 0x0000,
    0x0000, 0x0000, 0x0000, 0x0000, 0x0000, 0x0000, 0x0000, 0x0000, 0x0000, 0x0000, 0x0000, 0x0841, 0x632C, 0x8430, 0x73AF, 0x6B4D,
    0x5AEB, 0x5AEB, 0x5AEB, 0x52AA, 0x4A6A, 0x4228, 0x3186, 0x2965, 0x4A69, 0x4A69, 0x2145, 0x4228, 0x4229, 0x10C3, 0x1904, 0x31C8,
    0x18E5, 0x0041, 0x10E4, 0x1925, 0x1925, 0x1904, 0x10C3, 0x18E4, 0x18E4, 0x1904, 0x2125, 0x2145, 0x31C7, 0x52AA, 0x73CE, 0x94D2,
    0xAD75, 0xBDF7, 0xC618, 0xCE79, 0xD69A, 0xD679, 0xCE79, 0xC658, 0xC658, 0xBDF7, 0xB5B6, 0xAD54, 0xAD33, 0xA533, 0xA513, 0xA513,
    0x9CB1, 0xA4D2, 0x840F, 0x2165, 0x39E7, 0x94B2, 0x8C71, 0xB5B5, 0x9490, 0x946F, 0x946F, 0x840E, 0x8C4F, 0x62EB, 0x0000, 0x0000,
    0x0000, 0x0000, 0x0000, 0x0000, 0x0000, 0x0000, 0x0000, 0x0840, 0x0841, 0x0841, 0x0841, 0x0840, 0x0020, 0x0000, 0x0000, 0x0000,
    0x0000, 0x0000, 0x0000, 0x0000, 0x0000, 0x0000, 0x0000, 0x0000, 0x0020, 0x0861, 0x0882, 0x10C3, 0x2145, 0x2145, 0x2986, 0x2125,
    0x2986, 0x31C8, 0x29A7, 0x31A7, 0x424A, 0x3A09, 0x52EC, 0x5B2E, 0x5B2E, 0x4AAC, 0x2987, 0x426A, 0x3A09, 0x2966, 0x31A7, 0x2966,
    0x2966, 0x3186, 0x3186, 0x31A7, 0x2986, 0x2986, 0x31C7, 0x31C7, 0x39E8, 0x39E8, 0x10C3, 0x0000, 0x0000, 0x0000, 0x0000, 0x0000,
    0x0000, 0x18C2, 0x41E6, 0x6B0B, 0x6AEA, 0x62EA, 0x6AEA, 0x62EA, 0x6AEA, 0x6AEA, 0x6AEA, 0x6AEA, 0x6AEA, 0x62EA, 0x62EA, 0x4A28,
    0x6B0B, 0x6AEA, 0x6AEA, 0x6AEA, 0x6AEB, 0x6AEB, 0x6AEA, 0x6AEB, 0x6AEB, 0x62EA, 0x62EA, 0x62EA, 0x62EA, 0x62EA, 0x62EA, 0x62EA,
    0x62EA, 0x62EA, 0x62EA, 0x62EA, 0x62EA, 0x62EA, 0x62EA, 0x62EA, 0x62EA, 0x62EA, 0x62EA, 0x62EA, 0x62EA, 0x62EA, 0x6AEB, 0x5A89,
    0x5AA9, 0x62EB, 0x62CA, 0x62CA, 0x62CA, 0x62CA, 0x62CA, 0x62CA, 0x62CA, 0x62CA, 0x62CA, 0x62CA, 0x62CA, 0x62CA, 0x62AA, 0x62EA,
    0x83CE, 0x5289, 0x10A3, 0x1904, 0x2146, 0x2125, 0x2146, 0x2987, 0x3A29, 0x29A7, 0x1925, 0x2146, 0x2125, 0x1904, 0x18E4, 0x2125,
    0x2145, 0x2166, 0x2125, 0x2166, 0x2145, 0x18C3, 0x1082, 0x2124, 0x62CA, 0x62EA, 0x62EA, 0x6B0A, 0x6AEA, 0x6AEA, 0x6AEA, 0x6B0A,
    0x6AEA, 0x6B0A, 0x6B0B, 0x6B2B, 0x62EA, 0x18C3, 0x10A2, 0x39C7, 0x2944, 0x0000, 0x0000, 0x0000, 0x0000, 0x0000, 0x0000, 0x0000,
    0x0000, 0x0000, 0x0000, 0x0000, 0x0000, 0x0000, 0x0000, 0x0000, 0x0000, 0x0000, 0x0000, 0x0000, 0x0000, 0x0000, 0x0000, 0x0000,
    0x0000, 0x0000, 0x0000, 0x0000, 0x0000, 0x0000, 0x0000, 0x0000, 0x0000, 0x0000, 0x0000, 0x0000, 0x0000, 0x0000, 0x0000, 0x0000,
    0x0000, 0x0000, 0x0000, 0x0000, 0x0000, 0x0000, 0x0000, 0x0000, 0x0000, 0x0000, 0x0000, 0x0000, 0x0000, 0x0000, 0x0000, 0x0000,
    0x0000, 0x0000, 0x0000, 0x0000, 0x0000, 0x0000, 0x0000, 0x0000, 0x0000, 0x0000, 0x0000, 0x0000, 0x0000, 0x0000, 0x0000, 0x0000,
    0x0000, 0x0000, 0x0000, 0x0000, 0x0000, 0x0000, 0x0000, 0x0000, 0x0000, 0x0000, 0x0000, 0x39C7, 0xBE18, 0xC65A, 0xCE9B, 0xD6DB,
    0xDF3D, 0xE77E, 0xE77E, 0xEF7E, 0xEF7E, 0xEF5D, 0xE75D, 0xE73C, 0xCE9A, 0xADB7, 0x9CF3, 0x94D3, 0x8C92, 0x73CF, 0x6B8E, 0x634D,
    0x5B0C, 0x52AB, 0x4249, 0x4249, 0x2986, 0x18E4, 0x18E4, 0x10C3, 0x0882, 0x10C3, 0x1904, 0x1904, 0x10E4, 0x10C3, 0x0862, 0x0862,
    0x0882, 0x18E3, 0x18E4, 0x2986, 0x4249, 0x632D, 0x6B6D, 0x7BEF, 0x8C71, 0x9D14, 0xB5B6, 0xBDF7, 0xC638, 0xCE59, 0xCE79, 0xC658,
    0xC618, 0xC617, 0xA534, 0x2145, 0x18E3, 0x4A69, 0x528A, 0x41E7, 0x39C6, 0x6B2B, 0x9490, 0x94D2, 0xA513, 0x3186, 0x0000, 0x0041,
    0x0040, 0x0020, 0x0020, 0x0020, 0x0020, 0x0021, 0x0020, 0x0000, 0x0000, 0x0000, 0x0000, 0x0000, 0x0000, 0x0000, 0x0000, 0x0000,
    0x0000, 0x0000, 0x0000, 0x0020, 0x0020, 0x0041, 0x0041, 0x0041, 0x0861, 0x0882, 0x0882, 0x0882, 0x10C3, 0x2145, 0x2966, 0x29A6,
    0x31C8, 0x31A7, 0x31C7, 0x31C7, 0x2166, 0x1905, 0x2145, 0x2987, 0x3A09, 0x428B, 0x424A, 0x29A7, 0x31C7, 0x31A7, 0x2986, 0x2966,
    0x2966, 0x31A7, 0x3187, 0x31A7, 0x2986, 0x3187, 0x31A7, 0x31C7, 0x31C7, 0x2966, 0x3A08, 0x1082, 0x0000, 0x0020, 0x0000, 0x0000,
    0x0000, 0x10A2, 0x39A6, 0x6B0B, 0x62EA, 0x62CA, 0x62EA, 0x62EA, 0x6AEA, 0x6AEA, 0x6AEA, 0x6AEA, 0x62EA, 0x62EA, 0x62CA, 0x4A27,
    0x6B0B, 0x6AEA, 0x6AEA, 0x6AEA, 0x6AEA, 0x6AEA, 0x6AEA, 0x62EA, 0x62EA, 0x62EA, 0x62EA, 0x62EA, 0x62EA, 0x62EA, 0x62EA, 0x62EA,
    0x62EA, 0x62EA, 0x62EA, 0x62EA, 0x62EA, 0x62EA, 0x62EA, 0x62EA, 0x62EA, 0x62EA, 0x62EA, 0x62CA, 0x62CA, 0x62CA, 0x62EA, 0x5269,
    0x5A89, 0x62CA, 0x62CA, 0x62CA, 0x62CA, 0x62CA, 0x62CA, 0x62CA, 0x62EA, 0x62CA, 0x62CA, 0x62CA, 0x62CA, 0x62EA, 0x5AA9, 0x6B0B,
    0x7BAE, 0x39C6, 0x1905, 0x2166, 0x2987, 0x3A09, 0x31E9, 0x2167, 0x31E9, 0x2125, 0x2966, 0x2125, 0x2125, 0x18E4, 0x10C3, 0x1904,
    0x18E4, 0x1905, 0x1904, 0x2145, 0x39E7, 0x39A6, 0x18C2, 0x39C6, 0x6B0B, 0x6B0B, 0x6B2B, 0x6B2B, 0x6B2B, 0x732B, 0x732B, 0x6B2B,
    0x6AEA, 0x62CA, 0x5268, 0x39A6, 0x18C2, 0x0882, 0x3185, 0x4207, 0x20E3, 0x0000, 0x0000, 0x0000, 0x0000, 0x0000, 0x0000, 0x0000,
    0x0000, 0x0000, 0x0000, 0x0000, 0x0000, 0x0000, 0x0000, 0x0000, 0x0000, 0x0000, 0x0000, 0x0000, 0x0000, 0x0000, 0x0000, 0x0000,
    0x0000, 0x0000, 0x0000, 0x0000, 0x0000, 0x0000, 0x0000, 0x0000, 0x0000, 0x0000, 0x0000, 0x0000, 0x0000, 0x0000, 0x0000, 0x0000,
    0x0000, 0x0000, 0x0000, 0x0000, 0x0000, 0x0000, 0x0000, 0x0000, 0x0000, 0x0000, 0x0000, 0x0000, 0x0000, 0x0000, 0x0000, 0x0000,
    0x0000, 0x0000, 0x0000, 0x0000, 0x0000, 0x0000, 0x0000, 0x0000, 0x0000, 0x0000, 0x0000, 0x0000, 0x0000, 0x0000, 0x0000, 0x0000,
    0x0000, 0x0000, 0x0000, 0x0000, 0x0000, 0x0000, 0x0000, 0x0000, 0x0000, 0x0000, 0x0000, 0x4A49, 0x8CB3, 0x8472, 0x8C93, 0x8472,
    0x94B3, 0x9D15, 0x9D35, 0xA576, 0xADB7, 0xB5D8, 0xBE19, 0xC659, 0xCE9A, 0xD6DB, 0xDF1C, 0xE75D, 0xEF9E, 0xEFBF, 0xEFBF, 0xEF9F,
    0xEFBF, 0xF7DF, 0xEFBF, 0xEF9E, 0xE77E, 0xE75D, 0xDEFC, 0xCE9A, 0xC639, 0xB5D7, 0xA535, 0x9D34, 0x9D14, 0x94D3, 0x8431, 0x73CF,
    0x6B6E, 0x52CB, 0x4A8A, 0x4229, 0x31C7, 0x2966, 0x2145, 0x1925, 0x10C3, 0x10A3, 0x1082, 0x10A3, 0x18E4, 0x1904, 0x1904, 0x1904,
    0x2125, 0x2145, 0x31A7, 0x2124, 0x18E4, 0x0862, 0x0000, 0x18E3, 0x0861, 0x0862, 0x2125, 0x10C3, 0x0021, 0x0000, 0x0020, 0x0041,
    0x0041, 0x0041, 0x0041, 0x0041, 0x0041, 0x0041, 0x0041, 0x0041, 0x0020, 0x0020, 0x0020, 0x0020, 0x0020, 0x0000, 0x0000, 0x0000,
    0x0000, 0x0000, 0x0000, 0x0021, 0x0021, 0x0020, 0x0041, 0x0861, 0x0861, 0x0882, 0x10C3, 0x18E4, 0x2125, 0x18E4, 0x2125, 0x31E8,
    0x3A09, 0x4A8B, 0x4A8B, 0x428B, 0x3A29, 0x4ACC, 0x530D, 0x39E8, 0x39E9, 0x422A, 0x31E8, 0x31A7, 0x2146, 0x2986, 0x3186, 0x2986,
    0x3186, 0x2986, 0x2986, 0x3186, 0x2945, 0x2125, 0x2945, 0x2966, 0x2966, 0x3187, 0x3A08, 0x2945, 0x0000, 0x0020, 0x0020, 0x0000,
    0x0000, 0x10A2, 0x39A5, 0x6AEB, 0x62EA, 0x62CA, 0x62CA, 0x62CA, 0x62EA, 0x62EA, 0x62EA, 0x62CA, 0x62CA, 0x6AEA, 0x5AA9, 0x4A07,
    0x6B0B, 0x62EA, 0x62EA, 0x62EA, 0x62EA, 0x62EA, 0x62EA, 0x62EA, 0x62CA, 0x62CA, 0x62CA, 0x62CA, 0x62CA, 0x62CA, 0x62CA, 0x62CA,
    0x62CA, 0x62CA, 0x62EA, 0x62CA, 0x62EA, 0x62EA, 0x62EA, 0x62EA, 0x62EA, 0x62EA, 0x6AEA, 0x6B0A, 0x6B0A, 0x6AEA, 0x6B0B, 0x5A69,
    0x62CA, 0x6AEA, 0x6AEA, 0x62EA, 0x62CA, 0x62CA, 0x62CA, 0x5AA9, 0x5A89, 0x5A89, 0x5269, 0x5269, 0x5248, 0x5248, 0x4A07, 0x7B8D,
    0x734C, 0x18C3, 0x08A3, 0x10C3, 0x1905, 0x2166, 0x31E8, 0x3A09, 0x2146, 0x2125, 0x2105, 0x1904, 0x18E4, 0x10C3, 0x10C3, 0x10C3,
    0x18E4, 0x2105, 0x10C3, 0x18C4, 0x31A6, 0x5ACA, 0x5A89, 0x6B0A, 0x6B0B, 0x6B0B, 0x62EA, 0x62EA, 0x5ACA, 0x5248, 0x39A6, 0x3985,
    0x2923, 0x10A2, 0x0841, 0x0861, 0x0861, 0x18C3, 0x2124, 0x2103, 0x0840, 0x0000, 0x0000, 0x0000, 0x0000, 0x0000, 0x0000, 0x0000,
    0x0000, 0x0000, 0x0000, 0x0000, 0x0000, 0x0000, 0x0000, 0x0000, 0x0000, 0x0000, 0x0000, 0x0000, 0x0000, 0x0000, 0x0000, 0x0000,
    0x0000, 0x0000, 0x0000, 0x0000, 0x0000, 0x0000, 0x0000, 0x0000, 0x0000, 0x0000, 0x0000, 0x0000, 0x0000, 0x0000, 0x0000, 0x0000,
    0x0000, 0x0000, 0x0000, 0x0000, 0x0000, 0x0000, 0x0000, 0x0000, 0x0000, 0x0000, 0x0000, 0x0000, 0x0000, 0x0000, 0x0000, 0x0000,
    0x0000, 0x0000, 0x0000, 0x0000, 0x0000, 0x0000, 0x0000, 0x0000, 0x0000, 0x0000, 0x0000, 0x0000, 0x0000, 0x0000, 0x0000, 0x0000,
    0x0000, 0x0000, 0x0000, 0x0000, 0x0000, 0x0000, 0x0000, 0x0000, 0x0000, 0x0000, 0x0000, 0x4A49, 0x94D4, 0x8CB3, 0x94F4, 0x94D4,
    0x9CF4, 0x9D15, 0x9D35, 0x9D35, 0x9D35, 0x9D35, 0x9D35, 0x9D15, 0x9D15, 0x9D15, 0x9D15, 0x9D15, 0x9D35, 0x9D36, 0xA536, 0xA556,
    0xA576, 0xAD97, 0xADB7, 0xB5D8, 0xBDF8, 0xBE39, 0xC67A, 0xCEBB, 0xD6DC, 0xDF1D, 0xE75E, 0xE77E, 0xE77E, 0xE79E, 0xEFBF, 0xF7DF,
    0xF7DF, 0xEFBF, 0xEF9E, 0xEF7E, 0xE75D, 0xE75D, 0xDF1C, 0xCEDB, 0xC67A, 0xC639, 0xB5D7, 0xA535, 0x94F4, 0x8C92, 0x7C10, 0x6BAF,
    0x6B8E, 0x5B2D, 0x4269, 0x39E8, 0x31A7, 0x31A7, 0x2166, 0x2145, 0x2125, 0x2125, 0x2145, 0x10C3, 0x0882, 0x0041, 0x0021, 0x0000,
    0x0000, 0x0020, 0x0000, 0x0020, 0x0021, 0x0021, 0x0021, 0x0020, 0x0020, 0x0021, 0x0021, 0x0021, 0x0021, 0x0020, 0x0020, 0x0020,
    0x0000, 0x0000, 0x0000, 0x0841, 0x0841, 0x0040, 0x0041, 0x10A2, 0x10C3, 0x18E4, 0x2145, 0x2986, 0x39E8, 0x39C8, 0x31C8, 0x3A29,
    0x3A09, 0x31C8, 0x2987, 0x2966, 0x31C8, 0x3A29, 0x426A, 0x3A09, 0x3A09, 0x31A7, 0x2966, 0x2965, 0x2946, 0x2986, 0x2966, 0x2965,
    0x2945, 0x2945, 0x2145, 0x2945, 0x2145, 0x2945, 0x2104, 0x2945, 0x2945, 0x2986, 0x39E8, 0x4209, 0x0861, 0x0040, 0x0020, 0x0020,
    0x0000, 0x1081, 0x3185, 0x62CA, 0x62EA, 0x62CA, 0x62CA, 0x62CA, 0x62CA, 0x62EA, 0x62CA, 0x62CA, 0x62CA, 0x6AEA, 0x5A89, 0x4A28,
    0x6B0B, 0x62EA, 0x6AEA, 0x6AEA, 0x6AEB, 0x6AEB, 0x6AEB, 0x6B0B, 0x6B0B, 0x6B0B, 0x6B0B, 0x6B0B, 0x6B0B, 0x6B0B, 0x6B0B, 0x6B0B,
    0x6B0B, 0x6AEA, 0x6AEA, 0x62EA, 0x62CA, 0x62CA, 0x62A9, 0x5AA9, 0x5268, 0x5268, 0x5248, 0x5248, 0x4A28, 0x4A28, 0x4A28, 0x39C6,
    0x41E7, 0x4A28, 0x4A28, 0x4A08, 0x4A28, 0x4A48, 0x4A48, 0x5269, 0x5289, 0x5289, 0x5ACA, 0x62EB, 0x62EB, 0x62EB, 0x6B4C, 0x83CE,
    0x4A69, 0x10C3, 0x2166, 0x31C7, 0x31E8, 0x29A7, 0x31C8, 0x29A7, 0x2125, 0x2125, 0x1904, 0x18E4, 0x10C3, 0x10C3, 0x10A3, 0x10A3,
    0x10C3, 0x18E4, 0x10A3, 0x18E4, 0x2125, 0x39C7, 0x39C6, 0x3985, 0x3985, 0x2944, 0x20E3, 0x20E3, 0x1081, 0x0020, 0x0000, 0x0000,
    0x0000, 0x0000, 0x0000, 0x0000, 0x0000, 0x0000, 0x0000, 0x0000, 0x0000, 0x0000, 0x0000, 0x0000, 0x0000, 0x0000, 0x0000, 0x0000,
    0x0000, 0x0000, 0x0000, 0x0000, 0x0000, 0x0000, 0x0000, 0x0000, 0x0000, 0x0000, 0x0000, 0x0000, 0x0000, 0x0000, 0x0000, 0x0000,
    0x0000, 0x0000, 0x0000, 0x0000, 0x0000, 0x0000, 0x0000, 0x0000, 0x0000, 0x0000, 0x0000, 0x0000, 0x0000, 0x0000, 0x0000, 0x0000,
    0x0000, 0x0000, 0x0000, 0x0000, 0x0000, 0x0000, 0x0000, 0x0000, 0x0000, 0x0000, 0x0000, 0x0000, 0x0000, 0x0000, 0x0000, 0x0000,
    0x0000, 0x0000, 0x0000, 0x0000, 0x0000, 0x0000, 0x0000, 0x0000, 0x0000, 0x0000, 0x0000, 0x0000, 0x0000, 0x0000, 0x0000, 0x0000,
    0x0000, 0x0000, 0x0000, 0x0000, 0x0000, 0x0000, 0x0000, 0x0000, 0x0000, 0x0000, 0x0000, 0x4A6A, 0x94B3, 0x8CB3, 0x94D4, 0x94B3,
    0x94F4, 0x9D15, 0x9D35, 0x9D35, 0x9D35, 0xA535, 0xA536, 0x9D35, 0xA576, 0xA556, 0xA556, 0xA556, 0xA556, 0xA536, 0xA536, 0x9D56,
    0x9D56, 0x9D36, 0x9D36, 0x9D35, 0x9D35, 0x9D36, 0x9D35, 0x9D35, 0x9D36, 0x9D36, 0x9D36, 0xA556, 0xA556, 0xA556, 0xA577, 0xAD97,
    0xADB7, 0xADB8, 0xB5D8, 0xBE19, 0xBE5A, 0xC67B, 0xCE9B, 0xCEBB, 0xD6FC, 0xDF1D, 0xDF3D, 0xE75D, 0xE77E, 0xEF9E, 0xEFBF, 0xEFBF,
    0xEFBF, 0xEF9F, 0xEF7E, 0xE77E, 0xDF3D, 0xD6DB, 0xCEBB, 0xBE39, 0xB5D7, 0xADB7, 0xA555, 0x94D3, 0x8472, 0x8431, 0x73CF, 0x634D,
    0x5AEC, 0x52CB, 0x4A8A, 0x4229, 0x31C7, 0x31A7, 0x2966, 0x2125, 0x10A3, 0x1904, 0x10A2, 0x0000, 0x0021, 0x0021, 0x0020, 0x0020,
    0x0020, 0x0020, 0x0020, 0x0021, 0x0020, 0x0000, 0x10A2, 0x2145, 0x2125, 0x2966, 0x31A7, 0x31A7, 0x39E8, 0x4249, 0x39E8, 0x31C7,
    0x29A7, 0x31C8, 0x31E8, 0x31C8, 0x29A7, 0x1904, 0x10C3, 0x3A09, 0x39E8, 0x31A7, 0x2966, 0x2125, 0x2966, 0x2945, 0x2965, 0x2124,
    0x2124, 0x2124, 0x2124, 0x2124, 0x2124, 0x2124, 0x2144, 0x2945, 0x2986, 0x2945, 0x2986, 0x39C8, 0x3186, 0x0020, 0x0841, 0x0020,
    0x0000, 0x0861, 0x3164, 0x62CA, 0x62EA, 0x62CA, 0x62CA, 0x62CA, 0x62CA, 0x62CA, 0x62CA, 0x62CA, 0x62CA, 0x62EA, 0x5248, 0x4A07,
    0x6AEA, 0x62C9, 0x62A9, 0x5A89, 0x5A89, 0x5A69, 0x5248, 0x5248, 0x5248, 0x4A28, 0x4A27, 0x4A07, 0x4207, 0x4A07, 0x4A07, 0x4207,
    0x41E7, 0x4207, 0x4207, 0x4A08, 0x4A28, 0x4A48, 0x5269, 0x5269, 0x4A49, 0x5269, 0x528A, 0x5AAA, 0x62CA, 0x62EB, 0x62EB, 0x736D,
    0x734D, 0x736D, 0x736D, 0x736D, 0x736D, 0x736D, 0x736D, 0x736D, 0x736D, 0x734C, 0x734C, 0x734C, 0x734C, 0x6B2C, 0x6B0B, 0x6B2B,
    0x2965, 0x0862, 0x1904, 0x2166, 0x29A7, 0x31E8, 0x29A7, 0x2125, 0x2125, 0x1904, 0x10C3, 0x0882, 0x0882, 0x10A2, 0x10A2, 0x0882,
    0x10A3, 0x10C3, 0x10C3, 0x18E4, 0x2125, 0x0882, 0x0000, 0x0000, 0x0000, 0x0840, 0x1081, 0x0020, 0x0000, 0x0000, 0x0000, 0x0000,
    0x0000, 0x0000, 0x0000, 0x0000, 0x0000, 0x0000, 0x0000, 0x0000, 0x0000, 0x0000, 0x0000, 0x0000, 0x0000, 0x0000, 0x0000, 0x0000,
    0x0000, 0x0000, 0x0000, 0x0000, 0x0000, 0x0000, 0x0000, 0x0000, 0x0000, 0x0000, 0x0000, 0x0000, 0x0000, 0x0000, 0x0000, 0x0000,
    0x0000, 0x0000, 0x0000, 0x0000, 0x0000, 0x0000, 0x0000, 0x0000, 0x0000, 0x0000, 0x0000, 0x0000, 0x0000, 0x0000, 0x0000, 0x0000,
    0x0000, 0x0000, 0x0000, 0x0000, 0x0000, 0x0000, 0x0000, 0x0000, 0x0000, 0x0000, 0x0000, 0x0000, 0x0000, 0x0000, 0x0000, 0x0000,
    0x0000, 0x0000, 0x0000, 0x0000, 0x0000, 0x0000, 0x0000, 0x0000, 0x0000, 0x0000, 0x0000, 0x0000, 0x0000, 0x0000, 0x0000, 0x0000,
    0x0000, 0x0000, 0x0000, 0x0000, 0x0000, 0x0000, 0x0000, 0x0000, 0x0000, 0x0000, 0x0000, 0x528A, 0x94B3, 0x8C92, 0x94D3, 0x8CB3,
    0x9CF4, 0x9D15, 0x9D15, 0x9D15, 0x9D35, 0x9D35, 0x9D15, 0xA536, 0x8472, 0x94F4, 0x9D35, 0x9D35, 0x9D35, 0x9D35, 0x9D35, 0x9D35,
    0x9D35, 0x9D35, 0x9D35, 0x9D35, 0x9D35, 0x9D36, 0x9D36, 0xA536, 0x9D36, 0x9D36, 0xA536, 0xA556, 0x9D36, 0x9D36, 0x9D36, 0x9D36,
    0x9D36, 0x9D35, 0x9D35, 0x9D36, 0x9D36, 0x9D36, 0x9D36, 0x9D36, 0x9D36, 0x9D36, 0x9D36, 0x9D36, 0xA556, 0xA556, 0xA577, 0xAD97,
    0xAD97, 0xAD97, 0xADD8, 0xB5D8, 0xBE19, 0xBE39, 0xBE3A, 0xC65A, 0xC69B, 0xCE9B, 0xCEBB, 0xCEDC, 0xD71D, 0xDF1D, 0xDF3D, 0xDF3D,
    0xDF3E, 0xDF3D, 0xDF1D, 0xDF1D, 0xD71C, 0xD6FC, 0xCEDB, 0xC67A, 0xB5F8, 0xC65A, 0x4229, 0x0882, 0x18E4, 0x10C3, 0x10A3, 0x10A2,
    0x0882, 0x0882, 0x0861, 0x0841, 0x0861, 0x0840, 0x18E3, 0x2986, 0x2966, 0x31A7, 0x39C8, 0x2966, 0x424A, 0x426A, 0x39E8, 0x31A7,
    0x4AAB, 0x634E, 0x5B0D, 0x5B2E, 0x52EC, 0x52ED, 0x31C8, 0x2966, 0x2987, 0x2987, 0x2145, 0x3186, 0x2965, 0x2124, 0x2104, 0x18E3,
    0x18E3, 0x18E3, 0x18E3, 0x1903, 0x1904, 0x2104, 0x2124, 0x2124, 0x2945, 0x2945, 0x2125, 0x2966, 0x2945, 0x0000, 0x0040, 0x0020,
    0x0000, 0x0841, 0x2944, 0x62A9, 0x62CA, 0x62A9, 0x62CA, 0x62CA, 0x62CA, 0x62CA, 0x62EA, 0x62EA, 0x6AEA, 0x734C, 0x5A89, 0x39C6,
    0x4A48, 0x4A28, 0x4A48, 0x4A48, 0x5269, 0x5289, 0x5269, 0x5AAA, 0x5ACB, 0x62EB, 0x62EB, 0x630B, 0x630B, 0x6B2C, 0x734C, 0x734C,
    0x736D, 0x738D, 0x738D, 0x7BAD, 0x7BAD, 0x7B8D, 0x7B8D, 0x7B8D, 0x7B8D, 0x7B8D, 0x736D, 0x736C, 0x734C, 0x734C, 0x732C, 0x6AEB,
    0x6AEB, 0x6AEA, 0x6AEA, 0x62CA, 0x62CA, 0x62CA, 0x62AA, 0x62CA, 0x62CA, 0x62AA, 0x62AA, 0x62CA, 0x62CA, 0x62CA, 0x62EA, 0x62CA,
    0x10C2, 0x1904, 0x2125, 0x1925, 0x2125, 0x2966, 0x2966, 0x1904, 0x2125, 0x18E3, 0x2124, 0x31A6, 0x2124, 0x0861, 0x0861, 0x0882,
    0x10A2, 0x10A3, 0x10C3, 0x1904, 0x18C4, 0x0882, 0x0020, 0x0000, 0x0000, 0x0000, 0x0000, 0x0000, 0x0000, 0x0000, 0x0000, 0x0000,
    0x0000, 0x0000, 0x0000, 0x0000, 0x0000, 0x0000, 0x0000, 0x0000, 0x0000, 0x0000, 0x0000, 0x0000, 0x0000, 0x0000, 0x0000, 0x0000,
    0x0000, 0x0000, 0x0000, 0x0000, 0x0000, 0x0000, 0x0000, 0x0000, 0x0000, 0x0000, 0x0000, 0x0000, 0x0000, 0x0000, 0x0000, 0x0000,
    0x0000, 0x0000, 0x0000, 0x0000, 0x0000, 0x0000, 0x0000, 0x0000, 0x0000, 0x0000, 0x0000, 0x0000, 0x0000, 0x0000, 0x0000, 0x0000,
    0x0000, 0x0000, 0x0000, 0x0000, 0x0000, 0x0000, 0x0000, 0x0000, 0x0000, 0x0000, 0x0000, 0x0000, 0x0000, 0x0000, 0x0000, 0x0000,
    0x0000, 0x0000, 0x0000, 0x0000, 0x0000, 0x0000, 0x0000, 0x0000, 0x0000, 0x0000, 0x0000, 0x0000, 0x0000, 0x0000, 0x0000, 0x0000,
    0x0000, 0x0000, 0x0000, 0x0000, 0x0000, 0x0000, 0x0000, 0x0000, 0x0000, 0x0000, 0x0000, 0x52CB, 0x94D3, 0x8C93, 0x94B4, 0x8C93,
    0x94D4, 0x94F4, 0x94F4, 0x9CF4, 0x9D15, 0x9D15, 0x9D15, 0x9D15, 0x94D4, 0x9D14, 0x9D15, 0x9D15, 0x9D15, 0x9D15, 0x9D15, 0x9D15,
    0x9D15, 0x9D15, 0x9D15, 0x9CF5, 0x9D15, 0x9D15, 0x9D15, 0x9D15, 0x9D15, 0x9D15, 0x9D15, 0x9D35, 0x9D15, 0x9D15, 0x9D35, 0x9D35,
    0x9D35, 0x9D35, 0x9D35, 0x9D36, 0x9D36, 0xA556, 0xA556, 0xA556, 0xA556, 0xA556, 0xA556, 0xA556, 0xA556, 0xA556, 0xA576, 0xA577,
    0xA577, 0xA576, 0xAD97, 0xB5D8, 0xAD97, 0xA576, 0xA576, 0xA576, 0xA576, 0xA576, 0xA576, 0xA556, 0xA576, 0xA576, 0xA577, 0xA577,
    0xA597, 0xA597, 0xAD97, 0xADB7, 0xADB8, 0xADD8, 0xB5F8, 0xB619, 0xB5F8, 0xCE9B, 0x4249, 0x0021, 0x10A3, 0x0862, 0x0041, 0x0041,
    0x0041, 0x0041, 0x0020, 0x18C3, 0x2944, 0x2103, 0x2945, 0x2986, 0x2986, 0x39E8, 0x31A7, 0x31C7, 0x3A08, 0x426A, 0x4A8A, 0x4ACC,
    0x5B0D, 0x530D, 0x5B2E, 0x5B2E, 0x4AAC, 0x426B, 0x426A, 0x2125, 0x2145, 0x2986, 0x2966, 0x3186, 0x2124, 0x10C2, 0x0881, 0x0861,
    0x0882, 0x10A2, 0x10A2, 0x10C2, 0x18E3, 0x1903, 0x2104, 0x2104, 0x2124, 0x2966, 0x2966, 0x2145, 0x2966, 0x1082, 0x0020, 0x0020,
    0x0000, 0x0040, 0x2924, 0x5AA9, 0x7B6D, 0x83AE, 0x83CE, 0x83CE, 0x83EF, 0x8BEF, 0x8BEF, 0x83EF, 0x83CE, 0x83AD, 0x83AD, 0x7BAE,
    0x7B8D, 0x7B8D, 0x7BAD, 0x7B8D, 0x7B8D, 0x7B6D, 0x7B8D, 0x736C, 0x734C, 0x734C, 0x734C, 0x732C, 0x732C, 0x6B2B, 0x6B0B, 0x6B0B,
    0x6AEB, 0x62EA, 0x62EA, 0x62EA, 0x62CA, 0x62CA, 0x62CA, 0x62CA, 0x62CA, 0x62CA, 0x62CA, 0x62CA, 0x62CA, 0x62CA, 0x62CA, 0x62EA,
    0x62EA, 0x62EA, 0x62CA, 0x62CA, 0x62EA, 0x62CA, 0x62EA, 0x6AEA, 0x6AEA, 0x62EA, 0x62CA, 0x62CA, 0x62A9, 0x5A68, 0x5248, 0x2944,
    0x1904, 0x29A7, 0x29A8, 0x3A09, 0x3A2A, 0x2987, 0x2125, 0x1905, 0x18E4, 0x39E7, 0x5AEB, 0x632C, 0x630C, 0x4208, 0x0861, 0x0861,
    0x0882, 0x0882, 0x10A3, 0x10A3, 0x10A3, 0x1904, 0x0841, 0x0000, 0x0000, 0x0000, 0x0000, 0x0000, 0x0000, 0x0000, 0x0000, 0x0000,
    0x0000, 0x0000, 0x0000, 0x0000, 0x0000, 0x0000, 0x0000, 0x0000, 0x0000, 0x0000, 0x0000, 0x0000, 0x0000, 0x0000, 0x0000, 0x0000,
    0x0000, 0x0000, 0x0000, 0x0000, 0x0000, 0x0000, 0x0000, 0x0000, 0x0000, 0x0000, 0x0000, 0x0000, 0x0000, 0x0000, 0x0000, 0x0000,
    0x0000, 0x0000, 0x0000, 0x0000, 0x0000, 0x0000, 0x0000, 0x0000, 0x0000, 0x0000, 0x0000, 0x0000, 0x0000, 0x0000, 0x0000, 0x0000,
    0x0000, 0x0000, 0x0000, 0x0000, 0x0000, 0x0000, 0x0000, 0x0000, 0x0000, 0x0000, 0x0000, 0x0000, 0x0000, 0x0000, 0x0000, 0x0000,
    0x0000, 0x0000, 0x0000, 0x0000, 0x0000, 0x0000, 0x0000, 0x0000, 0x0000, 0x0000, 0x0000, 0x0000, 0x0000, 0x0000, 0x0000, 0x0000,
    0x0000, 0x0000, 0x0000, 0x0000, 0x0000, 0x0000, 0x0000, 0x0000, 0x0000, 0x0000, 0x0000, 0x31A6, 0x8430, 0x8C92, 0x94D4, 0x94D3,
    0x9D14, 0x9D14, 0x9D15, 0x9D14, 0x9D14, 0x9D15, 0x9D15, 0x9CF4, 0x9D15, 0x9D15, 0x9CF4, 0x9CF5, 0x9CF5, 0x94F5, 0x94F5, 0x94F5,
    0x94F4, 0x94F4, 0x94F4, 0x94F4, 0x9CF5, 0x9CF5, 0x9CF5, 0x9CF5, 0x9D15, 0x9D15, 0x9D15, 0x9D15, 0x9D15, 0x9D15, 0x9D15, 0x9D15,
    0x9D15, 0x9D15, 0x9D35, 0x9D15, 0x9D35, 0x9D36, 0x9D35, 0x9D35, 0x9D35, 0x9D36, 0x9D36, 0x9D56, 0x9D36, 0xA556, 0xA556, 0xA556,
    0xA556, 0xA576, 0xA556, 0x94B3, 0xA576, 0xA556, 0xA576, 0xA576, 0xA577, 0xA577, 0xA576, 0xA576, 0xA577, 0xA597, 0xA597, 0xA597,
    0xA597, 0xA597, 0xA597, 0xA577, 0xA576, 0xA576, 0xA577, 0xA577, 0x9D56, 0xB5F8, 0x39C7, 0x0000, 0x0841, 0x0040, 0x0020, 0x0020,
    0x0020, 0x0020, 0x0020, 0x2103, 0x2944, 0x2965, 0x2986, 0x31A7, 0x39E8, 0x39E8, 0x426A, 0x4AAB, 0x3A09, 0x3A08, 0x4AAB, 0x4A8B,
    0x426A, 0x422A, 0x424A, 0x3A29, 0x426A, 0x4A8B, 0x31C8, 0x2145, 0x2105, 0x2145, 0x31A7, 0x2945, 0x10A2, 0x2104, 0x31A6, 0x2965,
    0x10C3, 0x0020, 0x0881, 0x10A2, 0x10A2, 0x18E3, 0x18E3, 0x2104, 0x2104, 0x2966, 0x2145, 0x10A3, 0x3186, 0x3186, 0x0000, 0x0020,
    0x0020, 0x0041, 0x2923, 0x62A9, 0x6B2B, 0x6B0B, 0x6B0B, 0x6B0B, 0x6B0B, 0x6B0B, 0x6B0B, 0x6B0B, 0x6AEB, 0x6AEB, 0x6AEA, 0x6AEB,
    0x6AEA, 0x62EA, 0x62EA, 0x62EA, 0x62CA, 0x62CA, 0x62CA, 0x62CA, 0x62CA, 0x62EA, 0x62EA, 0x62CA, 0x62EA, 0x62EA, 0x62EA, 0x62EA,
    0x62EA, 0x6AEB, 0x6AEB, 0x6AEB, 0x6AEA, 0x62EA, 0x6AEA, 0x6AEA, 0x6AEA, 0x62EA, 0x62CA, 0x6AEA, 0x6AEA, 0x6AEB, 0x6AEA, 0x62EA,
    0x62CA, 0x62CA, 0x62CA, 0x62AA, 0x62AA, 0x5AA9, 0x5A89, 0x5A89, 0x5268, 0x5248, 0x4A07, 0x41C6, 0x3985, 0x2924, 0x10A2, 0x10C3,
    0x2987, 0x2166, 0x2987, 0x29A7, 0x29A8, 0x1905, 0x1925, 0x1904, 0x2145, 0x52CA, 0x4A69, 0x39E7, 0x52AA, 0x632C, 0x39E7, 0x0020,
    0x0862, 0x0882, 0x0862, 0x10A3, 0x10C3, 0x1904, 0x0861, 0x0000, 0x0000, 0x0000, 0x0000, 0x0000, 0x0000, 0x0000, 0x0000, 0x0000,
    0x0000, 0x0000, 0x0000, 0x0000, 0x0000, 0x0000, 0x0000, 0x0000, 0x0000, 0x0000, 0x0000, 0x0000, 0x0000, 0x0000, 0x0000, 0x0000,
    0x0000, 0x0000, 0x0000, 0x0000, 0x0000, 0x0000, 0x0000, 0x0000, 0x0000, 0x0000, 0x0000, 0x0000, 0x0000, 0x0000, 0x0000, 0x0000,
    0x0000, 0x0000, 0x0000, 0x0000, 0x0000, 0x0000, 0x0000, 0x0000, 0x0000, 0x0000, 0x0000, 0x0000, 0x0000, 0x0000, 0x0000, 0x0000,
    0x0000, 0x0000, 0x0000, 0x0000, 0x0000, 0x0000, 0x0000, 0x0000, 0x0000, 0x0000, 0x0000, 0x0000, 0x0000, 0x0000, 0x0000, 0x0000,
    0x0000, 0x0000, 0x0000, 0x0000, 0x0000, 0x0000, 0x0000, 0x0000, 0x0000, 0x0000, 0x0000, 0x0000, 0x0000, 0x0000, 0x0000, 0x0000,
    0x0000, 0x0000, 0x0000, 0x0000, 0x0000, 0x0000, 0x0000, 0x0000, 0x0000, 0x0000, 0x0000, 0x0000, 0x0861, 0x2104, 0x31A6, 0x4A49,
    0x5AEB, 0x738E, 0x7BF0, 0x8C71, 0x94B2, 0x9492, 0x94B3, 0x9D14, 0x9D35, 0x9D35, 0xA535, 0xA535, 0xA535, 0x9D15, 0x9D15, 0x9CF4,
    0x94F4, 0x94F4, 0x94F4, 0x94D4, 0x94F4, 0x94D4, 0x94D4, 0x94D4, 0x94D4, 0x94F4, 0x94F4, 0x94D4, 0x94F4, 0x94F4, 0x94F4, 0x94F4,
    0x9D15, 0x9D15, 0x9D15, 0x9D15, 0x9D15, 0x9D15, 0x9D15, 0x9D15, 0x9D35, 0x9D35, 0x9D35, 0x9D35, 0x9D36, 0x9D36, 0x9D56, 0xA556,
    0xA556, 0xA556, 0x94F4, 0x7C11, 0xA556, 0xA536, 0xA556, 0xA556, 0xA556, 0xA556, 0xA556, 0xA556, 0xA576, 0xA576, 0xA576, 0xA576,
    0xA576, 0xA576, 0xA576, 0xA576, 0xA576, 0xA556, 0xA576, 0xA577, 0xA576, 0xB5F8, 0x31A6, 0x0000, 0x0020, 0x0000, 0x0000, 0x0020,
    0x0041, 0x0020, 0x0040, 0x2123, 0x3165, 0x2965, 0x3186, 0x31C7, 0x39E8, 0x31C7, 0x426A, 0x52EC, 0x4A8B, 0x3A29, 0x5B0D, 0x424A,
    0x2986, 0x31C8, 0x2146, 0x1904, 0x10C3, 0x2987, 0x2966, 0x2125, 0x2125, 0x2966, 0x2145, 0x2104, 0x5ACB, 0x73AE, 0x8410, 0x7C0F,
    0x6B6D, 0x39E7, 0x0040, 0x0861, 0x10A2, 0x10A2, 0x18C3, 0x18E3, 0x2104, 0x2125, 0x2124, 0x2125, 0x2945, 0x2986, 0x0841, 0x0020,
    0x0040, 0x0041, 0x3165, 0x6AEA, 0x62EA, 0x6AEA, 0x6B0B, 0x6B0B, 0x6B0B, 0x6B0B, 0x6B0B, 0x6B0B, 0x6B0A, 0x6B0A, 0x6AEA, 0x6AEA,
    0x6AEA, 0x62EA, 0x62EA, 0x62EA, 0x62EA, 0x62EA, 0x62EA, 0x62CA, 0x62CA, 0x62CA, 0x62CA, 0x62CA, 0x62CA, 0x62CA, 0x62CA, 0x62CA,
    0x62AA, 0x62CA, 0x62CA, 0x62CA, 0x62CA, 0x62CA, 0x62AA, 0x62A9, 0x62A9, 0x62A9, 0x5AA9, 0x5A89, 0x5A89, 0x5A68, 0x5A68, 0x5248,
    0x5227, 0x4A07, 0x49E7, 0x49E6, 0x41C6, 0x39A5, 0x3985, 0x3965, 0x3164, 0x2924, 0x18C2, 0x1081, 0x0841, 0x0041, 0x0882, 0x10C3,
    0x18E4, 0x10C3, 0x10C3, 0x10C3, 0x2125, 0x2125, 0x2125, 0x2145, 0x39E7, 0x4228, 0x5ACB, 0x5AEB, 0x31C6, 0x5AEB, 0x630C, 0x18E3,
    0x0021, 0x0882, 0x0882, 0x0882, 0x10C4, 0x10C3, 0x18E3, 0x0000, 0x0000, 0x0000, 0x0000, 0x0000, 0x0000, 0x0000, 0x0000, 0x0000,
    0x0000, 0x0000, 0x0000, 0x0000, 0x0000, 0x0000, 0x0000, 0x0000, 0x0000, 0x0000, 0x0000, 0x0000, 0x0000, 0x0000, 0x0000, 0x0000,
    0x0000, 0x0000, 0x0000, 0x0000, 0x0000, 0x0000, 0x0000, 0x0000, 0x0000, 0x0000, 0x0000, 0x0000, 0x0000, 0x0000, 0x0000, 0x0000,
    0x0000, 0x0000, 0x0000, 0x0000, 0x0000, 0x0000, 0x0000, 0x0000, 0x0000, 0x0000, 0x0000, 0x0000, 0x0000, 0x0000, 0x0000, 0x0000,
    0x0000, 0x0000, 0x0000, 0x0000, 0x0000, 0x0000, 0x0000, 0x0000, 0x0000, 0x0000, 0x0000, 0x0000, 0x0000, 0x0000, 0x0000, 0x0000,
    0x0000, 0x0000, 0x0000, 0x0000, 0x0000, 0x0000, 0x0000, 0x0000, 0x0000, 0x0000, 0x0000, 0x0000, 0x0000, 0x0000, 0x0000, 0x0000,
    0x0000, 0x0000, 0x0000, 0x0000, 0x0000, 0x0000, 0x0000, 0x0000, 0x0000, 0x0000, 0x0000, 0x0000, 0x0000, 0x0000, 0x0000, 0x0000,
    0x0000, 0x0000, 0x0841, 0x10A2, 0x39A6, 0x5AAA, 0x5269, 0x5289, 0x5289, 0x62EB, 0x6B2C, 0x6B4D, 0x7BAE, 0x8C51, 0x94B3, 0x8C92,
    0x94B2, 0x94B3, 0x94D3, 0x9CF4, 0xA534, 0xA535, 0x9D15, 0x9D35, 0x9D35, 0x9D15, 0x9D15, 0x9D15, 0x9D15, 0x9CF4, 0x94F4, 0x94F4,
    0x94F5, 0x94F5, 0x94F5, 0x9CF5, 0x9CF5, 0x9CF5, 0x9CF5, 0x9CF4, 0x9D15, 0x9D15, 0x9D15, 0x9D15, 0x9D15, 0x9D35, 0x9D35, 0xA536,
    0xA556, 0x9D36, 0xA556, 0xAD97, 0xA556, 0xA536, 0xA536, 0xA556, 0xA556, 0xA556, 0xA556, 0xA556, 0xA556, 0xA576, 0xA576, 0xA556,
    0xA556, 0xA576, 0xA556, 0xA556, 0xA556, 0xA556, 0xA576, 0xA576, 0xA576, 0xADB7, 0x2965, 0x0020, 0x39E7, 0x7B8C, 0x4A68, 0x0841,
    0x0000, 0x0000, 0x0000, 0x2123, 0x2124, 0x2945, 0x31A7, 0x2986, 0x2986, 0x31A7, 0x3A29, 0x632D, 0x424A, 0x4ACB, 0x636E, 0x424A,
    0x3A2A, 0x636F, 0x5B2D, 0x52EC, 0x424A, 0x2146, 0x2146, 0x2125, 0x2966, 0x3186, 0x2945, 0x632D, 0x632C, 0x4A89, 0x4A69, 0x5AEB,
    0x7BEF, 0x7BCE, 0x4228, 0x0020, 0x0882, 0x10A2, 0x10A3, 0x18C3, 0x1904, 0x2104, 0x2104, 0x2125, 0x2945, 0x2945, 0x18C3, 0x0861,
    0x0861, 0x0020, 0x4207, 0x6B0B, 0x62CA, 0x62CA, 0x62EA, 0x62EA, 0x62EA, 0x62EA, 0x62EA, 0x62CA, 0x62CA, 0x62CA, 0x62CA, 0x62CA,
    0x62CA, 0x62CA, 0x62CA, 0x62AA, 0x62C9, 0x62C9, 0x62C9, 0x62A9, 0x5AA9, 0x5AA9, 0x5AA9, 0x5A89, 0x5A89, 0x5A68, 0x5A68, 0x5268,
    0x5248, 0x5248, 0x5227, 0x5248, 0x5227, 0x4A27, 0x4A07, 0x4A06, 0x4A07, 0x49E6, 0x41C6, 0x41C6, 0x39A5, 0x3985, 0x3164, 0x3164,
    0x3144, 0x2924, 0x2924, 0x20E3, 0x18C2, 0x1081, 0x0861, 0x0840, 0x0020, 0x0000, 0x0000, 0x0020, 0x0041, 0x0882, 0x10E4, 0x1925,
    0x1905, 0x2166, 0x31C8, 0x2987, 0x2146, 0x2146, 0x2145, 0x31E8, 0x4A8A, 0x2986, 0x39E7, 0x630B, 0x52CA, 0x4208, 0x6B4D, 0x4228,
    0x0021, 0x1082, 0x10A3, 0x0882, 0x10A3, 0x18C4, 0x1904, 0x0020, 0x0000, 0x0000, 0x0000, 0x0000, 0x0000, 0x0000, 0x0000, 0x0000,
    0x0000, 0x0000, 0x0000, 0x0000, 0x0000, 0x0000, 0x0000, 0x0000, 0x0000, 0x0000, 0x0000, 0x0000, 0x0000, 0x0000, 0x0000, 0x0000,
    0x0000, 0x0000, 0x0000, 0x0000, 0x0000, 0x0000, 0x0000, 0x0000, 0x0000, 0x0000, 0x0000, 0x0000, 0x0000, 0x0000, 0x0000, 0x0000,
    0x0000, 0x0000, 0x0000, 0x0000, 0x0000, 0x0000, 0x0000, 0x0000, 0x0000, 0x0000, 0x0000, 0x0000, 0x0000, 0x0000, 0x0000, 0x0000,
    0x0000, 0x0000, 0x0000, 0x0000, 0x0000, 0x0000, 0x0000, 0x0000, 0x0000, 0x0000, 0x0000, 0x0000, 0x0000, 0x0000, 0x0000, 0x0000,
    0x0000, 0x0000, 0x0000, 0x0000, 0x0000, 0x0000, 0x0000, 0x0000, 0x0000, 0x0000, 0x0000, 0x0000, 0x0000, 0x0000, 0x0000, 0x0000,
    0x0000, 0x0000, 0x0000, 0x0000, 0x0000, 0x0000, 0x0000, 0x0000, 0x0000, 0x0000, 0x0000, 0x0000, 0x0000, 0x0000, 0x0000, 0x0000,
    0x0000, 0x0000, 0x0000, 0x0000, 0x10A2, 0x39C7, 0x2945, 0x10C3, 0x2986, 0x2124, 0x1082, 0x31A6, 0x2104, 0x2924, 0x31A6, 0x2944,
    0x2965, 0x39C7, 0x4A69, 0x4A69, 0x4A69, 0x5ACA, 0x62EB, 0x6B2C, 0x736D, 0x7BEF, 0x8410, 0x8C51, 0x8C92, 0x94B3, 0x9CD3, 0x9CF4,
    0x9D14, 0xA535, 0xA535, 0xA535, 0xA535, 0xA555, 0xA535, 0xA535, 0xA535, 0xA535, 0xA535, 0xA535, 0x9D35, 0x9D35, 0x9D35, 0xA536,
    0x9D35, 0x9D35, 0x9D35, 0x9D35, 0xA535, 0x9D35, 0x9D35, 0x9D35, 0x9D35, 0x9D55, 0x9D35, 0x9D35, 0xA556, 0xA556, 0xA556, 0x9D56,
    0x9D35, 0xA536, 0xA556, 0xA556, 0xA556, 0x9D56, 0xA556, 0xA576, 0xA556, 0xAD96, 0x2125, 0x0000, 0x630A, 0xBD92, 0xB571, 0x8C4E,
    0x6B4A, 0x6B4B, 0x738C, 0x2965, 0x31A6, 0x4A69, 0x4249, 0x4229, 0x4A8A, 0x632D, 0x3A08, 0x52CB, 0x3A09, 0x5B2D, 0x634E, 0x31E9,
    0x530D, 0x532D, 0x5B2E, 0x4AAB, 0x4AAC, 0x29A7, 0x2105, 0x2125, 0x3186, 0x3186, 0x630C, 0x5B0C, 0x5ACB, 0x634D, 0x5B0C, 0x4228,
    0x4248, 0x73CE, 0x7BCE, 0x31A6, 0x0020, 0x10A2, 0x10A2, 0x18C3, 0x18E4, 0x1904, 0x2125, 0x2125, 0x2125, 0x1904, 0x2104, 0x1082,
    0x1082, 0x2124, 0x62CA, 0x62EA, 0x62A9, 0x5AA9, 0x5AA9, 0x5AA9, 0x62A9, 0x62A9, 0x62A9, 0x5AA9, 0x5AA9, 0x5AA9, 0x5A89, 0x5A88,
    0x5A68, 0x5A68, 0x5268, 0x5248, 0x5248, 0x5247, 0x4A27, 0x4A27, 0x4A07, 0x4A07, 0x4A06, 0x49E6, 0x41E6, 0x41C6, 0x41C6, 0x41C6,
    0x39A5, 0x39A5, 0x41E6, 0x3185, 0x3164, 0x3144, 0x2924, 0x2923, 0x2924, 0x2903, 0x20E3, 0x18A2, 0x18A2, 0x2944, 0x2924, 0x18A2,
    0x0861, 0x0841, 0x0000, 0x0000, 0x0000, 0x0000, 0x0000, 0x0000, 0x0000, 0x0020, 0x0041, 0x0861, 0x0862, 0x0862, 0x18E4, 0x2166,
    0x2987, 0x31C8, 0x31E8, 0x31C8, 0x2146, 0x2146, 0x1905, 0x52EC, 0x634E, 0x4249, 0x39E8, 0x528A, 0x6B6D, 0x4249, 0x5AEB, 0x632C,
    0x18C3, 0x0861, 0x0882, 0x0882, 0x0862, 0x0883, 0x10C3, 0x0000, 0x0000, 0x0000, 0x0000, 0x0000, 0x0000, 0x0000, 0x0000, 0x0000,
    0x0000, 0x0000, 0x0000, 0x0000, 0x0000, 0x0000, 0x0000, 0x0000, 0x0000, 0x0000, 0x0000, 0x0000, 0x0000, 0x0000, 0x0000, 0x0000,
    0x0000, 0x0000, 0x0000, 0x0000, 0x0000, 0x0000, 0x0000, 0x0000, 0x0000, 0x0000, 0x0000, 0x0000, 0x0000, 0x0000, 0x0000, 0x0000,
    0x0000, 0x0000, 0x0000, 0x0000, 0x0000, 0x0000, 0x0000, 0x0000, 0x0000, 0x0000, 0x0000, 0x0000, 0x0000, 0x0000, 0x0000, 0x0000,
    0x0000, 0x0000, 0x0000, 0x0000, 0x0000, 0x0000, 0x0000, 0x0000, 0x0000, 0x0000, 0x0000, 0x0000, 0x0000, 0x0000, 0x0000, 0x0000,
    0x0000, 0x0000, 0x0000, 0x0000, 0x0000, 0x0000, 0x0000, 0x0000, 0x0000, 0x0000, 0x0000, 0x0000, 0x0000, 0x0000, 0x0000, 0x0000,
    0x0000, 0x0000, 0x0000, 0x0000, 0x0000, 0x0000, 0x0000, 0x0000, 0x0000, 0x0000, 0x0000, 0x0000, 0x0000, 0x0000, 0x0000, 0x0000,
    0x0000, 0x0000, 0x0000, 0x0000, 0x3186, 0x39C7, 0x2966, 0x528A, 0x528A, 0x2124, 0x4A69, 0x5AEB, 0x18C3, 0x2124, 0x10C3, 0x1904,
    0x1904, 0x2965, 0x4229, 0x0882, 0x0020, 0x0020, 0x0841, 0x39C7, 0x4228, 0x39C7, 0x18C3, 0x1082, 0x1082, 0x10A2, 0x1903, 0x2144,
    0x3186, 0x39C7, 0x4228, 0x4A48, 0x4A69, 0x52AA, 0x5AEB, 0x6B4C, 0x7BCE, 0x83EF, 0x8430, 0x8C71, 0x9492, 0x9CF3, 0x9D14, 0xA514,
    0x9D14, 0x9CF4, 0x9D35, 0xA555, 0xA556, 0xA556, 0xA576, 0xA576, 0xA576, 0xA576, 0xA556, 0xA556, 0xA576, 0xA576, 0xA556, 0x9D55,
    0x9D35, 0x9D35, 0x9D35, 0xA536, 0x9D36, 0x9D35, 0xA556, 0xA556, 0x9D36, 0xA556, 0x1904, 0x0000, 0x5AC9, 0x944E, 0x8C0C, 0x8C2D,
    0x8C2D, 0x9C8D, 0x946D, 0x39C6, 0x4228, 0x4228, 0x3A08, 0x4249, 0x52CB, 0x636E, 0x424A, 0x3A29, 0x426A, 0x3A49, 0x31E8, 0x1905,
    0x2166, 0x2166, 0x2146, 0x31C8, 0x3A09, 0x29A7, 0x2125, 0x2145, 0x3186, 0x4249, 0x39C7, 0x2124, 0x2124, 0x39C7, 0x5B0C, 0x738E,
    0x4A48, 0x4A69, 0x840F, 0x6B8E, 0x10A2, 0x0861, 0x10A2, 0x10C3, 0x18C3, 0x18E4, 0x2104, 0x2125, 0x2125, 0x2945, 0x2124, 0x18C3,
    0x2944, 0x4207, 0x4A27, 0x5248, 0x4A07, 0x49E6, 0x4A06, 0x4A07, 0x4A07, 0x4A07, 0x4A27, 0x5227, 0x4A27, 0x4A06, 0x49E6, 0x41C6,
    0x41C5, 0x41C5, 0x41A5, 0x41A5, 0x39A5, 0x3985, 0x3985, 0x3164, 0x3144, 0x3144, 0x2923, 0x2103, 0x2103, 0x18C2, 0x18C2, 0x1082,
    0x0861, 0x0861, 0x18E3, 0x2945, 0x1081, 0x0840, 0x0840, 0x0020, 0x0020, 0x0861, 0x0841, 0x0861, 0x31A6, 0x4228, 0x3185, 0x2965,
    0x2124, 0x18C3, 0x10A3, 0x0882, 0x0861, 0x0041, 0x0020, 0x0020, 0x0020, 0x0041, 0x0862, 0x1082, 0x10A3, 0x10A3, 0x10C4, 0x18E4,
    0x10C3, 0x18E4, 0x10C4, 0x1904, 0x2125, 0x2125, 0x31A7, 0x6BD1, 0x7411, 0x5AEC, 0x4A69, 0x4249, 0x6B8D, 0x632D, 0x4A8A, 0x73CF,
    0x31A6, 0x0041, 0x08A2, 0x0882, 0x10A3, 0x10A3, 0x10C3, 0x0040, 0x0000, 0x0000, 0x0000, 0x0000, 0x0000, 0x0000, 0x0000, 0x0000,
    0x0000, 0x0000, 0x0000, 0x0000, 0x0000, 0x0000, 0x0000, 0x0000, 0x0000, 0x0000, 0x0000, 0x0000, 0x0000, 0x0000, 0x0000, 0x0000,
    0x0000, 0x0000, 0x0000, 0x0000, 0x0000, 0x0000, 0x0000, 0x0000, 0x0000, 0x0000, 0x0000, 0x0000, 0x0000, 0x0000, 0x0000, 0x0000,
    0x0000, 0x0000, 0x0000, 0x0000, 0x0000, 0x0000, 0x0000, 0x0000, 0x0000, 0x0000, 0x0000, 0x0000, 0x0000, 0x0000, 0x0000, 0x0000,
    0x0000, 0x0000, 0x0000, 0x0000, 0x0000, 0x0000, 0x0000, 0x0000, 0x0000, 0x0000, 0x0000, 0x0000, 0x0000, 0x0000, 0x0000, 0x0000,
    0x0000, 0x0000, 0x0000, 0x0000, 0x0000, 0x0000, 0x0000, 0x0000, 0x0000, 0x0000, 0x0000, 0x0000, 0x0000, 0x0000, 0x0000, 0x0000,
    0x0000, 0x0000, 0x0000, 0x0000, 0x0000, 0x0000, 0x0000, 0x0000, 0x0000, 0x0000, 0x0000, 0x0000, 0x0000, 0x0000, 0x0000, 0x0000,
    0x0000, 0x0000, 0x0000, 0x0000, 0x10A2, 0x2145, 0x4208, 0x5AEB, 0x4249, 0x2945, 0x4A49, 0x4228, 0x2966, 0x4A6A, 0x31C7, 0x2945,
    0x18E3, 0x2945, 0x2965, 0x0020, 0x0041, 0x0041, 0x10A3, 0x4A6A, 0x5AEB, 0x4249, 0x2986, 0x10C3, 0x0020, 0x0020, 0x0000, 0x0020,
    0x0021, 0x0000, 0x0000, 0x0000, 0x0000, 0x0000, 0x0000, 0x20E2, 0x3143, 0x3984, 0x2943, 0x0861, 0x10A2, 0x18E3, 0x2924, 0x2945,
    0x39C6, 0x62C9, 0x5268, 0x5AA9, 0x630B, 0x630B, 0x5AEB, 0x6B6D, 0x73AE, 0x7BEF, 0x8430, 0x8C51, 0x9492, 0x94B2, 0x9CF3, 0x9D14,
    0xA514, 0xA555, 0xA556, 0xAD76, 0xA576, 0xA556, 0xAD76, 0xAD76, 0xAD97, 0xA555, 0x18E3, 0x4A89, 0x736C, 0x736C, 0x7B8C, 0x736B,
    0x736A, 0x7B8A, 0x7B8B, 0x41E7, 0x39E7, 0x31C7, 0x4228, 0x3A08, 0x52EC, 0x4AAB, 0x3A49, 0x5B4E, 0x5B4D, 0x31C7, 0x2146, 0x2966,
    0x29A7, 0x2987, 0x2966, 0x2125, 0x1905, 0x2966, 0x2146, 0x2946, 0x39C7, 0x4A8A, 0x4AAB, 0x4AAB, 0x3A08, 0x2145, 0x31C6, 0x632C,
    0x73AE, 0x3A07, 0x632C, 0x8430, 0x4248, 0x0041, 0x10A2, 0x10A2, 0x18C3, 0x18E4, 0x2125, 0x2104, 0x2125, 0x2104, 0x10A2, 0x0862,
    0x1081, 0x0861, 0x0020, 0x1081, 0x41C6, 0x4A27, 0x5227, 0x4A07, 0x4A07, 0x4A07, 0x4A06, 0x39C6, 0x3164, 0x2923, 0x2103, 0x20E3,
    0x18C2, 0x18C2, 0x1082, 0x1081, 0x1061, 0x0841, 0x0840, 0x0020, 0x0020, 0x0020, 0x0000, 0x0000, 0x0000, 0x0000, 0x0000, 0x0000,
    0x0000, 0x0000, 0x0000, 0x0881, 0x18E3, 0x2103, 0x18E3, 0x0841, 0x0040, 0x10C3, 0x0882, 0x1082, 0x31A6, 0x4228, 0x2944, 0x2145,
    0x2104, 0x10C3, 0x2124, 0x18E3, 0x10A3, 0x0841, 0x0000, 0x0000, 0x0021, 0x0861, 0x0882, 0x10C3, 0x1904, 0x2145, 0x1925, 0x1904,
    0x2146, 0x29A7, 0x2166, 0x1904, 0x18E4, 0x2125, 0x4A8B, 0x7432, 0x530E, 0x634E, 0x52EC, 0x3A08, 0x632C, 0x7BF0, 0x52CB, 0x7BEF,
    0x4269, 0x0841, 0x10C3, 0x08A3, 0x10A3, 0x10A3, 0x18E4, 0x0882, 0x0000, 0x0000, 0x0000, 0x0000, 0x0000, 0x0000, 0x0000, 0x0000,
    0x0000, 0x0000, 0x0000, 0x0000, 0x0000, 0x0000, 0x0000, 0x0000, 0x0000, 0x0000, 0x0000, 0x0000, 0x0000, 0x0000, 0x0000, 0x0000,
    0x0000, 0x0000, 0x0000, 0x0000, 0x0000, 0x0000, 0x0000, 0x0000, 0x0000, 0x0000, 0x0000, 0x0000, 0x0000, 0x0000, 0x0000, 0x0000,
    0x0000, 0x0000, 0x0000, 0x0000, 0x0000, 0x0000, 0x0000, 0x0000, 0x0000, 0x0000, 0x0000, 0x0000, 0x0000, 0x0000, 0x0000, 0x0000,
    0x0000, 0x0000, 0x0000, 0x0000, 0x0000, 0x0000, 0x0000, 0x0000, 0x0000, 0x0000, 0x0000, 0x0000, 0x0000, 0x0000, 0x0000, 0x0000,
    0x0000, 0x0000, 0x0000, 0x0000, 0x0000, 0x0000, 0x0000, 0x0000, 0x0000, 0x0000, 0x0000, 0x0000, 0x0000, 0x0000, 0x0000, 0x0000,
    0x0000, 0x0000, 0x0000, 0x0000, 0x0000, 0x0000, 0x0000, 0x0000, 0x0000, 0x0000, 0x0000, 0x0000, 0x0000, 0x0000, 0x0000, 0x0000,
    0x0000, 0x0000, 0x0000, 0x0000, 0x2965, 0x4A6A, 0x39E7, 0x528A, 0x39E8, 0x4A69, 0x4228, 0x18E3, 0x4229, 0x4A69, 0x2986, 0x18E3,
    0x10A2, 0x10A3, 0x2965, 0x2965, 0x1904, 0x0041, 0x3A07, 0x528A, 0x4A8A, 0x3A08, 0x39E7, 0x2125, 0x0861, 0x0882, 0x10A2, 0x10A2,
    0x0861, 0x0021, 0x0021, 0x0021, 0x0021, 0x0020, 0x0020, 0x2103, 0x2943, 0x2123, 0x10A2, 0x0000, 0x0000, 0x0000, 0x0000, 0x0000,
    0x1061, 0x39A5, 0x2923, 0x2923, 0x2923, 0x2944, 0x2124, 0x0841, 0x0000, 0x0841, 0x0841, 0x2103, 0x4A69, 0x4207, 0x3185, 0x39C6,
    0x4228, 0x39C7, 0x39E7, 0x4A69, 0x52AA, 0x5AEB, 0x6B6D, 0x7BCE, 0x8410, 0x630C, 0x7BAE, 0xAD75, 0xA534, 0xA533, 0xAD54, 0xAD74,
    0xB573, 0xA511, 0x8C2F, 0x39C7, 0x39E8, 0x31A7, 0x2986, 0x2986, 0x4249, 0x29A7, 0x52EC, 0x5B4D, 0x424A, 0x31E8, 0x4A8B, 0x4ACC,
    0x4AAC, 0x426B, 0x52CC, 0x31E8, 0x2145, 0x2145, 0x2966, 0x2966, 0x3A08, 0x5B0D, 0x7411, 0x7C11, 0x5B0C, 0x4249, 0x39C7, 0x4A49,
    0x7BCE, 0x630C, 0x4A48, 0x8430, 0x6B8D, 0x10A2, 0x1082, 0x10A3, 0x18E3, 0x18E4, 0x1904, 0x2125, 0x1904, 0x10C3, 0x2104, 0x0841,
    0x0020, 0x0040, 0x0041, 0x0020, 0x1081, 0x18E3, 0x18C2, 0x10A2, 0x10A2, 0x1081, 0x0861, 0x0840, 0x0020, 0x0020, 0x0000, 0x0000,
    0x0000, 0x0000, 0x0000, 0x0000, 0x0000, 0x0020, 0x0000, 0x0020, 0x0020, 0x0020, 0x0020, 0x0020, 0x0020, 0x0020, 0x0020, 0x0020,
    0x0000, 0x0000, 0x0020, 0x0000, 0x0000, 0x1082, 0x10A2, 0x0861, 0x0020, 0x0882, 0x10A2, 0x0861, 0x18C2, 0x2924, 0x2945, 0x2124,
    0x18E3, 0x18C3, 0x18E3, 0x18C3, 0x10A2, 0x0841, 0x0020, 0x0020, 0x0021, 0x0041, 0x0882, 0x10E4, 0x1924, 0x2166, 0x2146, 0x29A7,
    0x2987, 0x29A8, 0x31E8, 0x2166, 0x10E4, 0x2125, 0x73F1, 0x5B4F, 0x7411, 0xB619, 0x8493, 0x52EB, 0x5B0C, 0x8451, 0x5AEC, 0x7C10,
    0x5B0C, 0x0862, 0x18E4, 0x10E3, 0x10C3, 0x10A3, 0x10C3, 0x0861, 0x0000, 0x0000, 0x0000, 0x0000, 0x0000, 0x0000, 0x0000, 0x0000,
    0x0000, 0x0000, 0x0000, 0x0000, 0x0000, 0x0000, 0x0000, 0x0000, 0x0000, 0x0000, 0x0000, 0x0000, 0x0000, 0x0000, 0x0000, 0x0000,
    0x0000, 0x0000, 0x0000, 0x0000, 0x0000, 0x0000, 0x0000, 0x0000, 0x0000, 0x0000, 0x0000, 0x0000, 0x0000, 0x0000, 0x0000, 0x0000,
    0x0000, 0x0000, 0x0000, 0x0000, 0x0000, 0x0000, 0x0000, 0x0000, 0x0000, 0x0000, 0x0000, 0x0000, 0x0000, 0x0000, 0x0000, 0x0000,
    0x0000, 0x0000, 0x0000, 0x0000, 0x0000, 0x0000, 0x0000, 0x0000, 0x0000, 0x0000, 0x0000, 0x0000, 0x0000, 0x0000, 0x0000, 0x0000,
    0x0000, 0x0000, 0x0000, 0x0000, 0x0000, 0x0000, 0x0000, 0x0000, 0x0000, 0x0000, 0x0000, 0x0000, 0x0000, 0x0000, 0x0000, 0x0000,
    0x0000, 0x0000, 0x0000, 0x0000, 0x0000, 0x0000, 0x0000, 0x0000, 0x0000, 0x0000, 0x0000, 0x0000, 0x0000, 0x0000, 0x0000, 0x0000,
    0x0000, 0x0000, 0x0000, 0x0020, 0x31A6, 0x4A49, 0x4208, 0x39C7, 0x2145, 0x4249, 0x4A69, 0x2125, 0x4A6A, 0x4229, 0x2124, 0x1082,
    0x1082, 0x4229, 0x73AF, 0x632C, 0x18E3, 0x2145, 0x528A, 0x4A49, 0x4A49, 0x4228, 0x31C7, 0x10C3, 0x0861, 0x0882, 0x0862, 0x0041,
    0x0020, 0x0020, 0x0020, 0x0020, 0x0020, 0x0020, 0x0000, 0x0000, 0x0020, 0x0000, 0x0000, 0x0000, 0x0000, 0x0000, 0x0020, 0x0041,
    0x0041, 0x0841, 0x10A2, 0x0862, 0x0041, 0x10C3, 0x3A07, 0x0882, 0x0000, 0x0000, 0x0861, 0x3A07, 0x4228, 0x3A07, 0x18E3, 0x0000,
    0x0000, 0x0000, 0x0000, 0x10A2, 0x0000, 0x0000, 0x0000, 0x0000, 0x0020, 0x7BCE, 0xB5B6, 0xA534, 0xA533, 0xB5B5, 0xB5B5, 0x9CF3,
    0x630B, 0x2944, 0x2965, 0x4248, 0x4249, 0x31C7, 0x3A08, 0x39E8, 0x2986, 0x3A08, 0x634D, 0x5B2D, 0x31E8, 0x4AAB, 0x4A8B, 0x52EC,
    0x426B, 0x426A, 0x428B, 0x3A09, 0x18E4, 0x2104, 0x2145, 0x2987, 0x424A, 0x8473, 0x9D57, 0x6BAF, 0x5B0C, 0x52CB, 0x52AA, 0x4208,
    0x632C, 0x7BEF, 0x4248, 0x73AE, 0x8430, 0x3186, 0x0861, 0x18C3, 0x18E3, 0x2104, 0x2104, 0x2125, 0x18E4, 0x18E3, 0x18C3, 0x0021,
    0x0861, 0x0861, 0x0861, 0x0861, 0x0841, 0x0020, 0x0000, 0x0020, 0x0020, 0x0020, 0x0020, 0x0020, 0x0041, 0x0041, 0x0020, 0x0020,
    0x0020, 0x0020, 0x0020, 0x0020, 0x0020, 0x0020, 0x0020, 0x0020, 0x0020, 0x0020, 0x0020, 0x0020, 0x0020, 0x0000, 0x0020, 0x0020,
    0x0000, 0x0000, 0x0000, 0x0020, 0x0020, 0x0000, 0x0020, 0x0882, 0x0861, 0x0861, 0x1082, 0x0041, 0x0000, 0x0000, 0x0000, 0x0020,
    0x0020, 0x0000, 0x0000, 0x0000, 0x0000, 0x0000, 0x0021, 0x0020, 0x0021, 0x0861, 0x0862, 0x0882, 0x10C3, 0x2145, 0x2146, 0x29A7,
    0x2987, 0x31A8, 0x2987, 0x1905, 0x1904, 0x31A7, 0x7C52, 0x4ACC, 0xC6BC, 0xDF9F, 0xD73E, 0x9D55, 0x634D, 0x8472, 0x6B8E, 0x7C10,
    0x73CF, 0x10A3, 0x1904, 0x10E4, 0x10C3, 0x10C3, 0x18E4, 0x0041, 0x0000, 0x0000, 0x0000, 0x0000, 0x0000, 0x0000, 0x0000, 0x0000,
    0x0000, 0x0000, 0x0000, 0x0000, 0x0000, 0x0000, 0x0000, 0x0000, 0x0000, 0x0000, 0x0000, 0x0000, 0x0000, 0x0000, 0x0000, 0x0000,
    0x0000, 0x0000, 0x0000, 0x0000, 0x0000, 0x0000, 0x0000, 0x0000, 0x0000, 0x0000, 0x0000, 0x0000, 0x0000, 0x0000, 0x0000, 0x0000,
    0x0000, 0x0000, 0x0000, 0x0000, 0x0000, 0x0000, 0x0000, 0x0000, 0x0000, 0x0000, 0x0000, 0x0000, 0x0000, 0x0000, 0x0000, 0x0000,
    0x0000, 0x0000, 0x0000, 0x0000, 0x0000, 0x0000, 0x0000, 0x0000, 0x0000, 0x0000, 0x0000, 0x0000, 0x0000, 0x0000, 0x0000, 0x0000,
    0x0000, 0x0000, 0x0000, 0x0000, 0x0000, 0x0000, 0x0000, 0x0000, 0x0000, 0x0000, 0x0000, 0x0000, 0x0000, 0x0000, 0x0000, 0x0000,
    0x0000, 0x0000, 0x0000, 0x0000, 0x0000, 0x0000, 0x0000, 0x0000, 0x0000, 0x0000, 0x0000, 0x0000, 0x0000, 0x0000, 0x0000, 0x0000,
    0x0000, 0x0000, 0x0000, 0x18C3, 0x39C7, 0x4A69, 0x4A6A, 0x31A7, 0x39E7, 0x31E7, 0x31A6, 0x2966, 0x31A6, 0x1904, 0x2125, 0x10C3,
    0x18E3, 0x6B6D, 0x7BEF, 0x31C6, 0x10C3, 0x4248, 0x5AEB, 0x4A69, 0x4A8A, 0x2985, 0x0041, 0x0000, 0x0041, 0x0020, 0x0020, 0x0020,
    0x0000, 0x0000, 0x0000, 0x0000, 0x0000, 0x0000, 0x0020, 0x0020, 0x0041, 0x1082, 0x10A3, 0x18E4, 0x1904, 0x2125, 0x2145, 0x18E4,
    0x10C3, 0x1082, 0x0862, 0x0041, 0x0000, 0x2965, 0x2104, 0x0000, 0x1082, 0x0862, 0x31A6, 0x4228, 0x3A08, 0x4A69, 0x39E8, 0x1082,
    0x0000, 0x0020, 0x0861, 0x5B0C, 0x18E3, 0x0000, 0x0020, 0x0020, 0x7BCF, 0x8C71, 0x4A48, 0x738D, 0x9491, 0x6B6C, 0x2965, 0x0841,
    0x0840, 0x0881, 0x18E3, 0x4A69, 0x4249, 0x4AAA, 0x52AB, 0x426A, 0x4A6A, 0x39E8, 0x52EC, 0x52EC, 0x29A7, 0x4AAB, 0x4AAB, 0x428B,
    0x3A09, 0x424A, 0x31E8, 0x2987, 0x2125, 0x2105, 0x2966, 0x2146, 0x8493, 0xBE9C, 0x636F, 0x31C8, 0x2966, 0x4A8A, 0x4A6A, 0x528A,
    0x5AEB, 0x8450, 0x632C, 0x630C, 0x8C71, 0x52AA, 0x0861, 0x18C3, 0x18E4, 0x1904, 0x2125, 0x2125, 0x2125, 0x1904, 0x18E4, 0x10C3,
    0x0000, 0x0020, 0x0020, 0x0040, 0x0841, 0x0861, 0x0861, 0x0861, 0x0861, 0x0841, 0x0041, 0x0041, 0x0041, 0x0041, 0x0040, 0x0041,
    0x0041, 0x0020, 0x0020, 0x0020, 0x0020, 0x0020, 0x0020, 0x0020, 0x0020, 0x0020, 0x0020, 0x0020, 0x0020, 0x0020, 0x0020, 0x0000,
    0x0000, 0x0000, 0x0020, 0x0020, 0x0020, 0x0020, 0x0040, 0x0861, 0x0861, 0x0861, 0x10A3, 0x10C3, 0x0041, 0x0000, 0x0000, 0x0000,
    0x0000, 0x0000, 0x0000, 0x0000, 0x0000, 0x0020, 0x0041, 0x0041, 0x0861, 0x0882, 0x10A3, 0x10C4, 0x10C4, 0x10C4, 0x10C4, 0x18E4,
    0x18E4, 0x18E4, 0x10C3, 0x10E4, 0x10C3, 0x3A29, 0x7411, 0x6BD0, 0xDF7F, 0xCEFD, 0xCEDD, 0x9514, 0x6B8E, 0x7C31, 0x73F0, 0x73D0,
    0x7C31, 0x10C3, 0x10E4, 0x18E4, 0x1904, 0x0882, 0x10E4, 0x10A3, 0x0000, 0x0000, 0x0000, 0x0000, 0x0000, 0x0000, 0x0000, 0x0000,
    0x0000, 0x0000, 0x0000, 0x0000, 0x0000, 0x0000, 0x0000, 0x0000, 0x0000, 0x0000, 0x0000, 0x0000, 0x0000, 0x0000, 0x0000, 0x0000,
    0x0000, 0x0000, 0x0000, 0x0000, 0x0000, 0x0000, 0x0000, 0x0000, 0x0000, 0x0000, 0x0000, 0x0000, 0x0000, 0x0000, 0x0000, 0x0000,
    0x0000, 0x0000, 0x0000, 0x0000, 0x0000, 0x0000, 0x0000, 0x0000, 0x0000, 0x0000, 0x0000, 0x0000, 0x0000, 0x0000, 0x0000, 0x0000,
    0x0000, 0x0000, 0x0000, 0x0000, 0x0000, 0x0000, 0x0000, 0x0000, 0x0000, 0x0000, 0x0000, 0x0000, 0x0000, 0x0000, 0x0000, 0x0000,
    0x0000, 0x0000, 0x0000, 0x0000, 0x0000, 0x0000, 0x0000, 0x0000, 0x0000, 0x0000, 0x0000, 0x0000, 0x0000, 0x0000, 0x0000, 0x0000,
    0x0000, 0x0000, 0x0000, 0x0000, 0x0000, 0x0000, 0x0000, 0x0000, 0x0000, 0x0000, 0x0000, 0x0000, 0x0000, 0x0000, 0x0000, 0x0000,
    0x0000, 0x0000, 0x0000, 0x18C3, 0x31A7, 0x4208, 0x4A69, 0x2966, 0x4A8A, 0x3A08, 0x2145, 0x4A69, 0x39E8, 0x31C7, 0x31A7, 0x2125,
    0x2104, 0x52A9, 0x5AAA, 0x31A6, 0x2103, 0x4207, 0x6B4C, 0x4A49, 0x2144, 0x0041, 0x0882, 0x10A2, 0x0882, 0x0861, 0x0020, 0x0041,
    0x0862, 0x0882, 0x10C3, 0x10E3, 0x1904, 0x2125, 0x2145, 0x2145, 0x2966, 0x2966, 0x2145, 0x1904, 0x10E3, 0x10C3, 0x0882, 0x0041,
    0x0041, 0x0041, 0x0041, 0x0020, 0x1924, 0x6B6D, 0x5AEB, 0x4208, 0x18E3, 0x2965, 0x4A69, 0x3A07, 0x4208, 0x4A6A, 0x632C, 0x39E8,
    0x0000, 0x0020, 0x0040, 0x2104, 0x2124, 0x18E3, 0x0000, 0x0040, 0x4228, 0x0841, 0x0000, 0x2945, 0x2124, 0x0000, 0x0000, 0x0040,
    0x0882, 0x0861, 0x2986, 0x4249, 0x39E8, 0x4A6A, 0x4229, 0x424A, 0x52EC, 0x424A, 0x426A, 0x426A, 0x2966, 0x29A7, 0x2166, 0x2145,
    0x2125, 0x1905, 0x2105, 0x2146, 0x2125, 0x2125, 0x2145, 0x424A, 0xC6DD, 0x9D98, 0x3A2A, 0x73F1, 0x8473, 0x6BD0, 0x4A6A, 0x528A,
    0x632C, 0x8451, 0x7BCF, 0x52CB, 0x8C92, 0x6B8E, 0x1082, 0x18C3, 0x18E4, 0x18E4, 0x2105, 0x2105, 0x2125, 0x2125, 0x1904, 0x18E4,
    0x0000, 0x0020, 0x0000, 0x0000, 0x0000, 0x0000, 0x0020, 0x0020, 0x0040, 0x0841, 0x0861, 0x0861, 0x0861, 0x0861, 0x0841, 0x0841,
    0x0841, 0x0041, 0x0020, 0x0020, 0x0020, 0x0020, 0x0000, 0x0020, 0x0020, 0x0020, 0x0020, 0x0020, 0x0020, 0x0020, 0x0020, 0x0000,
    0x0000, 0x0000, 0x0020, 0x0021, 0x0841, 0x0841, 0x0841, 0x0841, 0x0862, 0x0861, 0x1082, 0x18E4, 0x2124, 0x10A2, 0x0000, 0x0000,
    0x0000, 0x0000, 0x0000, 0x0000, 0x0000, 0x0021, 0x0021, 0x0020, 0x0041, 0x0882, 0x18C3, 0x1905, 0x1905, 0x1905, 0x1905, 0x2146,
    0x31C7, 0x29C7, 0x2166, 0x1904, 0x18E4, 0x31C7, 0x3A08, 0x8493, 0xCEFD, 0xD73E, 0xBE5A, 0x73CE, 0x6B4C, 0x7C10, 0x8472, 0x7410,
    0x8CB3, 0x1925, 0x10C4, 0x1925, 0x10C4, 0x0862, 0x0882, 0x0862, 0x0000, 0x0000, 0x0000, 0x0000, 0x0000, 0x0000, 0x0000, 0x0000,
    0x0000, 0x0000, 0x0000, 0x0000, 0x0000, 0x0000, 0x0000, 0x0000, 0x0000, 0x0000, 0x0000, 0x0000, 0x0000, 0x0000, 0x0000, 0x0000,
    0x0000, 0x0000, 0x0000, 0x0000, 0x0000, 0x0000, 0x0000, 0x0000, 0x0000, 0x0000, 0x0000, 0x0000, 0x0000, 0x0000, 0x0000, 0x0000,
    0x0000, 0x0000, 0x0000, 0x0000, 0x0000, 0x0000, 0x0000, 0x0000, 0x0000, 0x0000, 0x0000, 0x0000, 0x0000, 0x0000, 0x0000, 0x0000,
    0x0000, 0x0000, 0x0000, 0x0000, 0x0000, 0x0000, 0x0000, 0x0000, 0x0000, 0x0000, 0x0000, 0x0000, 0x0000, 0x0000, 0x0000, 0x0000,
    0x0000, 0x0000, 0x0000, 0x0000, 0x0000, 0x0000, 0x0000, 0x0000, 0x0000, 0x0000, 0x0000, 0x0000, 0x0000, 0x0000, 0x0000, 0x0000,
    0x0000, 0x0000, 0x0000, 0x0000, 0x0000, 0x0000, 0x0000, 0x0000, 0x0000, 0x0000, 0x0000, 0x0000, 0x0000, 0x0000, 0x0000, 0x0000,
    0x0000, 0x0000, 0x0000, 0x0000, 0x39C7, 0x52AA, 0x4208, 0x2966, 0x4A6A, 0x39E8, 0x2986, 0x4249, 0x31C7, 0x31A6, 0x2145, 0x10C3,
    0x10A2, 0x3185, 0x4A28, 0x31A6, 0x2124, 0x3185, 0x39C6, 0x2124, 0x2124, 0x2104, 0x3186, 0x31A6, 0x18C3, 0x0882, 0x0861, 0x1904,
    0x2966, 0x2124, 0x1904, 0x18E4, 0x10C3, 0x08A2, 0x0882, 0x0862, 0x0041, 0x0021, 0x0041, 0x0020, 0x0020, 0x0841, 0x0841, 0x0021,
    0x0041, 0x0041, 0x0861, 0x0020, 0x528A, 0x6B8E, 0x73AE, 0x4228, 0x0021, 0x4229, 0x5ACB, 0x3A08, 0x39E7, 0x52AA, 0x5AEC, 0x10A2,
    0x0000, 0x0000, 0x0020, 0x0000, 0x0841, 0x0861, 0x0000, 0x0020, 0x0000, 0x0000, 0x0040, 0x0000, 0x0000, 0x0020, 0x0020, 0x0020,
    0x0020, 0x0020, 0x2966, 0x3A08, 0x31A7, 0x39E8, 0x31C7, 0x31E8, 0x52CC, 0x52EC, 0x3A08, 0x426A, 0x52EC, 0x424A, 0x3A08, 0x3A49,
    0x4249, 0x3A09, 0x31C8, 0x2125, 0x2125, 0x2946, 0x2125, 0x8452, 0xDF7F, 0x7432, 0x638F, 0xD73E, 0xBE9C, 0xC6BC, 0x9D15, 0x4A8A,
    0x632C, 0x8451, 0x8451, 0x52CB, 0x8C92, 0x7C30, 0x18E4, 0x18C3, 0x1904, 0x1904, 0x2105, 0x2125, 0x2986, 0x2966, 0x2145, 0x2145,
    0x1082, 0x0000, 0x0020, 0x0020, 0x0000, 0x0000, 0x0000, 0x0000, 0x0000, 0x0000, 0x0000, 0x0020, 0x0041, 0x0861, 0x0861, 0x0861,
    0x0841, 0x0041, 0x0020, 0x0020, 0x0020, 0x0020, 0x0000, 0x0000, 0x0020, 0x0020, 0x0020, 0x0020, 0x0020, 0x0020, 0x0000, 0x0000,
    0x0000, 0x0000, 0x0020, 0x0021, 0x0861, 0x0882, 0x10A2, 0x18E3, 0x1082, 0x10A2, 0x0882, 0x10A2, 0x1904, 0x2965, 0x2104, 0x10A2,
    0x0041, 0x0000, 0x0000, 0x0000, 0x0000, 0x0000, 0x0041, 0x0020, 0x0861, 0x0882, 0x10A3, 0x1904, 0x1925, 0x2145, 0x2125, 0x2166,
    0x3A09, 0x2166, 0x1925, 0x1904, 0x1904, 0x2986, 0x4A8A, 0x8C92, 0x94F3, 0xADD7, 0xA514, 0x840F, 0x630B, 0x73EF, 0x8CD3, 0x7431,
    0x8CB4, 0x2166, 0x10E4, 0x2145, 0x1925, 0x10A3, 0x10A3, 0x0861, 0x0000, 0x0000, 0x0000, 0x0000, 0x0000, 0x0000, 0x0000, 0x0000,
    0x0000, 0x0000, 0x0000, 0x0000, 0x0000, 0x0000, 0x0000, 0x0000, 0x0000, 0x0000, 0x0000, 0x0000, 0x0000, 0x0000, 0x0000, 0x0000,
    0x0000, 0x0000, 0x0000, 0x0000, 0x0000, 0x0000, 0x0000, 0x0000, 0x0000, 0x0000, 0x0000, 0x0000, 0x0000, 0x0000, 0x0000, 0x0000,
    0x0000, 0x0000, 0x0000, 0x0000, 0x0000, 0x0000, 0x0000, 0x0000, 0x0000, 0x0000, 0x0000, 0x0000, 0x0000, 0x0000, 0x0000, 0x0000,
    0x0000, 0x0000, 0x0000, 0x0000, 0x0000, 0x0000, 0x0000, 0x0000, 0x0000, 0x0000, 0x0000, 0x0000, 0x0000, 0x0000, 0x0000, 0x0000,
    0x0000, 0x0000, 0x0000, 0x0000, 0x0000, 0x0000, 0x0000, 0x0000, 0x0000, 0x0000, 0x0000, 0x0000, 0x0000, 0x0000, 0x0000, 0x0000,
    0x0000, 0x0000, 0x0000, 0x0000, 0x0000, 0x0000, 0x0000, 0x0000, 0x0000, 0x0000, 0x0000, 0x0000, 0x0000, 0x0000, 0x0000, 0x0000,
    0x0000, 0x0000, 0x0000, 0x0861, 0x39E8, 0x39E7, 0x2965, 0x31C7, 0x4A6A, 0x2986, 0x2125, 0x4249, 0x2125, 0x2125, 0x2145, 0x10C3,
    0x18C3, 0x0882, 0x18E3, 0x31A6, 0x2965, 0x2103, 0x2124, 0x2124, 0x2945, 0x2104, 0x2144, 0x2965, 0x0861, 0x0020, 0x0020, 0x0861,
    0x0020, 0x0000, 0x0000, 0x0000, 0x0000, 0x0000, 0x0020, 0x0020, 0x0020, 0x0020, 0x0041, 0x0020, 0x0020, 0x0861, 0x0861, 0x0841,
    0x0041, 0x0861, 0x10C3, 0x10A2, 0x4A49, 0x5ACB, 0x5ACB, 0x10A2, 0x0862, 0x528A, 0x5ACA, 0x4228, 0x4A69, 0x528A, 0x18E3, 0x0000,
    0x0020, 0x0000, 0x0000, 0x0000, 0x0000, 0x0000, 0x0000, 0x0000, 0x0020, 0x0000, 0x0020, 0x0020, 0x0020, 0x0000, 0x0000, 0x0000,
    0x0000, 0x0000, 0x0882, 0x2165, 0x31C7, 0x4229, 0x39E8, 0x31C8, 0x4AAB, 0x5B0C, 0x3A08, 0x2986, 0x4ACB, 0x3A4A, 0x3A29, 0x424A,
    0x3A2A, 0x3A09, 0x31A7, 0x2125, 0x2105, 0x2146, 0x2986, 0xADD8, 0xBE7B, 0x428B, 0xBE39, 0xDF7F, 0xCEFD, 0x6B8F, 0x52EC, 0x8451,
    0x7C10, 0x8431, 0x8C92, 0x632C, 0x8C92, 0x8C92, 0x2966, 0x10C3, 0x2124, 0x1904, 0x2145, 0x2946, 0x2966, 0x2145, 0x2125, 0x10A3,
    0x1082, 0x0861, 0x0020, 0x0000, 0x0000, 0x0020, 0x0020, 0x0020, 0x0000, 0x0000, 0x0000, 0x0000, 0x0000, 0x0000, 0x0000, 0x0020,
    0x0020, 0x0040, 0x0020, 0x0020, 0x0020, 0x0020, 0x0000, 0x0000, 0x0000, 0x0000, 0x0000, 0x0000, 0x0000, 0x0000, 0x0000, 0x0020,
    0x0000, 0x0000, 0x0020, 0x0020, 0x0020, 0x0020, 0x0020, 0x0841, 0x0841, 0x0861, 0x1082, 0x0861, 0x1082, 0x18E3, 0x2124, 0x2965,
    0x2986, 0x1904, 0x4208, 0x52AB, 0x4208, 0x10A3, 0x0041, 0x0862, 0x0882, 0x10C3, 0x10A3, 0x10C3, 0x1925, 0x1925, 0x1905, 0x18E4,
    0x1904, 0x10C3, 0x10E4, 0x18E4, 0x18E4, 0x39E8, 0x4A8A, 0x8C71, 0xA534, 0x9CF3, 0x9CF3, 0x8C0F, 0x630B, 0x7C30, 0x8CB3, 0x7C52,
    0x8CD4, 0x2166, 0x1925, 0x2166, 0x1925, 0x18E4, 0x10E4, 0x10A3, 0x0000, 0x0000, 0x0000, 0x0000, 0x0000, 0x0000, 0x0000, 0x0000,
    0x0000, 0x0000, 0x0000, 0x0000, 0x0000, 0x0000, 0x0000, 0x0000, 0x0000, 0x0000, 0x0000, 0x0000, 0x0000, 0x0000, 0x0000, 0x0000,
    0x0000, 0x0000, 0x0000, 0x0000, 0x0000, 0x0000, 0x0000, 0x0000, 0x0000, 0x0000, 0x0000, 0x0000, 0x0000, 0x0000, 0x0000, 0x0000,
    0x0000, 0x0000, 0x0000, 0x0000, 0x0000, 0x0000, 0x0000, 0x0000, 0x0000, 0x0000, 0x0000, 0x0000, 0x0000, 0x0000, 0x0000, 0x0000,
    0x0000, 0x0000, 0x0000, 0x0000, 0x0000, 0x0000, 0x0000, 0x0000, 0x0000, 0x0000, 0x0000, 0x0000, 0x0000, 0x0000, 0x0000, 0x0000,
    0x0000, 0x0000, 0x0000, 0x0000, 0x0000, 0x0000, 0x0000, 0x0000, 0x0000, 0x0000, 0x0000, 0x0000, 0x0000, 0x0000, 0x0000, 0x0000,
    0x0000, 0x0000, 0x0000, 0x0000, 0x0000, 0x0000, 0x0000, 0x0000, 0x0000, 0x0000, 0x0000, 0x0000, 0x0000, 0x0000, 0x0000, 0x0000,
    0x0000, 0x0000, 0x0000, 0x18C3, 0x39E7, 0x31A6, 0x2145, 0x39C7, 0x3186, 0x1904, 0x2145, 0x3186, 0x18C3, 0x2104, 0x18C3, 0x1082,
    0x0882, 0x18C3, 0x0841, 0x1082, 0x2945, 0x2944, 0x2965, 0x2965, 0x18C3, 0x10C2, 0x18E3, 0x3186, 0x0841, 0x0000, 0x0000, 0x0000,
    0x0020, 0x0020, 0x0020, 0x0861, 0x0020, 0x0020, 0x0020, 0x0020, 0x0020, 0x0020, 0x0040, 0x0020, 0x0020, 0x0861, 0x0861, 0x0841,
    0x0841, 0x0862, 0x0882, 0x0841, 0x10A2, 0x4207, 0x4A69, 0x2144, 0x0841, 0x4A48, 0x630B, 0x5289, 0x39C7, 0x1082, 0x1082, 0x2945,
    0x18C3, 0x10A2, 0x10A2, 0x1082, 0x1082, 0x1082, 0x1082, 0x1082, 0x1082, 0x0882, 0x0882, 0x0882, 0x0862, 0x0862, 0x0862, 0x0861,
    0x0841, 0x0861, 0x10A2, 0x31A6, 0x39E8, 0x31C7, 0x4229, 0x426A, 0x424A, 0x52CC, 0x2966, 0x31C8, 0x4AAB, 0x4229, 0x31C7, 0x3A09,
    0x31A7, 0x2125, 0x2145, 0x1904, 0x2125, 0x2125, 0x424A, 0xC67B, 0x8493, 0x6BB0, 0xEF9F, 0xEFDF, 0xBE39, 0x2987, 0x0882, 0x39E8,
    0x9D14, 0x94D3, 0x8CB2, 0x6B6E, 0x8CB2, 0x94D3, 0x3A08, 0x10A3, 0x2125, 0x2105, 0x2145, 0x2145, 0x2145, 0x2105, 0x2145, 0x18E4,
    0x0000, 0x0041, 0x0882, 0x0841, 0x0020, 0x0020, 0x0020, 0x0020, 0x0020, 0x0020, 0x0020, 0x0020, 0x0000, 0x0020, 0x0000, 0x0000,
    0x0000, 0x0020, 0x0020, 0x0000, 0x0020, 0x0020, 0x0000, 0x0000, 0x0000, 0x0000, 0x0020, 0x0000, 0x0000, 0x0000, 0x0020, 0x0020,
    0x0000, 0x0020, 0x0020, 0x0000, 0x0000, 0x0000, 0x0000, 0x0000, 0x0000, 0x0000, 0x0020, 0x0861, 0x0861, 0x1082, 0x10A3, 0x18E3,
    0x2125, 0x10A2, 0x4208, 0x7BEF, 0x9CF4, 0x3A08, 0x0041, 0x10A3, 0x10A3, 0x10C3, 0x18E4, 0x10E4, 0x10C4, 0x18E4, 0x10A3, 0x18E4,
    0x2146, 0x2145, 0x2966, 0x2146, 0x10C3, 0x4229, 0x31C7, 0x3A08, 0x8410, 0x8471, 0x8C71, 0x83EF, 0x5B0C, 0x9D15, 0x8CB3, 0x8CD4,
    0x9515, 0x2146, 0x2146, 0x1925, 0x10C3, 0x10C3, 0x18E4, 0x10A3, 0x0000, 0x0000, 0x0000, 0x0000, 0x0000, 0x0000, 0x0000, 0x0000,
    0x0000, 0x0000, 0x0000, 0x0000, 0x0000, 0x0000, 0x0000, 0x0000, 0x0000, 0x0000, 0x0000, 0x0000, 0x0000, 0x0000, 0x0000, 0x0000,
    0x0000, 0x0000, 0x0000, 0x0000, 0x0000, 0x0000, 0x0000, 0x0000, 0x0000, 0x0000, 0x0000, 0x0000, 0x0000, 0x0000, 0x0000, 0x0000,
    0x0000, 0x0000, 0x0000, 0x0000, 0x0000, 0x0000, 0x0000, 0x0000, 0x0000, 0x0000, 0x0000, 0x0000, 0x0000, 0x0000, 0x0000, 0x0000,
    0x0000, 0x0000, 0x0000, 0x0000, 0x0000, 0x0000, 0x0000, 0x0000, 0x0000, 0x0000, 0x0000, 0x0000, 0x0000, 0x0000, 0x0000, 0x0000,
    0x0000, 0x0000, 0x0000, 0x0000, 0x0000, 0x0000, 0x0000, 0x0000, 0x0000, 0x0000, 0x0000, 0x0000, 0x0000, 0x0000, 0x0000, 0x0000,
    0x0000, 0x0000, 0x0000, 0x0000, 0x0000, 0x0000, 0x0000, 0x0000, 0x0000, 0x0000, 0x0000, 0x0000, 0x0000, 0x0000, 0x0000, 0x0000,
    0x0000, 0x0000, 0x0000, 0x0861, 0x2145, 0x39E7, 0x39E7, 0x4208, 0x1904, 0x3A08, 0x3A08, 0x2965, 0x2125, 0x31A7, 0x18E4, 0x2104,
    0x2104, 0x2145, 0x0882, 0x0020, 0x0020, 0x0881, 0x18E3, 0x2944, 0x2965, 0x2944, 0x18E3, 0x39C7, 0x18E3, 0x1082, 0x0841, 0x0000,
    0x0000, 0x0020, 0x0020, 0x1082, 0x0041, 0x0000, 0x0020, 0x0020, 0x0020, 0x0020, 0x0020, 0x0020, 0x0000, 0x0861, 0x0881, 0x0020,
    0x0041, 0x0862, 0x0841, 0x0841, 0x0000, 0x2945, 0x5269, 0x4A89, 0x18C3, 0x2103, 0x31A6, 0x18C3, 0x0040, 0x0861, 0x2945, 0x4228,
    0x1904, 0x1082, 0x10A2, 0x1082, 0x10A2, 0x1082, 0x10A2, 0x1082, 0x1082, 0x1082, 0x1082, 0x1082, 0x1082, 0x1082, 0x0862, 0x0861,
    0x0882, 0x0882, 0x2986, 0x39E8, 0x31A7, 0x2966, 0x424A, 0x52CB, 0x39E8, 0x2986, 0x2986, 0x3A08, 0x39E8, 0x2125, 0x1904, 0x2166,
    0x2145, 0x2125, 0x2125, 0x1905, 0x1904, 0x1904, 0x4A8B, 0x9D15, 0x52CC, 0x8CD4, 0xE77E, 0xDF5E, 0x6BD0, 0x3166, 0x59A6, 0x2945,
    0x8431, 0xA535, 0x94B3, 0x6B8E, 0x8CB3, 0x9D35, 0x4A6A, 0x10A3, 0x2125, 0x2125, 0x2125, 0x2125, 0x2966, 0x1904, 0x2145, 0x1904,
    0x0000, 0x0000, 0x0000, 0x0041, 0x0861, 0x0841, 0x0040, 0x0020, 0x0020, 0x0020, 0x0020, 0x0020, 0x0020, 0x0040, 0x0020, 0x0020,
    0x0020, 0x0020, 0x0020, 0x0020, 0x0000, 0x0000, 0x0000, 0x0000, 0x0000, 0x0000, 0x0000, 0x0000, 0x0000, 0x0000, 0x0000, 0x0020,
    0x0000, 0x0000, 0x0000, 0x0000, 0x0000, 0x0000, 0x0000, 0x0000, 0x0000, 0x0000, 0x0000, 0x0841, 0x10A2, 0x0861, 0x0861, 0x18E3,
    0x0882, 0x0041, 0x0000, 0x0000, 0x10A2, 0x1082, 0x10A2, 0x10A2, 0x10A3, 0x10C3, 0x18E4, 0x2125, 0x1904, 0x18E4, 0x2125, 0x2986,
    0x29A7, 0x2166, 0x2966, 0x2166, 0x18C4, 0x4229, 0x39E7, 0x18E4, 0x6B6E, 0x738E, 0x738E, 0x738E, 0x7C52, 0xADF9, 0x8CD4, 0x9D77,
    0x8CD4, 0x1925, 0x2146, 0x2146, 0x18E4, 0x10C3, 0x10C4, 0x0841, 0x0000, 0x0000, 0x0000, 0x0000, 0x0000, 0x0000, 0x0000, 0x0000,
    0x0000, 0x0000, 0x0000, 0x0000, 0x0000, 0x0000, 0x0000, 0x0000, 0x0000, 0x0000, 0x0000, 0x0000, 0x0000, 0x0000, 0x0000, 0x0000,
    0x0000, 0x0000, 0x0000, 0x0000, 0x0000, 0x0000, 0x0000, 0x0000, 0x0000, 0x0000, 0x0000, 0x0000, 0x0000, 0x0000, 0x0000, 0x0000,
    0x0000, 0x0000, 0x0000, 0x0000, 0x0000, 0x0000, 0x0000, 0x0000, 0x0000, 0x0000, 0x0000, 0x0000, 0x0000, 0x0000, 0x0000, 0x0000,
    0x0000, 0x0000, 0x0000, 0x0000, 0x0000, 0x0000, 0x0000, 0x0000, 0x0000, 0x0000, 0x0000, 0x0000, 0x0000, 0x0000, 0x0000, 0x0000,
    0x0000, 0x0000, 0x0000, 0x0000, 0x0000, 0x0000, 0x0000, 0x0000, 0x0000, 0x0000, 0x0000, 0x0000, 0x0000, 0x0000, 0x0000, 0x0000,
    0x0000, 0x0000, 0x0000, 0x0000, 0x0000, 0x0000, 0x0000, 0x0000, 0x0000, 0x0000, 0x0000, 0x0000, 0x0000, 0x0000, 0x0000, 0x0000,
    0x0000, 0x0000, 0x0000, 0x0000, 0x39E7, 0x4208, 0x39E7, 0x39C7, 0x2125, 0x3A08, 0x39E8, 0x2125, 0x39E8, 0x3186, 0x10A3, 0x10C3,
    0x18C3, 0x1904, 0x0861, 0x0041, 0x0021, 0x0020, 0x0000, 0x0841, 0x18C2, 0x2965, 0x2965, 0x31A6, 0x31A6, 0x2965, 0x2965, 0x2124,
    0x10A2, 0x0041, 0x0000, 0x0040, 0x0041, 0x0000, 0x0020, 0x0020, 0x0020, 0x0020, 0x0020, 0x0020, 0x0000, 0x0841, 0x10A2, 0x0020,
    0x0841, 0x1082, 0x0862, 0x1082, 0x0861, 0x0841, 0x2944, 0x5289, 0x39C6, 0x18C2, 0x2944, 0x2945, 0x0882, 0x0861, 0x2945, 0x31A6,
    0x1904, 0x0841, 0x0862, 0x1082, 0x0861, 0x0861, 0x0861, 0x0862, 0x1082, 0x1082, 0x1082, 0x0882, 0x0862, 0x0861, 0x0020, 0x0020,
    0x0020, 0x0841, 0x39E7, 0x31C7, 0x31C7, 0x31A7, 0x4A6A, 0x426A, 0x31A7, 0x39E8, 0x52CC, 0x3A08, 0x1904, 0x31C8, 0x424A, 0x424A,
    0x3A09, 0x2986, 0x2966, 0x2125, 0x1905, 0x2125, 0x39E7, 0x5B0C, 0x52AB, 0x8C93, 0x9D35, 0xADB7, 0x428B, 0x6A26, 0xAA46, 0x4986,
    0x634D, 0x9CF4, 0x94F4, 0x6BAF, 0x94D3, 0xA576, 0x5AEC, 0x10C3, 0x2125, 0x2125, 0x2125, 0x2125, 0x2966, 0x18E4, 0x18E4, 0x0862,
    0x0000, 0x0020, 0x0000, 0x0000, 0x0020, 0x0041, 0x0041, 0x0020, 0x0020, 0x0020, 0x0020, 0x0020, 0x0020, 0x0020, 0x0041, 0x0020,
    0x0020, 0x0020, 0x0020, 0x0020, 0x0000, 0x0000, 0x0000, 0x0000, 0x0020, 0x0000, 0x0020, 0x0000, 0x0000, 0x0000, 0x0020, 0x0020,
    0x0020, 0x0000, 0x0000, 0x0000, 0x0000, 0x0000, 0x0000, 0x0000, 0x0000, 0x0000, 0x0000, 0x0000, 0x0841, 0x2104, 0x18E4, 0x10C3,
    0x0882, 0x0041, 0x0021, 0x0020, 0x0000, 0x0041, 0x10A2, 0x0882, 0x10A3, 0x18E4, 0x18E4, 0x1905, 0x2125, 0x2166, 0x2125, 0x10A3,
    0x10A3, 0x10A3, 0x10C3, 0x1904, 0x10C4, 0x4229, 0x4249, 0x0882, 0x52AB, 0x7C11, 0x3A08, 0x4AAB, 0x9D77, 0xB65A, 0x8CD4, 0xADD9,
    0x7C73, 0x1946, 0x2987, 0x2166, 0x1905, 0x10C3, 0x18E4, 0x0861, 0x0000, 0x0000, 0x0000, 0x0000, 0x0000, 0x0000, 0x0000, 0x0000,
    0x0000, 0x0000, 0x0000, 0x0000, 0x0000, 0x0000, 0x0000, 0x0000, 0x0000, 0x0000, 0x0000, 0x0000, 0x0000, 0x0000, 0x0000, 0x0000,
    0x0000, 0x0000, 0x0000, 0x0000, 0x0000, 0x0000, 0x0000, 0x0000, 0x0000, 0x0000, 0x0000, 0x0000, 0x0000, 0x0000, 0x0000, 0x0000,
    0x0000, 0x0000, 0x0000, 0x0000, 0x0000, 0x0000, 0x0000, 0x0000, 0x0000, 0x0000, 0x0000, 0x0000, 0x0000, 0x0000, 0x0000, 0x0000,
    0x0000, 0x0000, 0x0000, 0x0000, 0x0000, 0x0000, 0x0000, 0x0000, 0x0000, 0x0000, 0x0000, 0x0000, 0x0000, 0x0000, 0x0000, 0x0000,
    0x0000, 0x0000, 0x0000, 0x0000, 0x0000, 0x0000, 0x0000, 0x0000, 0x0000, 0x0000, 0x0000, 0x0000, 0x0000, 0x0000, 0x0000, 0x0000,
    0x0000, 0x0000, 0x0000, 0x0000, 0x0000, 0x0000, 0x0000, 0x0000, 0x0000, 0x0000, 0x0000, 0x0000, 0x0000, 0x0000, 0x0000, 0x0000,
    0x0000, 0x0000, 0x0000, 0x0020, 0x31A6, 0x39E7, 0x2966, 0x2145, 0x1904, 0x3A08, 0x2986, 0x2125, 0x31C7, 0x2145, 0x10A3, 0x0882,
    0x0882, 0x10A3, 0x0862, 0x0021, 0x0021, 0x0841, 0x0020, 0x0000, 0x0000, 0x0040, 0x1082, 0x18E3, 0x2944, 0x2944, 0x2944, 0x2945,
    0x2965, 0x2124, 0x18E3, 0x10A2, 0x0861, 0x0841, 0x0020, 0x0000, 0x0000, 0x0000, 0x0020, 0x0020, 0x0020, 0x0041, 0x10C2, 0x0040,
    0x0841, 0x18A2, 0x10A2, 0x1082, 0x0882, 0x10C2, 0x18E3, 0x2924, 0x4207, 0x41E7, 0x4228, 0x4A48, 0x2965, 0x18E3, 0x2125, 0x18E4,
    0x10C3, 0x18E3, 0x10A3, 0x10A3, 0x0882, 0x0020, 0x0020, 0x0020, 0x0020, 0x0020, 0x0020, 0x0020, 0x0861, 0x0882, 0x0000, 0x0020,
    0x0000, 0x0841, 0x39E8, 0x31C7, 0x2145, 0x2986, 0x4A6A, 0x39E8, 0x2145, 0x4ACC, 0x4AAB, 0x31C7, 0x2986, 0x4249, 0x4249, 0x424A,
    0x31C8, 0x18E4, 0x1904, 0x2105, 0x1904, 0x2105, 0x4228, 0x632C, 0x4249, 0x6B8E, 0x94D2, 0x8471, 0x29E8, 0x71E6, 0x9A65, 0x6247,
    0x5B0D, 0x9D35, 0x9D35, 0x73D0, 0x9D35, 0xADB7, 0x5B0D, 0x18E4, 0x2125, 0x2125, 0x2145, 0x2146, 0x2986, 0x2145, 0x1904, 0x0021,
    0x0000, 0x0020, 0x0020, 0x0000, 0x0000, 0x0000, 0x0000, 0x0000, 0x0000, 0x0020, 0x0000, 0x0020, 0x0000, 0x0020, 0x0020, 0x0020,
    0x0020, 0x0020, 0x0020, 0x0000, 0x0000, 0x0000, 0x0000, 0x0000, 0x0000, 0x0000, 0x0000, 0x0000, 0x0000, 0x0000, 0x0000, 0x0000,
    0x0000, 0x0000, 0x0000, 0x0000, 0x0000, 0x0000, 0x0000, 0x0000, 0x0000, 0x0000, 0x0000, 0x0000, 0x0000, 0x0861, 0x18C3, 0x18E3,
    0x0882, 0x0041, 0x0020, 0x0021, 0x0841, 0x0041, 0x0882, 0x10A2, 0x10A3, 0x10C3, 0x18E4, 0x1904, 0x1905, 0x2145, 0x1925, 0x10E4,
    0x1925, 0x2145, 0x2145, 0x2105, 0x10C3, 0x31C7, 0x5AEB, 0x2145, 0x39C8, 0x52CC, 0x2966, 0x638F, 0xA5B8, 0xADD9, 0x8CD5, 0xB619,
    0x636F, 0x2167, 0x29A8, 0x2187, 0x1905, 0x0882, 0x1904, 0x0882, 0x0000, 0x0000, 0x0000, 0x0000, 0x0000, 0x0000, 0x0000, 0x0000,
    0x0000, 0x0000, 0x0000, 0x0000, 0x0000, 0x0000, 0x0000, 0x0000, 0x0000, 0x0000, 0x0000, 0x0000, 0x0000, 0x0000, 0x0000, 0x0000,
    0x0000, 0x0000, 0x0000, 0x0000, 0x0000, 0x0000, 0x0000, 0x0000, 0x0000, 0x0000, 0x0000, 0x0000, 0x0000, 0x0000, 0x0000, 0x0000,
    0x0000, 0x0000, 0x0000, 0x0000, 0x0000, 0x0000, 0x0000, 0x0000, 0x0000, 0x0000, 0x0000, 0x0000, 0x0000, 0x0000, 0x0000, 0x0000,
    0x0000, 0x0000, 0x0000, 0x0000, 0x0000, 0x0000, 0x0000, 0x0000, 0x0000, 0x0000, 0x0000, 0x0000, 0x0000, 0x0000, 0x0000, 0x0000,
    0x0000, 0x0000, 0x0000, 0x0000, 0x0000, 0x0000, 0x0000, 0x0000, 0x0000, 0x0000, 0x0000, 0x0000, 0x0000, 0x0000, 0x0000, 0x0000,
    0x0000, 0x0000, 0x0000, 0x0000, 0x0000, 0x0000, 0x0000, 0x0000, 0x0000, 0x0000, 0x0000, 0x0000, 0x0000, 0x0000, 0x0000, 0x0000,
    0x0000, 0x0000, 0x0000, 0x0841, 0x2145, 0x2125, 0x2965, 0x31C7, 0x2986, 0x31A7, 0x2104, 0x2966, 0x2125, 0x1904, 0x2124, 0x1904,
    0x18E4, 0x1904, 0x10C3, 0x0841, 0x0041, 0x0861, 0x0041, 0x0020, 0x0000, 0x0000, 0x0000, 0x0000, 0x0020, 0x0861, 0x10A2, 0x2103,
    0x2964, 0x3185, 0x3185, 0x2964, 0x2944, 0x2944, 0x2124, 0x18C2, 0x10A2, 0x10A2, 0x10C2, 0x10A2, 0x1082, 0x0881, 0x18E2, 0x0881,
    0x0841, 0x18C2, 0x18C3, 0x10A2, 0x10A2, 0x2124, 0x2944, 0x2944, 0x2124, 0x2124, 0x3185, 0x41E7, 0x4228, 0x39C6, 0x2965, 0x10A2,
    0x10C3, 0x2125, 0x18C3, 0x10A3, 0x736D, 0x9C91, 0x9450, 0x8C0F, 0x736C, 0x62EB, 0x4A48, 0x39C7, 0x2103, 0x0021, 0x0020, 0x0000,
    0x0020, 0x0020, 0x10C3, 0x2145, 0x2966, 0x2966, 0x3A29, 0x2986, 0x2145, 0x52EC, 0x426A, 0x2166, 0x31C7, 0x426A, 0x31E8, 0x426A,
    0x31C7, 0x10C3, 0x2145, 0x2145, 0x1904, 0x1904, 0x4A69, 0x7BEE, 0x2965, 0x5ACB, 0x9CD3, 0x8451, 0x31E8, 0x59C5, 0xB2E7, 0x6AEB,
    0x7C11, 0xA597, 0xA576, 0x7C52, 0xAD97, 0xADD8, 0x5B0D, 0x1905, 0x2166, 0x2146, 0x2146, 0x2145, 0x2966, 0x1925, 0x2125, 0x1082,
    0x0000, 0x0020, 0x0000, 0x0000, 0x0000, 0x0000, 0x0000, 0x0000, 0x0000, 0x0000, 0x0000, 0x0000, 0x0000, 0x0000, 0x0000, 0x0020,
    0x0020, 0x0000, 0x0000, 0x0000, 0x0000, 0x0000, 0x0000, 0x0000, 0x0000, 0x0000, 0x0000, 0x0000, 0x0000, 0x0000, 0x0000, 0x0000,
    0x0000, 0x0000, 0x0000, 0x0000, 0x0000, 0x0000, 0x0000, 0x0000, 0x0000, 0x0000, 0x0000, 0x0000, 0x0000, 0x0000, 0x0000, 0x0021,
    0x0882, 0x0861, 0x0841, 0x0841, 0x0841, 0x0041, 0x0862, 0x0882, 0x10C3, 0x10C3, 0x1904, 0x18E4, 0x1904, 0x2145, 0x2166, 0x1925,
    0x2166, 0x2987, 0x2146, 0x2105, 0x1904, 0x2145, 0x52CB, 0x31C7, 0x1924, 0x2125, 0x31E9, 0x8494, 0x9D57, 0x9D77, 0x84D4, 0xB61A,
    0x428B, 0x29A8, 0x29A8, 0x2187, 0x1905, 0x10A3, 0x18E4, 0x0020, 0x0000, 0x0000, 0x0000, 0x0000, 0x0000, 0x0000, 0x0000, 0x0000,
    0x0000, 0x0000, 0x0000, 0x0000, 0x0000, 0x0000, 0x0000, 0x0000, 0x0000, 0x0000, 0x0000, 0x0000, 0x0000, 0x0000, 0x0000, 0x0000,
    0x0000, 0x0000, 0x0000, 0x0000, 0x0000, 0x0000, 0x0000, 0x0000, 0x0000, 0x0000, 0x0000, 0x0000, 0x0000, 0x0000, 0x0000, 0x0000,
    0x0000, 0x0000, 0x0000, 0x0000, 0x0000, 0x0000, 0x0000, 0x0000, 0x0000, 0x0000, 0x0000, 0x0000, 0x0000, 0x0000, 0x0000, 0x0000,
    0x0000, 0x0000, 0x0000, 0x0000, 0x0000, 0x0000, 0x0000, 0x0000, 0x0000, 0x0000, 0x0000, 0x0000, 0x0000, 0x0000, 0x0000, 0x0000,
    0x0000, 0x0000, 0x0000, 0x0000, 0x0000, 0x0000, 0x0000, 0x0000, 0x0000, 0x0000, 0x0000, 0x0000, 0x0000, 0x0000, 0x0000, 0x0000,
    0x0000, 0x0000, 0x0000, 0x0000, 0x0000, 0x0000, 0x0000, 0x0000, 0x0000, 0x0000, 0x0000, 0x0000, 0x0000, 0x0000, 0x0000, 0x0000,
    0x0000, 0x0000, 0x0000, 0x0021, 0x1904, 0x31A7, 0x2966, 0x31A7, 0x2966, 0x1904, 0x18E4, 0x31C7, 0x31A7, 0x2125, 0x2145, 0x2966,
    0x1904, 0x18E4, 0x10A3, 0x0861, 0x0021, 0x0861, 0x0861, 0x0020, 0x0000, 0x0000, 0x0000, 0x0021, 0x0841, 0x0020, 0x0020, 0x0040,
    0x0861, 0x1082, 0x18C2, 0x2103, 0x2944, 0x2944, 0x2965, 0x2965, 0x2944, 0x2944, 0x2104, 0x2103, 0x18C2, 0x10A2, 0x2103, 0x10A2,
    0x0841, 0x10A2, 0x2944, 0x18C2, 0x1082, 0x2965, 0x3165, 0x31A6, 0x2945, 0x18C2, 0x10A2, 0x10C2, 0x1903, 0x2965, 0x31A6, 0x18E3,
    0x10A2, 0x10A3, 0x18C3, 0x10A2, 0x2104, 0x528A, 0x73AD, 0x9491, 0xAD33, 0xAD12, 0xA4F2, 0xAD12, 0x9470, 0x18A2, 0x0000, 0x0020,
    0x0000, 0x0020, 0x2145, 0x31C7, 0x39E8, 0x4229, 0x39E8, 0x2125, 0x2125, 0x4A6A, 0x3A08, 0x18E4, 0x31E8, 0x4229, 0x31E8, 0x426A,
    0x2166, 0x18E4, 0x2966, 0x1904, 0x18E4, 0x1905, 0x4A49, 0x8C2F, 0x6B2C, 0x94B2, 0xB5B5, 0x9CF3, 0x2986, 0x4208, 0x7B4C, 0x4249,
    0x73F1, 0x9515, 0xA5B8, 0x8473, 0xADD8, 0xADD8, 0x52EC, 0x2145, 0x29A7, 0x2166, 0x2966, 0x2146, 0x2146, 0x1904, 0x18E4, 0x2105,
    0x0000, 0x0000, 0x0000, 0x0000, 0x0000, 0x0000, 0x0000, 0x0000, 0x0000, 0x0000, 0x0000, 0x0000, 0x0000, 0x0020, 0x0020, 0x0020,
    0x0000, 0x0000, 0x0000, 0x0000, 0x0000, 0x0000, 0x0000, 0x0000, 0x0000, 0x0000, 0x0000, 0x0000, 0x0000, 0x0000, 0x0000, 0x0000,
    0x0000, 0x0000, 0x0000, 0x0000, 0x0000, 0x0000, 0x0000, 0x0000, 0x0000, 0x0000, 0x0000, 0x0000, 0x0000, 0x0000, 0x0000, 0x0000,
    0x0000, 0x0841, 0x0861, 0x0862, 0x1082, 0x0862, 0x0882, 0x10A3, 0x10A3, 0x18E4, 0x18E4, 0x18E4, 0x18E4, 0x1905, 0x18E4, 0x18E4,
    0x1925, 0x10E4, 0x10C3, 0x10C3, 0x1904, 0x2125, 0x4249, 0x52CC, 0x2987, 0x29A7, 0x532E, 0x8D16, 0x9D77, 0x9516, 0x8D16, 0x9516,
    0x29C9, 0x31C9, 0x29A8, 0x29A7, 0x2166, 0x18E4, 0x10C3, 0x0020, 0x0000, 0x0000, 0x0000, 0x0000, 0x0000, 0x0000, 0x0000, 0x0000,
    0x0000, 0x0000, 0x0000, 0x0000, 0x0000, 0x0000, 0x0000, 0x0000, 0x0000, 0x0000, 0x0000, 0x0000, 0x0000, 0x0000, 0x0000, 0x0000,
    0x0000, 0x0000, 0x0000, 0x0000, 0x0000, 0x0000, 0x0000, 0x0000, 0x0000, 0x0000, 0x0000, 0x0000, 0x0000, 0x0000, 0x0000, 0x0000,
    0x0000, 0x0000, 0x0000, 0x0000, 0x0000, 0x0000, 0x0000, 0x0000, 0x0000, 0x0000, 0x0000, 0x0000, 0x0000, 0x0000, 0x0000, 0x0000,
    0x0000, 0x0000, 0x0000, 0x0000, 0x0000, 0x0000, 0x0000, 0x0000, 0x0000, 0x0000, 0x0000, 0x0000, 0x0000, 0x0000, 0x0000, 0x0000,
    0x0000, 0x0000, 0x0000, 0x0000, 0x0000, 0x0000, 0x0000, 0x0000, 0x0000, 0x0000, 0x0000, 0x0000, 0x0000, 0x0000, 0x0000, 0x0000,
    0x0000, 0x0000, 0x0000, 0x0000, 0x0000, 0x0000, 0x0000, 0x0000, 0x0000, 0x0000, 0x0000, 0x0000, 0x0000, 0x0000, 0x0000, 0x0000,
    0x0000, 0x0000, 0x0000, 0x0000, 0x0861, 0x4208, 0x2965, 0x2145, 0x2986, 0x39C7, 0x2125, 0x31A7, 0x31A6, 0x1904, 0x2124, 0x1904,
    0x10C3, 0x1082, 0x18C3, 0x0882, 0x0841, 0x0861, 0x0882, 0x0041, 0x0021, 0x0020, 0x0020, 0x0040, 0x0861, 0x0841, 0x0861, 0x0841,
    0x0041, 0x0040, 0x0020, 0x0020, 0x1081, 0x18C2, 0x1081, 0x10A2, 0x2123, 0x2103, 0x20E3, 0x2124, 0x2103, 0x18E3, 0x2103, 0x1082,
    0x0861, 0x2103, 0x2103, 0x10A2, 0x18C3, 0x39E7, 0x31A6, 0x2944, 0x18E3, 0x10A2, 0x10A2, 0x1082, 0x10A2, 0x10A2, 0x18E3, 0x39C6,
    0x2965, 0x18E3, 0x18E4, 0x2104, 0x1082, 0x0041, 0x0861, 0x2104, 0x39C6, 0x5269, 0x630B, 0x6B2B, 0x83EE, 0x4A69, 0x0000, 0x0041,
    0x0020, 0x0862, 0x31C7, 0x39E8, 0x31C7, 0x4249, 0x3A08, 0x3A09, 0x31C8, 0x31C7, 0x31C7, 0x2145, 0x29A7, 0x2966, 0x1905, 0x1904,
    0x18E4, 0x18C3, 0x10C3, 0x18E4, 0x18E4, 0x1904, 0x4228, 0x840F, 0xA512, 0x94B1, 0x9CF2, 0xA513, 0x528A, 0x18E4, 0x2145, 0x31A7,
    0x6BAF, 0x9D36, 0xA577, 0x8473, 0xB619, 0xADD8, 0x428B, 0x2166, 0x29A7, 0x2987, 0x2966, 0x2987, 0x2166, 0x2125, 0x18C4, 0x1082,
    0x0000, 0x0020, 0x0020, 0x0020, 0x0020, 0x0020, 0x0020, 0x0020, 0x0020, 0x0020, 0x0020, 0x0000, 0x0000, 0x0020, 0x0020, 0x0000,
    0x0000, 0x0000, 0x0000, 0x0000, 0x0000, 0x0000, 0x0000, 0x0000, 0x0000, 0x0000, 0x0000, 0x0000, 0x0000, 0x0000, 0x0000, 0x0000,
    0x0000, 0x0000, 0x0000, 0x0000, 0x0000, 0x0000, 0x0000, 0x0000, 0x0000, 0x0000, 0x0000, 0x0000, 0x0000, 0x0000, 0x0000, 0x0000,
    0x0000, 0x0000, 0x0000, 0x0000, 0x0841, 0x0861, 0x10C3, 0x1904, 0x18E4, 0x1904, 0x10C3, 0x18C4, 0x1904, 0x10E4, 0x10A3, 0x10C4,
    0x1904, 0x1904, 0x1925, 0x18E4, 0x10C3, 0x18C4, 0x31C8, 0x52EC, 0x5B2D, 0x52EC, 0x7432, 0x9516, 0xAE1A, 0x7C53, 0xADF9, 0x6BD1,
    0x21A8, 0x31E9, 0x29A7, 0x2187, 0x1925, 0x10C3, 0x10C3, 0x0020, 0x0000, 0x0000, 0x0000, 0x0000, 0x0000, 0x0000, 0x0000, 0x0000,
    0x0000, 0x0000, 0x0000, 0x0000, 0x0000, 0x0000, 0x0000, 0x0000, 0x0000, 0x0000, 0x0000, 0x0000, 0x0000, 0x0000, 0x0000, 0x0000,
    0x0000, 0x0000, 0x0000, 0x0000, 0x0000, 0x0000, 0x0000, 0x0000, 0x0000, 0x0000, 0x0000, 0x0000, 0x0000, 0x0000, 0x0000, 0x0000,
    0x0000, 0x0000, 0x0000, 0x0000, 0x0000, 0x0000, 0x0000, 0x0000, 0x0000, 0x0000, 0x0000, 0x0000, 0x0000, 0x0000, 0x0000, 0x0000,
    0x0000, 0x0000, 0x0000, 0x0000, 0x0000, 0x0000, 0x0000, 0x0000, 0x0000, 0x0000, 0x0000, 0x0000, 0x0000, 0x0000, 0x0000, 0x0000,
    0x0000, 0x0000, 0x0000, 0x0000, 0x0000, 0x0000, 0x0000, 0x0000, 0x0000, 0x0000, 0x0000, 0x0000, 0x0000, 0x0000, 0x0000, 0x0000,
    0x0000, 0x0000, 0x0000, 0x0000, 0x0000, 0x0000, 0x0000, 0x0000, 0x0000, 0x0000, 0x0000, 0x0000, 0x0000, 0x0000, 0x0000, 0x0000,
    0x0000, 0x0000, 0x0000, 0x0000, 0x1082, 0x2965, 0x2986, 0x2125, 0x3186, 0x39E7, 0x2945, 0x2966, 0x31C7, 0x10C3, 0x10C3, 0x18C3,
    0x0882, 0x0862, 0x0862, 0x0862, 0x0862, 0x0841, 0x1082, 0x0041, 0x0841, 0x0020, 0x0020, 0x0020, 0x0861, 0x0861, 0x0861, 0x0841,
    0x0020, 0x0041, 0x0841, 0x0040, 0x0000, 0x0000, 0x0020, 0x0000, 0x1081, 0x2944, 0x2124, 0x2103, 0x2103, 0x1903, 0x18C2, 0x1081,
    0x1082, 0x18E3, 0x18C2, 0x18C2, 0x18E3, 0x2944, 0x2103, 0x18E3, 0x18E3, 0x10A2, 0x10A2, 0x10A2, 0x1081, 0x10A2, 0x18C3, 0x2965,
    0x2103, 0x18E3, 0x2103, 0x2103, 0x2103, 0x10A2, 0x1082, 0x0841, 0x0020, 0x0020, 0x0841, 0x0841, 0x18C3, 0x1904, 0x0861, 0x0861,
    0x0040, 0x10C3, 0x31A7, 0x39E8, 0x39E8, 0x31C7, 0x29A7, 0x4A8B, 0x4249, 0x2966, 0x2966, 0x31A7, 0x1925, 0x2125, 0x2125, 0x1904,
    0x2125, 0x2145, 0x1904, 0x18C4, 0x18E4, 0x18E4, 0x4A69, 0x738D, 0x83EE, 0x6B4C, 0x9491, 0xA513, 0x7BEE, 0x5AEB, 0x4A69, 0x5AEC,
    0x7C31, 0x9D56, 0x9D56, 0x8473, 0xBE5A, 0xA5B7, 0x3A29, 0x29A7, 0x31C8, 0x2987, 0x2967, 0x2166, 0x2966, 0x2146, 0x1904, 0x0021,
    0x0000, 0x0000, 0x0020, 0x0020, 0x0020, 0x0020, 0x0020, 0x0020, 0x0020, 0x0020, 0x0020, 0x0000, 0x0000, 0x0000, 0x0000, 0x0000,
    0x0000, 0x0000, 0x0000, 0x0000, 0x0000, 0x0000, 0x0000, 0x0000, 0x0000, 0x0000, 0x0000, 0x0000, 0x0000, 0x0000, 0x0000, 0x0000,
    0x0000, 0x0000, 0x0000, 0x0000, 0x0000, 0x0000, 0x0000, 0x0000, 0x0000, 0x0000, 0x0000, 0x0000, 0x0000, 0x0000, 0x0000, 0x0000,
    0x0000, 0x0000, 0x0000, 0x0000, 0x0000, 0x0000, 0x10A2, 0x10C3, 0x18E4, 0x1904, 0x18E4, 0x10C3, 0x1925, 0x1904, 0x2125, 0x2166,
    0x2166, 0x2125, 0x2145, 0x18E4, 0x10C3, 0x18E4, 0x2166, 0x52CC, 0x4AAC, 0x6390, 0x8494, 0xA598, 0x8D16, 0x8CF5, 0xADD9, 0x3A4B,
    0x29E9, 0x31E9, 0x2987, 0x2146, 0x18E4, 0x10C3, 0x0882, 0x0000, 0x0000, 0x0000, 0x0000, 0x0000, 0x0000, 0x0000, 0x0000, 0x0000,
    0x0000, 0x0000, 0x0000, 0x0000, 0x0000, 0x0000, 0x0000, 0x0000, 0x0000, 0x0000, 0x0000, 0x0000, 0x0000, 0x0000, 0x0000, 0x0000,
    0x0000, 0x0000, 0x0000, 0x0000, 0x0000, 0x0000, 0x0000, 0x0000, 0x0000, 0x0000, 0x0000, 0x0000, 0x0000, 0x0000, 0x0000, 0x0000,
    0x0000, 0x0000, 0x0000, 0x0000, 0x0000, 0x0000, 0x0000, 0x0000, 0x0000, 0x0000, 0x0000, 0x0000, 0x0000, 0x0000, 0x0000, 0x0000,
    0x0000, 0x0000, 0x0000, 0x0000, 0x0000, 0x0000, 0x0000, 0x0000, 0x0000, 0x0000, 0x0000, 0x0000, 0x0000, 0x0000, 0x0000, 0x0000,
    0x0000, 0x0000, 0x0000, 0x0000, 0x0000, 0x0000, 0x0000, 0x0000, 0x0000, 0x0000, 0x0000, 0x0000, 0x0000, 0x0000, 0x0000, 0x0000,
    0x0000, 0x0000, 0x0000, 0x0000, 0x0000, 0x0000, 0x0000, 0x0000, 0x0000, 0x0000, 0x0000, 0x0000, 0x0000, 0x0000, 0x0000, 0x0000,
    0x0000, 0x0000, 0x0000, 0x0000, 0x10A2, 0x2966, 0x1904, 0x1904, 0x2965, 0x39C7, 0x2125, 0x2945, 0x31C7, 0x0882, 0x18E3, 0x1904,
    0x18E4, 0x2104, 0x31A7, 0x1082, 0x0841, 0x0841, 0x0882, 0x0861, 0x0841, 0x0841, 0x0020, 0x0020, 0x0040, 0x0861, 0x0861, 0x0841,
    0x0041, 0x0040, 0x0040, 0x0020, 0x0020, 0x0020, 0x0020, 0x0000, 0x1082, 0x4207, 0x31A6, 0x3185, 0x2965, 0x2103, 0x18E2, 0x10A2,
    0x18C2, 0x18E3, 0x18C2, 0x2123, 0x2944, 0x20E3, 0x20E3, 0x18E3, 0x10A2, 0x1082, 0x10A2, 0x10A2, 0x1081, 0x10A2, 0x2124, 0x1081,
    0x0000, 0x0000, 0x0841, 0x10A2, 0x2103, 0x18E3, 0x18E3, 0x18C2, 0x10A2, 0x0881, 0x0861, 0x0041, 0x0020, 0x0841, 0x0861, 0x0861,
    0x0861, 0x18E3, 0x31A7, 0x2145, 0x2145, 0x2966, 0x2966, 0x4249, 0x424A, 0x31A7, 0x2146, 0x4229, 0x31E8, 0x29A7, 0x2145, 0x2966,
    0x2146, 0x2966, 0x2125, 0x18E4, 0x18E4, 0x18E4, 0x4229, 0x630B, 0x736C, 0x39C6, 0x7BAE, 0x9CB1, 0x632B, 0x738D, 0x73AE, 0x6B8F,
    0x8473, 0xB5F9, 0x84B4, 0x84B4, 0xC67B, 0x9D56, 0x31E9, 0x31E9, 0x3A09, 0x29A8, 0x2987, 0x2146, 0x2966, 0x1905, 0x2145, 0x1082,
    0x0000, 0x0020, 0x0000, 0x0000, 0x0000, 0x0000, 0x0000, 0x0020, 0x0020, 0x0000, 0x0000, 0x0000, 0x0000, 0x0000, 0x0000, 0x0000,
    0x0000, 0x0000, 0x0000, 0x0000, 0x0000, 0x0000, 0x0000, 0x0000, 0x0000, 0x0000, 0x0000, 0x0000, 0x0000, 0x0000, 0x0000, 0x0000,
    0x0000, 0x0000, 0x0000, 0x0000, 0x0000, 0x0000, 0x0000, 0x0000, 0x0000, 0x0000, 0x0000, 0x0000, 0x0000, 0x0000, 0x0000, 0x0000,
    0x0000, 0x0000, 0x0000, 0x0000, 0x0000, 0x0000, 0x10A2, 0x0861, 0x0862, 0x10A2, 0x18E4, 0x10C3, 0x1925, 0x2145, 0x2166, 0x2145,
    0x1925, 0x1925, 0x1905, 0x18C4, 0x18E4, 0x1904, 0x18E4, 0x4AAB, 0x7C94, 0x7C73, 0x8D16, 0x9536, 0x84B4, 0xB63A, 0x6BD1, 0x21A8,
    0x3A2A, 0x3209, 0x29A8, 0x2146, 0x1905, 0x1904, 0x0861, 0x0000, 0x0000, 0x0000, 0x0000, 0x0000, 0x0000, 0x0000, 0x0000, 0x0000,
    0x0000, 0x0000, 0x0000, 0x0000, 0x0000, 0x0000, 0x0000, 0x0000, 0x0000, 0x0000, 0x0000, 0x0000, 0x0000, 0x0000, 0x0000, 0x0000,
    0x0000, 0x0000, 0x0000, 0x0000, 0x0000, 0x0000, 0x0000, 0x0000, 0x0000, 0x0000, 0x0000, 0x0000, 0x0000, 0x0000, 0x0000, 0x0000,
    0x0000, 0x0000, 0x0000, 0x0000, 0x0000, 0x0000, 0x0000, 0x0000, 0x0000, 0x0000, 0x0000, 0x0000, 0x0000, 0x0000, 0x0000, 0x0000,
    0x0000, 0x0000, 0x0000, 0x0000, 0x0000, 0x0000, 0x0000, 0x0000, 0x0000, 0x0000, 0x0000, 0x0000, 0x0000, 0x0000, 0x0000, 0x0000,
    0x0000, 0x0000, 0x0000, 0x0000, 0x0000, 0x0000, 0x0000, 0x0000, 0x0000, 0x0000, 0x0000, 0x0000, 0x0000, 0x0000, 0x0000, 0x0000,
    0x0000, 0x0000, 0x0000, 0x0000, 0x0000, 0x0000, 0x0000, 0x0000, 0x0000, 0x0000, 0x0000, 0x0000, 0x0000, 0x0000, 0x0000, 0x0000,
    0x0000, 0x0000, 0x0000, 0x0000, 0x0841, 0x2965, 0x3186, 0x3A08, 0x31A7, 0x2124, 0x2986, 0x2966, 0x1904, 0x2124, 0x3186, 0x2966,
    0x2125, 0x2104, 0x2104, 0x18E4, 0x0841, 0x0862, 0x0861, 0x1082, 0x0021, 0x1082, 0x0861, 0x0020, 0x0020, 0x0041, 0x0861, 0x0841,
    0x0040, 0x0020, 0x0020, 0x0020, 0x0020, 0x0020, 0x0020, 0x0000, 0x0020, 0x18C3, 0x18C3, 0x1082, 0x2124, 0x3185, 0x2924, 0x0840,
    0x0000, 0x0020, 0x1061, 0x18C2, 0x18C2, 0x18C3, 0x2103, 0x2124, 0x2124, 0x18E3, 0x18E3, 0x18E3, 0x18C3, 0x18C3, 0x1081, 0x0000,
    0x0000, 0x0000, 0x0000, 0x0000, 0x0000, 0x0841, 0x1082, 0x18C2, 0x10A2, 0x18C2, 0x18A2, 0x1082, 0x1081, 0x0861, 0x0861, 0x0862,
    0x0861, 0x10A2, 0x2104, 0x18E4, 0x2145, 0x31C7, 0x2966, 0x3A09, 0x4A6A, 0x4229, 0x2146, 0x424A, 0x4249, 0x2987, 0x2966, 0x31A7,
    0x2146, 0x2125, 0x2946, 0x1904, 0x18E4, 0x18E4, 0x39E7, 0x5AEB, 0x73AD, 0x2945, 0x39A6, 0x738D, 0x6B2C, 0x52CB, 0x634E, 0x636F,
    0x9D36, 0xBE5A, 0x7C53, 0x9536, 0xBE7B, 0x8494, 0x29A8, 0x3A2A, 0x3A2A, 0x3209, 0x29A7, 0x2166, 0x1905, 0x1904, 0x1904, 0x0862,
    0x0000, 0x0000, 0x0000, 0x0000, 0x0000, 0x0000, 0x0000, 0x0000, 0x0000, 0x0000, 0x0000, 0x0000, 0x0000, 0x0000, 0x0000, 0x0000,
    0x0000, 0x0000, 0x0000, 0x0000, 0x0000, 0x0000, 0x0000, 0x0000, 0x0000, 0x0000, 0x0000, 0x0000, 0x0000, 0x0000, 0x0000, 0x0000,
    0x0000, 0x0000, 0x0000, 0x0000, 0x0000, 0x0000, 0x0000, 0x0000, 0x0000, 0x0000, 0x0000, 0x0000, 0x0000, 0x0000, 0x0000, 0x0000,
    0x0000, 0x0000, 0x0000, 0x0000, 0x0000, 0x0000, 0x0862, 0x10A3, 0x10C3, 0x10C3, 0x1904, 0x18E4, 0x10C3, 0x10E4, 0x2145, 0x1905,
    0x10E4, 0x10E4, 0x1904, 0x2125, 0x1904, 0x1905, 0x2105, 0x2146, 0x9516, 0x9D57, 0x9D57, 0x9536, 0xB63A, 0x8493, 0x29C9, 0x322A,
    0x322A, 0x31E9, 0x2987, 0x1925, 0x18E4, 0x1904, 0x1082, 0x0000, 0x0000, 0x0000, 0x0000, 0x0000, 0x0000, 0x0000, 0x0000, 0x0000,
    0x0000, 0x0000, 0x0000, 0x0000, 0x0000, 0x0000, 0x0000, 0x0000, 0x0000, 0x0000, 0x0000, 0x0000, 0x0000, 0x0000, 0x0000, 0x0000,
    0x0000, 0x0000, 0x0000, 0x0000, 0x0000, 0x0000, 0x0000, 0x0000, 0x0000, 0x0000, 0x0000, 0x0000, 0x0000, 0x0000, 0x0000, 0x0000,
    0x0000, 0x0000, 0x0000, 0x0000, 0x0000, 0x0000, 0x0000, 0x0000, 0x0000, 0x0000, 0x0000, 0x0000, 0x0000, 0x0000, 0x0000, 0x0000,
    0x0000, 0x0000, 0x0000, 0x0000, 0x0000, 0x0000, 0x0000, 0x0000, 0x0000, 0x0000, 0x0000, 0x0000, 0x0000, 0x0000, 0x0000, 0x0000,
    0x0000, 0x0000, 0x0000, 0x0000, 0x0000, 0x0000, 0x0000, 0x0000, 0x0000, 0x0000, 0x0000, 0x0000, 0x0000, 0x0000, 0x0000, 0x0000,
    0x0000, 0x0000, 0x0000, 0x0000, 0x0000, 0x0000, 0x0000, 0x0000, 0x0000, 0x0000, 0x0000, 0x0000, 0x0000, 0x0000, 0x0000, 0x0000,
    0x0000, 0x0000, 0x0000, 0x0000, 0x0000, 0x2945, 0x4208, 0x39E7, 0x39E7, 0x2124, 0x31A7, 0x39C7, 0x10A2, 0x3186, 0x2965, 0x2124,
    0x18E4, 0x18C3, 0x10A3, 0x18C3, 0x0882, 0x0862, 0x0861, 0x10A2, 0x0862, 0x0841, 0x1082, 0x0862, 0x0041, 0x0020, 0x0040, 0x0020,
    0x0020, 0x0020, 0x0020, 0x0020, 0x0020, 0x0000, 0x0000, 0x0000, 0x0000, 0x0000, 0x0000, 0x0000, 0x0000, 0x0020, 0x0840, 0x0020,
    0x0000, 0x0000, 0x0000, 0x0020, 0x0000, 0x0000, 0x0841, 0x1081, 0x18C2, 0x10A2, 0x10A2, 0x18C3, 0x18E3, 0x1082, 0x0000, 0x0000,
    0x0000, 0x0000, 0x0000, 0x0000, 0x0000, 0x0000, 0x0000, 0x0000, 0x0000, 0x0841, 0x10A2, 0x2944, 0x2944, 0x18E3, 0x18E3, 0x18E3,
    0x18C2, 0x10A2, 0x18E4, 0x31C7, 0x3A08, 0x31C7, 0x2966, 0x2125, 0x3A08, 0x424A, 0x2966, 0x3A29, 0x424A, 0x2166, 0x31E8, 0x3A08,
    0x2986, 0x1904, 0x1904, 0x18E4, 0x18E4, 0x18E4, 0x3186, 0x4A49, 0x73AE, 0x52AA, 0x1082, 0x39E7, 0x4248, 0x3A08, 0x634E, 0x7411,
    0xB619, 0xADF9, 0x8473, 0xB5F9, 0xB619, 0x6B90, 0x31C9, 0x3A4A, 0x3A4A, 0x3A2A, 0x31C8, 0x1925, 0x18E4, 0x2145, 0x2145, 0x0021,
    0x0000, 0x0000, 0x0000, 0x0000, 0x0000, 0x0000, 0x0000, 0x0000, 0x0000, 0x0000, 0x0000, 0x0000, 0x0000, 0x0000, 0x0000, 0x0000,
    0x0000, 0x0000, 0x0000, 0x0000, 0x0000, 0x0000, 0x0000, 0x0000, 0x0000, 0x0000, 0x0000, 0x0000, 0x0000, 0x0000, 0x0000, 0x0000,
    0x0000, 0x0000, 0x0000, 0x0000, 0x0000, 0x0000, 0x0000, 0x0000, 0x0000, 0x0000, 0x0000, 0x0000, 0x0000, 0x0000, 0x0000, 0x0000,
    0x0000, 0x0000, 0x0000, 0x0000, 0x0000, 0x0000, 0x0841, 0x1904, 0x1904, 0x2125, 0x2125, 0x1904, 0x10E4, 0x10C3, 0x18E4, 0x18E4,
    0x1904, 0x1905, 0x2146, 0x2946, 0x18E4, 0x18E4, 0x2125, 0x18E4, 0x3A09, 0x8CB4, 0x9D57, 0xA577, 0x6BB0, 0x29A8, 0x320A, 0x3A4B,
    0x3A2A, 0x31C8, 0x2146, 0x1925, 0x10E4, 0x18E4, 0x0882, 0x0000, 0x0000, 0x0000, 0x0000, 0x0000, 0x0000, 0x0000, 0x0000, 0x0000,
    0x0000, 0x0000, 0x0000, 0x0000, 0x0000, 0x0000, 0x0000, 0x0000, 0x0000, 0x0000, 0x0000, 0x0000, 0x0000, 0x0000, 0x0000, 0x0000,
    0x0000, 0x0000, 0x0000, 0x0000, 0x0000, 0x0000, 0x0000, 0x0000, 0x0000, 0x0000, 0x0000, 0x0000, 0x0000, 0x0000, 0x0000, 0x0000,
    0x0000, 0x0000, 0x0000, 0x0000, 0x0000, 0x0000, 0x0000, 0x0000, 0x0000, 0x0000, 0x0000, 0x0000, 0x0000, 0x0000, 0x0000, 0x0000,
    0x0000, 0x0000, 0x0000, 0x0000, 0x0000, 0x0000, 0x0000, 0x0000, 0x0000, 0x0000, 0x0000, 0x0000, 0x0000, 0x0000, 0x0000, 0x0000,
    0x0000, 0x0000, 0x0000, 0x0000, 0x0000, 0x0000, 0x0000, 0x0000, 0x0000, 0x0000, 0x0000, 0x0000, 0x0000, 0x0000, 0x0000, 0x0000,
    0x0000, 0x0000, 0x0000, 0x0000, 0x0000, 0x0000, 0x0000, 0x0000, 0x0000, 0x0000, 0x0000, 0x0000, 0x0000, 0x0000, 0x0000, 0x0000,
    0x0000, 0x0000, 0x0000, 0x0000, 0x0000, 0x18E3, 0x31A7, 0x2965, 0x31C7, 0x2104, 0x39C7, 0x31A6, 0x18C3, 0x2966, 0x2945, 0x2145,
    0x18C3, 0x10C3, 0x18C3, 0x18E4, 0x10A2, 0x0861, 0x0882, 0x0862, 0x10C3, 0x0862, 0x0041, 0x0841, 0x0861, 0x0861, 0x0861, 0x0861,
    0x0861, 0x0841, 0x0040, 0x0041, 0x0020, 0x0000, 0x0020, 0x0020, 0x0020, 0x0020, 0x0020, 0x0020, 0x0020, 0x0000, 0x0020, 0x0020,
    0x0000, 0x0000, 0x0000, 0x0000, 0x0000, 0x0000, 0x0000, 0x0000, 0x0000, 0x0000, 0x0000, 0x0000, 0x0000, 0x0000, 0x0000, 0x0000,
    0x0000, 0x0000, 0x0000, 0x0000, 0x0000, 0x0000, 0x0000, 0x0000, 0x0000, 0x0000, 0x0000, 0x18C2, 0x2965, 0x2944, 0x2144, 0x2965,
    0x2144, 0x2104, 0x2104, 0x31C7, 0x31A7, 0x2966, 0x31C7, 0x39E8, 0x31C8, 0x31A7, 0x2125, 0x31C7, 0x4229, 0x2145, 0x2986, 0x2966,
    0x1904, 0x18E4, 0x1905, 0x2145, 0x18E4, 0x1904, 0x2986, 0x39C7, 0x5AEB, 0x738E, 0x39C7, 0x2145, 0x2966, 0x4A8B, 0x5B4E, 0x8CF5,
    0xB63A, 0x9516, 0x8CD5, 0xBE5A, 0xA5B8, 0x4AAC, 0x320A, 0x3A2A, 0x3A4A, 0x3A29, 0x31C8, 0x1905, 0x1904, 0x31A7, 0x10C3, 0x0000,
    0x0000, 0x0000, 0x0000, 0x0000, 0x0000, 0x0000, 0x0000, 0x0000, 0x0000, 0x0000, 0x0000, 0x0000, 0x0000, 0x0000, 0x0000, 0x0000,
    0x0000, 0x0000, 0x0000, 0x0000, 0x0000, 0x0000, 0x0000, 0x0000, 0x0000, 0x0000, 0x0000, 0x0000, 0x0000, 0x0000, 0x0000, 0x0000,
    0x0000, 0x0000, 0x0000, 0x0000, 0x0000, 0x0000, 0x0000, 0x0000, 0x0000, 0x0000, 0x0000, 0x0000, 0x0000, 0x0000, 0x0000, 0x0000,
    0x0000, 0x0000, 0x0000, 0x0000, 0x0000, 0x0000, 0x0000, 0x0882, 0x10C3, 0x10C3, 0x18E4, 0x18E4, 0x1904, 0x2125, 0x10A3, 0x2125,
    0x2145, 0x2145, 0x2125, 0x18E4, 0x10C3, 0x10C3, 0x1904, 0x2125, 0x1925, 0x2987, 0x3A2A, 0x31E9, 0x29C8, 0x3A4B, 0x3A4B, 0x3A2A,
    0x3209, 0x2987, 0x2166, 0x1905, 0x10C4, 0x10A3, 0x0000, 0x0000, 0x0000, 0x0000, 0x0000, 0x0000, 0x0000, 0x0000, 0x0000, 0x0000,
    0x0000, 0x0000, 0x0000, 0x0000, 0x0000, 0x0000, 0x0000, 0x0000, 0x0000, 0x0000, 0x0000, 0x0000, 0x0000, 0x0000, 0x0000, 0x0000,
    0x0000, 0x0000, 0x0000, 0x0000, 0x0000, 0x0000, 0x0000, 0x0000, 0x0000, 0x0000, 0x0000, 0x0000, 0x0000, 0x0000, 0x0000, 0x0000,
    0x0000, 0x0000, 0x0000, 0x0000, 0x0000, 0x0000, 0x0000, 0x0000, 0x0000, 0x0000, 0x0000, 0x0000, 0x0000, 0x0000, 0x0000, 0x0000,
    0x0000, 0x0000, 0x0000, 0x0000, 0x0000, 0x0000, 0x0000, 0x0000, 0x0000, 0x0000, 0x0000, 0x0000, 0x0000, 0x0000, 0x0000, 0x0000,
    0x0000, 0x0000, 0x0000, 0x0000, 0x0000, 0x0000, 0x0000, 0x0000, 0x0000, 0x0000, 0x0000, 0x0000, 0x0000, 0x0000, 0x0000, 0x0000,
    0x0000, 0x0000, 0x0000, 0x0000, 0x0000, 0x0000, 0x0000, 0x0000, 0x0000, 0x0000, 0x0000, 0x0000, 0x0000, 0x0000, 0x0000, 0x0000,
    0x0000, 0x0000, 0x0000, 0x0000, 0x0000, 0x0862, 0x31A6, 0x31C7, 0x1904, 0x2104, 0x31C7, 0x31A6, 0x18E3, 0x3186, 0x2124, 0x10A3,
    0x18E3, 0x2124, 0x18C3, 0x2945, 0x18E4, 0x0841, 0x0882, 0x0862, 0x1082, 0x18C3, 0x0862, 0x0041, 0x0841, 0x0861, 0x0861, 0x0861,
    0x1082, 0x0861, 0x0841, 0x0861, 0x0841, 0x0040, 0x0841, 0x0841, 0x0040, 0x0020, 0x0020, 0x0020, 0x0020, 0x0040, 0x0020, 0x0000,
    0x0000, 0x0000, 0x0000, 0x0000, 0x0000, 0x0000, 0x0000, 0x0000, 0x0000, 0x0000, 0x0000, 0x0000, 0x0000, 0x0000, 0x0000, 0x0000,
    0x0000, 0x0000, 0x0000, 0x0000, 0x0000, 0x0000, 0x0000, 0x0000, 0x0000, 0x0000, 0x0000, 0x0000, 0x0000, 0x0021, 0x0020, 0x0041,
    0x0841, 0x0861, 0x18E3, 0x31A7, 0x2966, 0x2145, 0x39E8, 0x426A, 0x39E8, 0x18E3, 0x31C7, 0x2966, 0x2986, 0x18E4, 0x2145, 0x2966,
    0x2145, 0x2986, 0x2986, 0x2125, 0x2125, 0x2145, 0x2125, 0x4229, 0x3A08, 0x6B6D, 0x5B0C, 0x4A6A, 0x52CC, 0x5B0D, 0x638F, 0xB619,
    0xADD9, 0x7C73, 0xB61A, 0xB61A, 0x8CF5, 0x31E9, 0x426B, 0x3A6B, 0x3A4A, 0x3209, 0x2166, 0x2146, 0x1904, 0x2125, 0x2945, 0x0020,
    0x0000, 0x0000, 0x0000, 0x0000, 0x0000, 0x0000, 0x0000, 0x0000, 0x0000, 0x0000, 0x0000, 0x0000, 0x0000, 0x0000, 0x0000, 0x0000,
    0x0000, 0x0000, 0x0000, 0x0000, 0x0000, 0x0000, 0x0000, 0x0000, 0x0000, 0x0000, 0x0000, 0x0000, 0x0000, 0x0000, 0x0000, 0x0000,
    0x0000, 0x0000, 0x0000, 0x0000, 0x0000, 0x0000, 0x0000, 0x0000, 0x0000, 0x0000, 0x0000, 0x0000, 0x0000, 0x0000, 0x0000, 0x0000,
    0x0000, 0x0000, 0x0000, 0x0000, 0x0000, 0x0000, 0x0000, 0x0881, 0x18E3, 0x18E4, 0x18E4, 0x10A3, 0x10C3, 0x18E4, 0x10A3, 0x18E4,
    0x18E4, 0x18E4, 0x10A3, 0x10C3, 0x2105, 0x1904, 0x2125, 0x2125, 0x2125, 0x29A7, 0x3209, 0x3A2A, 0x426B, 0x428C, 0x3A4B, 0x322A,
    0x2987, 0x2146, 0x1905, 0x2126, 0x1925, 0x0862, 0x0000, 0x0000, 0x0000, 0x0000, 0x0000, 0x0000, 0x0000, 0x0000, 0x0000, 0x0000,
    0x0000, 0x0000, 0x0000, 0x0000, 0x0000, 0x0000, 0x0000, 0x0000, 0x0000, 0x0000, 0x0000, 0x0000, 0x0000, 0x0000, 0x0000, 0x0000,
    0x0000, 0x0000, 0x0000, 0x0000, 0x0000, 0x0000, 0x0000, 0x0000, 0x0000, 0x0000, 0x0000, 0x0000, 0x0000, 0x0000, 0x0000, 0x0000,
    0x0000, 0x0000, 0x0000, 0x0000, 0x0000, 0x0000, 0x0000, 0x0000, 0x0000, 0x0000, 0x0000, 0x0000, 0x0000, 0x0000, 0x0000, 0x0000,
    0x0000, 0x0000, 0x0000, 0x0000, 0x0000, 0x0000, 0x0000, 0x0000, 0x0000, 0x0000, 0x0000, 0x0000, 0x0000, 0x0000, 0x0000, 0x0000,
    0x0000, 0x0000, 0x0000, 0x0000, 0x0000, 0x0000, 0x0000, 0x0000, 0x0000, 0x0000, 0x0000, 0x0000, 0x0000, 0x0000, 0x0000, 0x0000,
    0x0000, 0x0000, 0x0000, 0x0000, 0x0000, 0x0000, 0x0000, 0x0000, 0x0000, 0x0000, 0x0000, 0x0000, 0x0000, 0x0000, 0x0000, 0x0000,
    0x0000, 0x0000, 0x0000, 0x0000, 0x0000, 0x0000, 0x2104, 0x4228, 0x31A6, 0x3186, 0x31A7, 0x2965, 0x10A2, 0x39E7, 0x39E7, 0x2104,
    0x2965, 0x2125, 0x18E4, 0x18C3, 0x1904, 0x1082, 0x0862, 0x1082, 0x10A2, 0x18C3, 0x18E3, 0x10A2, 0x0861, 0x0841, 0x0861, 0x0841,
    0x0041, 0x0861, 0x0862, 0x0861, 0x0861, 0x0861, 0x0861, 0x0841, 0x0841, 0x0020, 0x0020, 0x0020, 0x0041, 0x0841, 0x0000, 0x0000,
    0x0000, 0x0000, 0x0000, 0x0000, 0x0000, 0x0000, 0x0000, 0x0000, 0x0000, 0x0000, 0x0000, 0x0000, 0x0000, 0x0000, 0x0000, 0x0000,
    0x0000, 0x0000, 0x0000, 0x0000, 0x0000, 0x0000, 0x0000, 0x0000, 0x0000, 0x0000, 0x0000, 0x0000, 0x0000, 0x0000, 0x0000, 0x0000,
    0x0000, 0x0000, 0x10A3, 0x31A7, 0x2966, 0x2124, 0x2986, 0x4A6A, 0x2986, 0x2986, 0x4A8B, 0x3A09, 0x2125, 0x2145, 0x4229, 0x31A7,
    0x18E4, 0x18E4, 0x2966, 0x1904, 0x1904, 0x1904, 0x18E4, 0x3A08, 0x5AEB, 0x39E8, 0x632D, 0x5B2D, 0x4A8B, 0x4ACC, 0x9D36, 0xB61A,
    0x8CF5, 0x8CD5, 0xC69C, 0xADF9, 0x5B6F, 0x320A, 0x428C, 0x428C, 0x3A6B, 0x31E8, 0x2166, 0x1905, 0x2125, 0x10C4, 0x10A3, 0x0020,
    0x0000, 0x0000, 0x0000, 0x0000, 0x0000, 0x0000, 0x0000, 0x0000, 0x0000, 0x0000, 0x0000, 0x0000, 0x0000, 0x0000, 0x0000, 0x0000,
    0x0000, 0x0000, 0x0000, 0x0000, 0x0000, 0x0000, 0x0000, 0x0000, 0x0000, 0x0000, 0x0000, 0x0000, 0x0000, 0x0000, 0x0000, 0x0000,
    0x0000, 0x0000, 0x0000, 0x0000, 0x0000, 0x0000, 0x0000, 0x0000, 0x0000, 0x0000, 0x0000, 0x0000, 0x0000, 0x0000, 0x0000, 0x0000,
    0x0000, 0x0000, 0x0000, 0x0000, 0x0000, 0x0000, 0x0000, 0x0000, 0x0862, 0x10C3, 0x18E4, 0x18E4, 0x10A3, 0x10A3, 0x18E4, 0x18E4,
    0x10A3, 0x0882, 0x18E4, 0x2105, 0x2145, 0x1905, 0x10C3, 0x2125, 0x2125, 0x1925, 0x2167, 0x31C8, 0x3209, 0x3229, 0x31E9, 0x29A8,
    0x2146, 0x1905, 0x18E4, 0x18E4, 0x1904, 0x0041, 0x0000, 0x0000, 0x0000, 0x0000, 0x0000, 0x0000, 0x0000, 0x0000, 0x0000, 0x0000,
    0x0000, 0x0000, 0x0000, 0x0000, 0x0000, 0x0000, 0x0000, 0x0000, 0x0000, 0x0000, 0x0000, 0x0000, 0x0000, 0x0000, 0x0000, 0x0000,
    0x0000, 0x0000, 0x0000, 0x0000, 0x0000, 0x0000, 0x0000, 0x0000, 0x0000, 0x0000, 0x0000, 0x0000, 0x0000, 0x0000, 0x0000, 0x0000,
    0x0000, 0x0000, 0x0000, 0x0000, 0x0000, 0x0000, 0x0000, 0x0000, 0x0000, 0x0000, 0x0000, 0x0000, 0x0000, 0x0000, 0x0000, 0x0000,
    0x0000, 0x0000, 0x0000, 0x0000, 0x0000, 0x0000, 0x0000, 0x0000, 0x0000, 0x0000, 0x0000, 0x0000, 0x0000, 0x0000, 0x0000, 0x0000,
    0x0000, 0x0000, 0x0000, 0x0000, 0x0000, 0x0000, 0x0000, 0x0000, 0x0000, 0x0000, 0x0000, 0x0000, 0x0000, 0x0000, 0x0000, 0x0000,
    0x0000, 0x0000, 0x0000, 0x0000, 0x0000, 0x0000, 0x0000, 0x0000, 0x0000, 0x0000, 0x0000, 0x0000, 0x0000, 0x0000, 0x0000, 0x0000,
    0x0000, 0x0000, 0x0000, 0x0000, 0x0000, 0x0000, 0x0861, 0x2985, 0x2986, 0x2965, 0x31A6, 0x39C7, 0x10A3, 0x2986, 0x31A6, 0x18C3,
    0x2125, 0x18E4, 0x10A3, 0x10C3, 0x2125, 0x10A2, 0x0862, 0x1082, 0x10A2, 0x1082, 0x10A3, 0x18C3, 0x10C3, 0x1082, 0x0862, 0x0882,
    0x1082, 0x1082, 0x1082, 0x0882, 0x0861, 0x0861, 0x0841, 0x0041, 0x0040, 0x0020, 0x0020, 0x0020, 0x0040, 0x0841, 0x0000, 0x0000,
    0x0000, 0x0000, 0x0000, 0x0000, 0x0000, 0x0000, 0x0000, 0x0000, 0x0000, 0x0000, 0x0000, 0x0000, 0x0000, 0x0000, 0x0000, 0x0000,
    0x0000, 0x0000, 0x0000, 0x0000, 0x0000, 0x0000, 0x0000, 0x0000, 0x0000, 0x0000, 0x0000, 0x0000, 0x0000, 0x0000, 0x0000, 0x0000,
    0x0000, 0x0000, 0x0841, 0x31A7, 0x31C7, 0x2125, 0x2966, 0x4249, 0x2145, 0x2966, 0x4249, 0x3A08, 0x2125, 0x2986, 0x3A08, 0x2966,
    0x1904, 0x18E4, 0x2105, 0x2125, 0x18E4, 0x18E4, 0x1904, 0x1904, 0x73AF, 0x5AEC, 0x3A09, 0x4A8B, 0x4ACC, 0x8CF5, 0xB63A, 0xA5B8,
    0x7C52, 0xBE5B, 0xB63A, 0x9536, 0x322A, 0x428C, 0x426B, 0x426B, 0x3A2A, 0x29C8, 0x1925, 0x18E4, 0x2145, 0x2145, 0x0000, 0x0020,
    0x0020, 0x0000, 0x0000, 0x0000, 0x0000, 0x0000, 0x0000, 0x0000, 0x0000, 0x0000, 0x0000, 0x0000, 0x0000, 0x0000, 0x0000, 0x0000,
    0x0000, 0x0000, 0x0000, 0x0000, 0x0000, 0x0000, 0x0000, 0x0000, 0x0000, 0x0000, 0x0000, 0x0000, 0x0000, 0x0000, 0x0000, 0x0000,
    0x0000, 0x0000, 0x0000, 0x0000, 0x0000, 0x0000, 0x0000, 0x0000, 0x0000, 0x0000, 0x0000, 0x0000, 0x0000, 0x0000, 0x0000, 0x0000,
    0x0000, 0x0000, 0x0000, 0x0000, 0x0000, 0x0000, 0x0000, 0x0000, 0x0861, 0x10C3, 0x18E4, 0x1904, 0x1904, 0x18E3, 0x2125, 0x1904,
    0x10A3, 0x18E4, 0x1904, 0x1904, 0x18E4, 0x1904, 0x1904, 0x18E4, 0x2146, 0x2146, 0x1905, 0x1926, 0x2987, 0x2987, 0x2167, 0x2146,
    0x1925, 0x10E4, 0x10E4, 0x1925, 0x10A3, 0x0000, 0x0000, 0x0000, 0x0000, 0x0000, 0x0000, 0x0000, 0x0000, 0x0000, 0x0000, 0x0000,
    0x0000, 0x0000, 0x0000, 0x0000, 0x0000, 0x0000, 0x0000, 0x0000, 0x0000, 0x0000, 0x0000, 0x0000, 0x0000, 0x0000, 0x0000, 0x0000,
    0x0000, 0x0000, 0x0000, 0x0000, 0x0000, 0x0000, 0x0000, 0x0000, 0x0000, 0x0000, 0x0000, 0x0000, 0x0000, 0x0000, 0x0000, 0x0000,
    0x0000, 0x0000, 0x0000, 0x0000, 0x0000, 0x0000, 0x0000, 0x0000, 0x0000, 0x0000, 0x0000, 0x0000, 0x0000, 0x0000, 0x0000, 0x0000,
    0x0000, 0x0000, 0x0000, 0x0000, 0x0000, 0x0000, 0x0000, 0x0000, 0x0000, 0x0000, 0x0000, 0x0000, 0x0000, 0x0000, 0x0000, 0x0000,
    0x0000, 0x0000, 0x0000, 0x0000, 0x0000, 0x0000, 0x0000, 0x0000, 0x0000, 0x0000, 0x0000, 0x0000, 0x0000, 0x0000, 0x0000, 0x0000,
    0x0000, 0x0000, 0x0000, 0x0000, 0x0000, 0x0000, 0x0000, 0x0000, 0x0000, 0x0000, 0x0000, 0x0000, 0x0000, 0x0000, 0x0000, 0x0000,
    0x0000, 0x0000, 0x0000, 0x0000, 0x0000, 0x0000, 0x0000, 0x10C3, 0x3186, 0x31A6, 0x3186, 0x2965, 0x18E4, 0x2125, 0x2945, 0x10A2,
    0x18E4, 0x2104, 0x18E3, 0x18C3, 0x2125, 0x10A2, 0x0882, 0x10A2, 0x1082, 0x0882, 0x0882, 0x10A2, 0x18C3, 0x18C3, 0x10C3, 0x10A3,
    0x10C3, 0x10A2, 0x1082, 0x10A2, 0x1082, 0x0841, 0x0041, 0x0041, 0x0020, 0x0020, 0x0020, 0x0020, 0x0020, 0x0020, 0x0000, 0x0000,
    0x0000, 0x0000, 0x0000, 0x0000, 0x0000, 0x0000, 0x0000, 0x0000, 0x0000, 0x0000, 0x0000, 0x0000, 0x0000, 0x0000, 0x0000, 0x0000,
    0x0000, 0x0000, 0x0000, 0x0000, 0x0000, 0x0000, 0x0000, 0x0000, 0x0000, 0x0000, 0x0000, 0x0000, 0x0000, 0x0000, 0x0000, 0x0000,
    0x0000, 0x0000, 0x0020, 0x2945, 0x31C7, 0x31C7, 0x31C7, 0x31E8, 0x1904, 0x2145, 0x4249, 0x31E8, 0x2105, 0x39E8, 0x39E8, 0x31C7,
    0x2966, 0x2966, 0x2986, 0x2125, 0x10C3, 0x18E4, 0x2145, 0x1905, 0x424A, 0x9D36, 0x7C32, 0x7C52, 0x9536, 0xB63A, 0xADD9, 0x7C73,
    0xA5B8, 0xC69C, 0xB61A, 0x532E, 0x322A, 0x428C, 0x3A6B, 0x3A4A, 0x3209, 0x29A7, 0x2125, 0x18E4, 0x1905, 0x18E4, 0x0021, 0x0000,
    0x0000, 0x0000, 0x0000, 0x0000, 0x0000, 0x0000, 0x0000, 0x0000, 0x0000, 0x0000, 0x0000, 0x0000, 0x0000, 0x0000, 0x0000, 0x0000,
    0x0000, 0x0000, 0x0000, 0x0000, 0x0000, 0x0000, 0x0000, 0x0000, 0x0000, 0x0000, 0x0000, 0x0000, 0x0000, 0x0000, 0x0000, 0x0000,
    0x0000, 0x0000, 0x0000, 0x0000, 0x0000, 0x0000, 0x0000, 0x0000, 0x0000, 0x0000, 0x0000, 0x0000, 0x0000, 0x0000, 0x0000, 0x0000,
    0x0000, 0x0000, 0x0000, 0x0000, 0x0000, 0x0000, 0x0000, 0x0000, 0x0000, 0x10A2, 0x10A3, 0x10C3, 0x10C3, 0x10A3, 0x10C3, 0x2104,
    0x10C3, 0x0882, 0x0882, 0x10A3, 0x18C3, 0x2966, 0x2145, 0x18C4, 0x1904, 0x2146, 0x2146, 0x1925, 0x1925, 0x2187, 0x2166, 0x2146,
    0x1925, 0x1905, 0x2146, 0x2145, 0x0020, 0x0000, 0x0000, 0x0000, 0x0000, 0x0000, 0x0000, 0x0000, 0x0000, 0x0000, 0x0000, 0x0000,
    0x0000, 0x0000, 0x0000, 0x0000, 0x0000, 0x0000, 0x0000, 0x0000, 0x0000, 0x0000, 0x0000, 0x0000, 0x0000, 0x0000, 0x0000, 0x0000,
    0x0000, 0x0000, 0x0000, 0x0000, 0x0000, 0x0000, 0x0000, 0x0000, 0x0000, 0x0000, 0x0000, 0x0000, 0x0000, 0x0000, 0x0000, 0x0000,
    0x0000, 0x0000, 0x0000, 0x0000, 0x0000, 0x0000, 0x0000, 0x0000, 0x0000, 0x0000, 0x0000, 0x0000, 0x0000, 0x0000, 0x0000, 0x0000,
    0x0000, 0x0000, 0x0000, 0x0000, 0x0000, 0x0000, 0x0000, 0x0000, 0x0000, 0x0000, 0x0000, 0x0000, 0x0000, 0x0000, 0x0000, 0x0000,
    0x0000, 0x0000, 0x0000, 0x0000, 0x0000, 0x0000, 0x0000, 0x0000, 0x0000, 0x0000, 0x0000, 0x0000, 0x0000, 0x0000, 0x0000, 0x0000,
    0x0000, 0x0000, 0x0000, 0x0000, 0x0000, 0x0000, 0x0000, 0x0000, 0x0000, 0x0000, 0x0000, 0x0000, 0x0000, 0x0000, 0x0000, 0x0000,
    0x0000, 0x0000, 0x0000, 0x0000, 0x0000, 0x0000, 0x0000, 0x0020, 0x2945, 0x31A6, 0x4228, 0x1903, 0x2965, 0x4A49, 0x2965, 0x18C3,
    0x31C7, 0x2986, 0x2124, 0x10A3, 0x18C3, 0x18E3, 0x18C3, 0x1082, 0x0861, 0x10A2, 0x0882, 0x0861, 0x10A2, 0x1082, 0x10A2, 0x1082,
    0x1082, 0x0882, 0x0861, 0x0882, 0x0861, 0x0040, 0x0841, 0x0041, 0x0020, 0x0020, 0x0020, 0x0020, 0x0020, 0x0000, 0x0000, 0x0000,
    0x0000, 0x0000, 0x0000, 0x0000, 0x0000, 0x0000, 0x0000, 0x0000, 0x0000, 0x0000, 0x0000, 0x0000, 0x0000, 0x0000, 0x0000, 0x0000,
    0x0000, 0x0000, 0x0000, 0x0000, 0x0000, 0x0000, 0x0000, 0x0000, 0x0000, 0x0000, 0x0000, 0x0000, 0x0000, 0x0000, 0x0000, 0x0000,
    0x0000, 0x0000, 0x0020, 0x2124, 0x2965, 0x2986, 0x3A08, 0x2966, 0x18E3, 0x31A7, 0x31C7, 0x4208, 0x2124, 0x31A7, 0x31A7, 0x31C8,
    0x2966, 0x2145, 0x2104, 0x2125, 0x18E4, 0x18E4, 0x2124, 0x2966, 0x2105, 0x6B8F, 0xA577, 0xA597, 0xADD8, 0x9D56, 0x7C73, 0x9D77,
    0xBE7B, 0xBE3A, 0x7412, 0x31E9, 0x3A4B, 0x3A6B, 0x426B, 0x3A2A, 0x31E8, 0x2166, 0x2125, 0x1904, 0x10C3, 0x0841, 0x0000, 0x0000,
    0x0000, 0x0000, 0x0000, 0x0000, 0x0000, 0x0000, 0x0000, 0x0000, 0x0000, 0x0000, 0x0000, 0x0000, 0x0000, 0x0000, 0x0000, 0x0000,
    0x0000, 0x0000, 0x0000, 0x0000, 0x0000, 0x0000, 0x0000, 0x0000, 0x0000, 0x0000, 0x0000, 0x0000, 0x0000, 0x0000, 0x0000, 0x0000,
    0x0000, 0x0000, 0x0000, 0x0000, 0x0000, 0x0000, 0x0000, 0x0000, 0x0000, 0x0000, 0x0000, 0x0000, 0x0000, 0x0000, 0x0000, 0x0000,
    0x0000, 0x0000, 0x0000, 0x0000, 0x0000, 0x0000, 0x0000, 0x0000, 0x0000, 0x0841, 0x10A3, 0x18E4, 0x10A2, 0x10A3, 0x10A3, 0x18E4,
    0x10C3, 0x10A3, 0x10C3, 0x18E4, 0x2125, 0x2145, 0x2125, 0x1904, 0x18E4, 0x18E4, 0x2987, 0x2166, 0x2166, 0x2166, 0x2146, 0x2146,
    0x1904, 0x1905, 0x2146, 0x10A3, 0x0000, 0x0000, 0x0000, 0x0000, 0x0000, 0x0000, 0x0000, 0x0000, 0x0000, 0x0000, 0x0000, 0x0000,
    0x0000, 0x0000, 0x0000, 0x0000, 0x0000, 0x0000, 0x0000, 0x0000, 0x0000, 0x0000, 0x0000, 0x0000, 0x0000, 0x0000, 0x0000, 0x0000,
    0x0000, 0x0000, 0x0000, 0x0000, 0x0000, 0x0000, 0x0000, 0x0000, 0x0000, 0x0000, 0x0000, 0x0000, 0x0000, 0x0000, 0x0000, 0x0000,
    0x0000, 0x0000, 0x0000, 0x0000, 0x0000, 0x0000, 0x0000, 0x0000, 0x0000, 0x0000, 0x0000, 0x0000, 0x0000, 0x0000, 0x0000, 0x0000,
    0x0000, 0x0000, 0x0000, 0x0000, 0x0000, 0x0000, 0x0000, 0x0000, 0x0000, 0x0000, 0x0000, 0x0000, 0x0000, 0x0000, 0x0000, 0x0000,
    0x0000, 0x0000, 0x0000, 0x0000, 0x0000, 0x0000, 0x0000, 0x0000, 0x0000, 0x0000, 0x0000, 0x0000, 0x0000, 0x0000, 0x0000, 0x0000,
    0x0000, 0x0000, 0x0000, 0x0000, 0x0000, 0x0000, 0x0000, 0x0000, 0x0000, 0x0000, 0x0000, 0x0000, 0x0000, 0x0000, 0x0000, 0x0000,
    0x0000, 0x0000, 0x0000, 0x0000, 0x0000, 0x0000, 0x0000, 0x0000, 0x10A2, 0x2986, 0x39E7, 0x2104, 0x2104, 0x39E7, 0x39E7, 0x2124,
    0x39C7, 0x3186, 0x2125, 0x18E3, 0x2104, 0x2104, 0x10C3, 0x0861, 0x1082, 0x10A2, 0x0862, 0x1082, 0x1082, 0x0861, 0x0862, 0x0861,
    0x0841, 0x0841, 0x0841, 0x0861, 0x0040, 0x0040, 0x0041, 0x0020, 0x0020, 0x0020, 0x0020, 0x0020, 0x0000, 0x0000, 0x0000, 0x0000,
    0x0000, 0x0000, 0x0000, 0x0000, 0x0000, 0x0000, 0x0000, 0x0000, 0x0000, 0x0000, 0x0000, 0x0000, 0x0000, 0x0000, 0x0000, 0x0000,
    0x0000, 0x0000, 0x0000, 0x0000, 0x0000, 0x0000, 0x0000, 0x0000, 0x0000, 0x0000, 0x0000, 0x0000, 0x0000, 0x0000, 0x0000, 0x0000,
    0x0000, 0x0000, 0x0000, 0x10C3, 0x2145, 0x2966, 0x31A7, 0x31A7, 0x18E4, 0x39E8, 0x2966, 0x2125, 0x2986, 0x31A7, 0x2125, 0x18E3,
    0x18E3, 0x18E4, 0x18E4, 0x2125, 0x10A3, 0x18C3, 0x18E4, 0x2125, 0x2966, 0x2966, 0x8472, 0x94F5, 0x8473, 0x8473, 0x9D56, 0xBE5B,
    0xB63A, 0x7C73, 0x31E9, 0x3A6B, 0x3A4B, 0x426B, 0x428B, 0x3A2A, 0x31C8, 0x2146, 0x2145, 0x1904, 0x18E4, 0x0841, 0x0000, 0x0000,
    0x0000, 0x0000, 0x0000, 0x0000, 0x0000, 0x0000, 0x0000, 0x0000, 0x0000, 0x0000, 0x0000, 0x0000, 0x0000, 0x0000, 0x0000, 0x0000,
    0x0000, 0x0000, 0x0000, 0x0000, 0x0000, 0x0000, 0x0000, 0x0000, 0x0000, 0x0000, 0x0000, 0x0000, 0x0000, 0x0000, 0x0000, 0x0000,
    0x0000, 0x0000, 0x0000, 0x0000, 0x0000, 0x0000, 0x0000, 0x0000, 0x0000, 0x0000, 0x0000, 0x0000, 0x0000, 0x0000, 0x0000, 0x0000,
    0x0000, 0x0000, 0x0000, 0x0000, 0x0000, 0x0000, 0x0000, 0x0000, 0x0000, 0x0000, 0x0841, 0x10C3, 0x10A3, 0x10C3, 0x10C3, 0x10A3,
    0x0882, 0x10A3, 0x10C3, 0x18E4, 0x18E3, 0x10A3, 0x10C3, 0x1905, 0x1904, 0x1904, 0x18E4, 0x1905, 0x2146, 0x2145, 0x1925, 0x1925,
    0x10C3, 0x18E4, 0x18E4, 0x0000, 0x0000, 0x0000, 0x0000, 0x0000, 0x0000, 0x0000, 0x0000, 0x0000, 0x0000, 0x0000, 0x0000, 0x0000,
    0x0000, 0x0000, 0x0000, 0x0000, 0x0000, 0x0000, 0x0000, 0x0000, 0x0000, 0x0000, 0x0000, 0x0000, 0x0000, 0x0000, 0x0000, 0x0000,
    0x0000, 0x0000, 0x0000, 0x0000, 0x0000, 0x0000, 0x0000, 0x0000, 0x0000, 0x0000, 0x0000, 0x0000, 0x0000, 0x0000, 0x0000, 0x0000,
    0x0000, 0x0000, 0x0000, 0x0000, 0x0000, 0x0000, 0x0000, 0x0000, 0x0000, 0x0000, 0x0000, 0x0000, 0x0000, 0x0000, 0x0000, 0x0000,
    0x0000, 0x0000, 0x0000, 0x0000, 0x0000, 0x0000, 0x0000, 0x0000, 0x0000, 0x0000, 0x0000, 0x0000, 0x0000, 0x0000, 0x0000, 0x0000,
    0x0000, 0x0000, 0x0000, 0x0000, 0x0000, 0x0000, 0x0000, 0x0000, 0x0000, 0x0000, 0x0000, 0x0000, 0x0000, 0x0000, 0x0000, 0x0000,
    0x0000, 0x0000, 0x0000, 0x0000, 0x0000, 0x0000, 0x0000, 0x0000, 0x0000, 0x0000, 0x0000, 0x0000, 0x0000, 0x0000, 0x0000, 0x0000,
    0x0000, 0x0000, 0x0000, 0x0000, 0x0000, 0x0000, 0x0000, 0x0000, 0x0000, 0x18E3, 0x2965, 0x2965, 0x2124, 0x3186, 0x39E7, 0x18E4,
    0x2965, 0x2945, 0x2125, 0x2966, 0x2104, 0x1082, 0x0861, 0x10A2, 0x18E3, 0x1082, 0x0841, 0x0862, 0x0862, 0x0861, 0x0841, 0x0841,
    0x0841, 0x0841, 0x0861, 0x0861, 0x0020, 0x0841, 0x0041, 0x0020, 0x0020, 0x0020, 0x0020, 0x0020, 0x0000, 0x0000, 0x0000, 0x0000,
    0x0000, 0x0000, 0x0000, 0x0000, 0x0000, 0x0000, 0x0000, 0x0000, 0x0000, 0x0000, 0x0000, 0x0000, 0x0000, 0x0000, 0x0000, 0x0000,
    0x0000, 0x0000, 0x0000, 0x0000, 0x0000, 0x0000, 0x0000, 0x0000, 0x0000, 0x0000, 0x0000, 0x0000, 0x0000, 0x0000, 0x0000, 0x0000,
    0x0000, 0x0000, 0x0000, 0x0021, 0x18E4, 0x2145, 0x2966, 0x39E8, 0x1904, 0x31C7, 0x4229, 0x18E4, 0x2986, 0x31C7, 0x31C7, 0x2986,
    0x2966, 0x2986, 0x3186, 0x2104, 0x10A3, 0x10A3, 0x10C3, 0x18E4, 0x2966, 0x2145, 0x4229, 0x8CB4, 0xADD8, 0xBE3A, 0xBE7B, 0xB5F9,
    0x6BD0, 0x31E9, 0x3A2A, 0x426B, 0x426B, 0x426B, 0x3A6B, 0x3A29, 0x29A8, 0x1905, 0x18E4, 0x2125, 0x18C3, 0x0020, 0x0000, 0x0000,
    0x0000, 0x0000, 0x0000, 0x0000, 0x0000, 0x0000, 0x0000, 0x0000, 0x0000, 0x0000, 0x0000, 0x0000, 0x0000, 0x0000, 0x0000, 0x0000,
    0x0000, 0x0000, 0x0000, 0x0000, 0x0000, 0x0000, 0x0000, 0x0000, 0x0000, 0x0000, 0x0000, 0x0000, 0x0000, 0x0000, 0x0000, 0x0000,
    0x0000, 0x0000, 0x0000, 0x0000, 0x0000, 0x0000, 0x0000, 0x0000, 0x0000, 0x0000, 0x0000, 0x0000, 0x0000, 0x0000, 0x0000, 0x0000,
    0x0000, 0x0000, 0x0000, 0x0000, 0x0000, 0x0000, 0x0000, 0x0000, 0x0000, 0x0000, 0x0000, 0x0882, 0x10C3, 0x10C3, 0x10A3, 0x10A3,
    0x10A3, 0x0882, 0x10C3, 0x0882, 0x10A2, 0x2124, 0x2125, 0x2946, 0x18E4, 0x2125, 0x10C3, 0x18E4, 0x18E4, 0x10C3, 0x10C3, 0x10A3,
    0x10C4, 0x10C3, 0x0861, 0x0000, 0x0000, 0x0000, 0x0000, 0x0000, 0x0000, 0x0000, 0x0000, 0x0000, 0x0000, 0x0000, 0x0000, 0x0000,
    0x0000, 0x0000, 0x0000, 0x0000, 0x0000, 0x0000, 0x0000, 0x0000, 0x0000, 0x0000, 0x0000, 0x0000, 0x0000, 0x0000, 0x0000, 0x0000,
    0x0000, 0x0000, 0x0000, 0x0000, 0x0000, 0x0000, 0x0000, 0x0000, 0x0000, 0x0000, 0x0000, 0x0000, 0x0000, 0x0000, 0x0000, 0x0000,
    0x0000, 0x0000, 0x0000, 0x0000, 0x0000, 0x0000, 0x0000, 0x0000, 0x0000, 0x0000, 0x0000, 0x0000, 0x0000, 0x0000, 0x0000, 0x0000,
    0x0000, 0x0000, 0x0000, 0x0000, 0x0000, 0x0000, 0x0000, 0x0000, 0x0000, 0x0000, 0x0000, 0x0000, 0x0000, 0x0000, 0x0000, 0x0000,
    0x0000, 0x0000, 0x0000, 0x0000, 0x0000, 0x0000, 0x0000, 0x0000, 0x0000, 0x0000, 0x0000, 0x0000, 0x0000, 0x0000, 0x0000, 0x0000,
    0x0000, 0x0000, 0x0000, 0x0000, 0x0000, 0x0000, 0x0000, 0x0000, 0x0000, 0x0000, 0x0000, 0x0000, 0x0000, 0x0000, 0x0000, 0x0000,
    0x0000, 0x0000, 0x0000, 0x0000, 0x0000, 0x0000, 0x0000, 0x0000, 0x0000, 0x0020, 0x2104, 0x2145, 0x2965, 0x31C6, 0x2985, 0x10C3,
    0x3186, 0x31A6, 0x2965, 0x2104, 0x10A2, 0x1082, 0x18C3, 0x1904, 0x18C3, 0x0862, 0x0861, 0x0862, 0x0882, 0x0862, 0x0862, 0x0861,
    0x0841, 0x0841, 0x0861, 0x0041, 0x0041, 0x0040, 0x0040, 0x0040, 0x0020, 0x0040, 0x0020, 0x0000, 0x0000, 0x0000, 0x0000, 0x0000,
    0x0000, 0x0000, 0x0000, 0x0000, 0x0000, 0x0000, 0x0000, 0x0000, 0x0000, 0x0000, 0x0000, 0x0000, 0x0000, 0x0000, 0x0000, 0x0000,
    0x0000, 0x0000, 0x0000, 0x0000, 0x0000, 0x0000, 0x0000, 0x0000, 0x0000, 0x0000, 0x0000, 0x0000, 0x0000, 0x0000, 0x0000, 0x0000,
    0x0000, 0x0000, 0x0000, 0x0000, 0x18E3, 0x31A6, 0x31A7, 0x39E8, 0x18E4, 0x2145, 0x4249, 0x31A6, 0x18E4, 0x3A08, 0x3A08, 0x31A7,
    0x2966, 0x2966, 0x2145, 0x1904, 0x18E4, 0x10A3, 0x1904, 0x2125, 0x2145, 0x2146, 0x2987, 0x31C8, 0x5B0D, 0x6B8F, 0x634E, 0x424B,
    0x31E9, 0x3A6B, 0x428C, 0x428C, 0x428B, 0x3A4A, 0x3A2A, 0x29A8, 0x2146, 0x1904, 0x10A3, 0x2125, 0x0861, 0x0000, 0x0000, 0x0000,
    0x0000, 0x0000, 0x0000, 0x0000, 0x0000, 0x0000, 0x0000, 0x0000, 0x0000, 0x0000, 0x0000, 0x0000, 0x0000, 0x0000, 0x0000, 0x0000,
    0x0000, 0x0000, 0x0000, 0x0000, 0x0000, 0x0000, 0x0000, 0x0000, 0x0000, 0x0000, 0x0000, 0x0000, 0x0000, 0x0000, 0x0000, 0x0000,
    0x0000, 0x0000, 0x0000, 0x0000, 0x0000, 0x0000, 0x0000, 0x0000, 0x0000, 0x0000, 0x0000, 0x0000, 0x0000, 0x0000, 0x0000, 0x0000,
    0x0000, 0x0000, 0x0000, 0x0000, 0x0000, 0x0000, 0x0000, 0x0000, 0x0000, 0x0000, 0x0000, 0x0000, 0x0862, 0x1082, 0x1082, 0x0882,
    0x1082, 0x0841, 0x0882, 0x0882, 0x10A2, 0x18E4, 0x18E4, 0x1904, 0x18E4, 0x10C3, 0x10A3, 0x1904, 0x0882, 0x10C3, 0x0882, 0x10C3,
    0x10A2, 0x0021, 0x0000, 0x0000, 0x0000, 0x0000, 0x0000, 0x0000, 0x0000, 0x0000, 0x0000, 0x0000, 0x0000, 0x0000, 0x0000, 0x0000,
    0x0000, 0x0000, 0x0000, 0x0000, 0x0000, 0x0000, 0x0000, 0x0000, 0x0000, 0x0000, 0x0000, 0x0000, 0x0000, 0x0000, 0x0000, 0x0000,
    0x0000, 0x0000, 0x0000, 0x0000, 0x0000, 0x0000, 0x0000, 0x0000, 0x0000, 0x0000, 0x0000, 0x0000, 0x0000, 0x0000, 0x0000, 0x0000,
    0x0000, 0x0000, 0x0000, 0x0000, 0x0000, 0x0000, 0x0000, 0x0000, 0x0000, 0x0000, 0x0000, 0x0000, 0x0000, 0x0000, 0x0000, 0x0000,
    0x0000, 0x0000, 0x0000, 0x0000, 0x0000, 0x0000, 0x0000, 0x0000, 0x0000, 0x0000, 0x0000, 0x0000, 0x0000, 0x0000, 0x0000, 0x0000,
    0x0000, 0x0000, 0x0000, 0x0000, 0x0000, 0x0000, 0x0000, 0x0000, 0x0000, 0x0000, 0x0000, 0x0000, 0x0000, 0x0000, 0x0000, 0x0000,
    0x0000, 0x0000, 0x0000, 0x0000, 0x0000, 0x0000, 0x0000, 0x0000, 0x0000, 0x0000, 0x0000, 0x0000, 0x0000, 0x0000, 0x0000, 0x0000,
    0x0000, 0x0000, 0x0000, 0x0000, 0x0000, 0x0000, 0x0000, 0x0000, 0x0000, 0x0000, 0x0841, 0x2104, 0x2104, 0x31C7, 0x3186, 0x10A2,
    0x2124, 0x2965, 0x1082, 0x1082, 0x2144, 0x2145, 0x18C3, 0x18C3, 0x1082, 0x0841, 0x0862, 0x1082, 0x0862, 0x1082, 0x0862, 0x0841,
    0x0040, 0x0861, 0x0041, 0x0041, 0x0041, 0x0020, 0x0020, 0x0040, 0x0020, 0x0020, 0x0000, 0x0000, 0x0000, 0x0000, 0x0000, 0x0000,
    0x0000, 0x0000, 0x0000, 0x0000, 0x0000, 0x0000, 0x0000, 0x0000, 0x0000, 0x0000, 0x0000, 0x0000, 0x0000, 0x0000, 0x0000, 0x0000,
    0x0000, 0x0000, 0x0000, 0x0000, 0x0000, 0x0000, 0x0000, 0x0000, 0x0000, 0x0000, 0x0000, 0x0000, 0x0000, 0x0000, 0x0000, 0x0000,
    0x0000, 0x0000, 0x0000, 0x0000, 0x10A2, 0x2965, 0x2986, 0x2986, 0x2145, 0x2124, 0x31C7, 0x4229, 0x10C3, 0x31C7, 0x4228, 0x2966,
    0x2986, 0x2986, 0x2945, 0x18E4, 0x18E4, 0x18E4, 0x18C4, 0x10A3, 0x2125, 0x2966, 0x29A7, 0x29A8, 0x29A7, 0x2987, 0x29C8, 0x3A2A,
    0x426B, 0x3A4B, 0x428B, 0x428B, 0x3A6B, 0x3209, 0x29A8, 0x2966, 0x2125, 0x10C3, 0x10A3, 0x18C3, 0x0020, 0x0000, 0x0000, 0x0000,
    0x0000, 0x0000, 0x0000, 0x0000, 0x0000, 0x0000, 0x0000, 0x0000, 0x0000, 0x0000, 0x0000, 0x0000, 0x0000, 0x0000, 0x0000, 0x0000,
    0x0000, 0x0000, 0x0000, 0x0000, 0x0000, 0x0000, 0x0000, 0x0000, 0x0000, 0x0000, 0x0000, 0x0000, 0x0000, 0x0000, 0x0000, 0x0000,
    0x0000, 0x0000, 0x0000, 0x0000, 0x0000, 0x0000, 0x0000, 0x0000, 0x0000, 0x0000, 0x0000, 0x0000, 0x0000, 0x0000, 0x0000, 0x0000,
    0x0000, 0x0000, 0x0000, 0x0000, 0x0000, 0x0000, 0x0000, 0x0000, 0x0000, 0x0000, 0x0000, 0x0000, 0x0000, 0x0020, 0x0841, 0x0841,
    0x0841, 0x0841, 0x0041, 0x0041, 0x0841, 0x0861, 0x0841, 0x0861, 0x0862, 0x0862, 0x10A2, 0x0882, 0x0861, 0x08A2, 0x0882, 0x0021,
    0x0000, 0x0000, 0x0000, 0x0000, 0x0000, 0x0000, 0x0000, 0x0000, 0x0000, 0x0000, 0x0000, 0x0000, 0x0000, 0x0000, 0x0000, 0x0000,
    0x0000, 0x0000, 0x0000, 0x0000, 0x0000, 0x0000, 0x0000, 0x0000, 0x0000, 0x0000, 0x0000, 0x0000, 0x0000, 0x0000, 0x0000, 0x0000,
    0x0000, 0x0000, 0x0000, 0x0000, 0x0000, 0x0000, 0x0000, 0x0000, 0x0000, 0x0000, 0x0000, 0x0000, 0x0000, 0x0000, 0x0000, 0x0000,
    0x0000, 0x0000, 0x0000, 0x0000, 0x0000, 0x0000, 0x0000, 0x0000, 0x0000, 0x0000, 0x0000, 0x0000, 0x0000, 0x0000, 0x0000, 0x0000,
    0x0000, 0x0000, 0x0000, 0x0000, 0x0000, 0x0000, 0x0000, 0x0000, 0x0000, 0x0000, 0x0000, 0x0000, 0x0000, 0x0000, 0x0000, 0x0000,
    0x0000, 0x0000, 0x0000, 0x0000, 0x0000, 0x0000, 0x0000, 0x0000, 0x0000, 0x0000, 0x0000, 0x0000, 0x0000, 0x0000, 0x0000, 0x0000,
    0x0000, 0x0000, 0x0000, 0x0000, 0x0000, 0x0000, 0x0000, 0x0000, 0x0000, 0x0000, 0x0000, 0x0000, 0x0000, 0x0000, 0x0000, 0x0000,
    0x0000, 0x0000, 0x0000, 0x0000, 0x0000, 0x0000, 0x0000, 0x0000, 0x0000, 0x0000, 0x0000, 0x0020, 0x18E3, 0x18E3, 0x1904, 0x18E3,
    0x18C3, 0x3186, 0x2104, 0x10A2, 0x39C7, 0x2124, 0x18C3, 0x1082, 0x0841, 0x0882, 0x18C3, 0x0862, 0x1082, 0x1082, 0x0841, 0x0841,
    0x0041, 0x0841, 0x0040, 0x0020, 0x0020, 0x0020, 0x0020, 0x0020, 0x0000, 0x0000, 0x0000, 0x0000, 0x0000, 0x0000, 0x0000, 0x0000,
    0x0000, 0x0000, 0x0000, 0x0000, 0x0000, 0x0000, 0x0000, 0x0000, 0x0000, 0x0000, 0x0000, 0x0000, 0x0000, 0x0000, 0x0000, 0x0000,
    0x0000, 0x0000, 0x0000, 0x0000, 0x0000, 0x0000, 0x0000, 0x0000, 0x0000, 0x0000, 0x0000, 0x0000, 0x0000, 0x0000, 0x0000, 0x0000,
    0x0000, 0x0000, 0x0000, 0x0000, 0x0841, 0x1904, 0x2124, 0x2165, 0x10C3, 0x2986, 0x31A6, 0x2986, 0x18E4, 0x2145, 0x31A7, 0x2145,
    0x2104, 0x2104, 0x18C3, 0x10A3, 0x18E4, 0x1904, 0x10A3, 0x1083, 0x10A3, 0x1904, 0x2987, 0x2187, 0x3209, 0x3A4A, 0x3A4A, 0x426B,
    0x3A2A, 0x3A2A, 0x3A4A, 0x3A4A, 0x3A4A, 0x29C8, 0x2146, 0x2146, 0x1905, 0x18E4, 0x10C3, 0x18E4, 0x0020, 0x0000, 0x0000, 0x0000,
    0x0000, 0x0000, 0x0000, 0x0000, 0x0000, 0x0000, 0x0000, 0x0000, 0x0000, 0x0000, 0x0000, 0x0000, 0x0000, 0x0000, 0x0000, 0x0000,
    0x0000, 0x0000, 0x0000, 0x0000, 0x0000, 0x0000, 0x0000, 0x0000, 0x0000, 0x0000, 0x0000, 0x0000, 0x0000, 0x0000, 0x0000, 0x0000,
    0x0000, 0x0000, 0x0000, 0x0000, 0x0000, 0x0000, 0x0000, 0x0000, 0x0000, 0x0000, 0x0000, 0x0000, 0x0000, 0x0000, 0x0000, 0x0000,
    0x0000, 0x0000, 0x0000, 0x0000, 0x0000, 0x0000, 0x0000, 0x0000, 0x0000, 0x0000, 0x0000, 0x0000, 0x0000, 0x0000, 0x0000, 0x0000,
    0x0000, 0x0020, 0x0020, 0x0020, 0x0020, 0x0020, 0x0021, 0x0021, 0x0041, 0x0841, 0x0021, 0x0021, 0x0041, 0x0020, 0x0000, 0x0000,
    0x0000, 0x0000, 0x0000, 0x0000, 0x0000, 0x0000, 0x0000, 0x0000, 0x0000, 0x0000, 0x0000, 0x0000, 0x0000, 0x0000, 0x0000, 0x0000,
    0x0000, 0x0000, 0x0000, 0x0000, 0x0000, 0x0000, 0x0000, 0x0000, 0x0000, 0x0000, 0x0000, 0x0000, 0x0000, 0x0000, 0x0000, 0x0000,
    0x0000, 0x0000, 0x0000, 0x0000, 0x0000, 0x0000, 0x0000, 0x0000, 0x0000, 0x0000, 0x0000, 0x0000, 0x0000, 0x0000, 0x0000, 0x0000,
    0x0000, 0x0000, 0x0000, 0x0000, 0x0000, 0x0000, 0x0000, 0x0000, 0x0000, 0x0000, 0x0000, 0x0000, 0x0000, 0x0000, 0x0000, 0x0000,
    0x0000, 0x0000, 0x0000, 0x0000, 0x0000, 0x0000, 0x0000, 0x0000, 0x0000, 0x0000, 0x0000, 0x0000, 0x0000, 0x0000, 0x0000, 0x0000,
    0x0000, 0x0000, 0x0000, 0x0000, 0x0000, 0x0000, 0x0000, 0x0000, 0x0000, 0x0000, 0x0000, 0x0000, 0x0000, 0x0000, 0x0000, 0x0000,
    0x0000, 0x0000, 0x0000, 0x0000, 0x0000, 0x0000, 0x0000, 0x0000, 0x0000, 0x0000, 0x0000, 0x0000, 0x0000, 0x0000, 0x0000, 0x0000,
    0x0000, 0x0000, 0x0000, 0x0000, 0x0000, 0x0000, 0x0000, 0x0000, 0x0000, 0x0000, 0x0000, 0x0000, 0x0000, 0x0881, 0x18E3, 0x2104,
    0x2104, 0x2104, 0x2104, 0x1082, 0x18C3, 0x18C3, 0x1082, 0x0862, 0x0882, 0x18E4, 0x1082, 0x1082, 0x0882, 0x0041, 0x0861, 0x0841,
    0x0040, 0x0040, 0x0020, 0x0020, 0x0020, 0x0020, 0x0020, 0x0000, 0x0000, 0x0000, 0x0000, 0x0000, 0x0000, 0x0000, 0x0000, 0x0000,
    0x0000, 0x0000, 0x0000, 0x0000, 0x0000, 0x0000, 0x0000, 0x0000, 0x0000, 0x0000, 0x0000, 0x0000, 0x0000, 0x0000, 0x0000, 0x0000,
    0x0000, 0x0000, 0x0000, 0x0000, 0x0000, 0x0000, 0x0000, 0x0000, 0x0000, 0x0000, 0x0000, 0x0000, 0x0000, 0x0000, 0x0000, 0x0000,
    0x0000, 0x0000, 0x0000, 0x0000, 0x0000, 0x10A2, 0x2145, 0x2145, 0x2145, 0x31A6, 0x31C7, 0x18E4, 0x2965, 0x2966, 0x2965, 0x18C3,
    0x2124, 0x2945, 0x2104, 0x2125, 0x2945, 0x2125, 0x10A3, 0x10A3, 0x10A3, 0x18E4, 0x2166, 0x29A7, 0x2166, 0x29A8, 0x31E9, 0x3A2A,
    0x3A4A, 0x3A2A, 0x3A2A, 0x3209, 0x3209, 0x29A7, 0x2146, 0x2125, 0x1905, 0x1904, 0x18E4, 0x10A3, 0x0000, 0x0000, 0x0000, 0x0000,
    0x0000, 0x0000, 0x0000, 0x0000, 0x0000, 0x0000, 0x0000, 0x0000, 0x0000, 0x0000, 0x0000, 0x0000, 0x0000, 0x0000, 0x0000, 0x0000,
    0x0000, 0x0000, 0x0000, 0x0000, 0x0000, 0x0000, 0x0000, 0x0000, 0x0000, 0x0000, 0x0000, 0x0000, 0x0000, 0x0000, 0x0000, 0x0000,
    0x0000, 0x0000, 0x0000, 0x0000, 0x0000, 0x0000, 0x0000, 0x0000, 0x0000, 0x0000, 0x0000, 0x0000, 0x0000, 0x0000, 0x0000, 0x0000,
    0x0000, 0x0000, 0x0000, 0x0000, 0x0000, 0x0000, 0x0000, 0x0000, 0x0000, 0x0000, 0x0000, 0x0000, 0x0000, 0x0000, 0x0000, 0x0000,
    0x0000, 0x0000, 0x0000, 0x0000, 0x0000, 0x0000, 0x0000, 0x0000, 0x0000, 0x0000, 0x0000, 0x0000, 0x0000, 0x0000, 0x0000, 0x0000,
    0x0000, 0x0000, 0x0000, 0x0000, 0x0000, 0x0000, 0x0000, 0x0000, 0x0000, 0x0000, 0x0000, 0x0000, 0x0000, 0x0000, 0x0000, 0x0000,
    0x0000, 0x0000, 0x0000, 0x0000, 0x0000, 0x0000, 0x0000, 0x0000, 0x0000, 0x0000, 0x0000, 0x0000, 0x0000, 0x0000, 0x0000, 0x0000,
    0x0000, 0x0000, 0x0000, 0x0000, 0x0000, 0x0000, 0x0000, 0x0000, 0x0000, 0x0000, 0x0000, 0x0000, 0x0000, 0x0000, 0x0000, 0x0000,
    0x0000, 0x0000, 0x0000, 0x0000, 0x0000, 0x0000, 0x0000, 0x0000, 0x0000, 0x0000, 0x0000, 0x0000, 0x0000, 0x0000, 0x0000, 0x0000,
    0x0000, 0x0000, 0x0000, 0x0000, 0x0000, 0x0000, 0x0000, 0x0000, 0x0000, 0x0000, 0x0000, 0x0000, 0x0000, 0x0000, 0x0000, 0x0000,
    0x0000, 0x0000, 0x0000, 0x0000, 0x0000, 0x0000, 0x0000, 0x0000, 0x0000, 0x0000, 0x0000, 0x0000, 0x0000, 0x0000, 0x0000, 0x0000,
    0x0000, 0x0000, 0x0000, 0x0000, 0x0000, 0x0000, 0x0000, 0x0000, 0x0000, 0x0000, 0x0000, 0x0000, 0x0000, 0x0000, 0x0000, 0x0000,
    0x0000, 0x0000, 0x0000, 0x0000, 0x0000, 0x0000, 0x0000, 0x0000, 0x0000, 0x0000, 0x0000, 0x0000, 0x0000, 0x0000, 0x0841, 0x10A2,
    0x18E3, 0x2104, 0x18E3, 0x18C3, 0x0881, 0x1082, 0x0861, 0x0881, 0x1082, 0x0881, 0x0881, 0x0861, 0x0861, 0x0861, 0x0861, 0x0841,
    0x0040, 0x0020, 0x0020, 0x0020, 0x0020, 0x0000, 0x0000, 0x0000, 0x0000, 0x0000, 0x0000, 0x0000, 0x0000, 0x0000, 0x0000, 0x0000,
    0x0000, 0x0000, 0x0000, 0x0000, 0x0000, 0x0000, 0x0000, 0x0000, 0x0000, 0x0000, 0x0000, 0x0000, 0x0000, 0x0000, 0x0000, 0x0000,
    0x0000, 0x0000, 0x0000, 0x0000, 0x0000, 0x0000, 0x0000, 0x0000, 0x0000, 0x0000, 0x0000, 0x0000, 0x0000, 0x0000, 0x0000, 0x0000,
    0x0000, 0x0000, 0x0000, 0x0000, 0x0000, 0x0000, 0x31C7, 0x2986, 0x2965, 0x31A7, 0x3186, 0x0861, 0x2986, 0x39C7, 0x18C3, 0x2125,
    0x31C7, 0x31A7, 0x2945, 0x2124, 0x2104, 0x18C3, 0x10A3, 0x1904, 0x2104, 0x18E4, 0x1905, 0x2987, 0x2987, 0x2987, 0x31E9, 0x3209,
    0x3A2A, 0x3209, 0x31C8, 0x31C8, 0x29A7, 0x2146, 0x2987, 0x1904, 0x1905, 0x1904, 0x18C3, 0x0020, 0x0000, 0x0000, 0x0000, 0x0000,
    0x0000, 0x0000, 0x0000, 0x0000, 0x0000, 0x0000, 0x0000, 0x0000, 0x0000, 0x0000, 0x0000, 0x0000, 0x0000, 0x0000, 0x0000, 0x0000,
    0x0000, 0x0000, 0x0000, 0x0000, 0x0000, 0x0000, 0x0000, 0x0000, 0x0000, 0x0000, 0x0000, 0x0000, 0x0000, 0x0000, 0x0000, 0x0000,
    0x0000, 0x0000, 0x0000, 0x0000, 0x0000, 0x0000, 0x0000, 0x0000, 0x0000, 0x0000, 0x0000, 0x0000, 0x0000, 0x0000, 0x0000, 0x0000,
    0x0000, 0x0000, 0x0000, 0x0000, 0x0000, 0x0000, 0x0000, 0x0000, 0x0000, 0x0000, 0x0000, 0x0000, 0x0000, 0x0000, 0x0000, 0x0000,
    0x0000, 0x0000, 0x0000, 0x0000, 0x0000, 0x0000, 0x0000, 0x0000, 0x0000, 0x0000, 0x0000, 0x0000, 0x0000, 0x0000, 0x0000, 0x0000,
    0x0000, 0x0000, 0x0000, 0x0000, 0x0000, 0x0000, 0x0000, 0x0000, 0x0000, 0x0000, 0x0000, 0x0000, 0x0000, 0x0000, 0x0000, 0x0000,
    0x0000, 0x0000, 0x0000, 0x0000, 0x0000, 0x0000, 0x0000, 0x0000, 0x0000, 0x0000, 0x0000, 0x0000, 0x0000, 0x0000, 0x0000, 0x0000,
    0x0000, 0x0000, 0x0000, 0x0000, 0x0000, 0x0000, 0x0000, 0x0000, 0x0000, 0x0000, 0x0000, 0x0000, 0x0000, 0x0000, 0x0000, 0x0000,
    0x0000, 0x0000, 0x0000, 0x0000, 0x0000, 0x0000, 0x0000, 0x0000, 0x0000, 0x0000, 0x0000, 0x0000, 0x0000, 0x0000, 0x0000, 0x0000,
    0x0000, 0x0000, 0x0000, 0x0000, 0x0000, 0x0000, 0x0000, 0x0000, 0x0000, 0x0000, 0x0000, 0x0000, 0x0000, 0x0000, 0x0000, 0x0000,
    0x0000, 0x0000, 0x0000, 0x0000, 0x0000, 0x0000, 0x0000, 0x0000, 0x0000, 0x0000, 0x0000, 0x0000, 0x0000, 0x0000, 0x0000, 0x0000,
    0x0000, 0x0000, 0x0000, 0x0000, 0x0000, 0x0000, 0x0000, 0x0000, 0x0000, 0x0000, 0x0000, 0x0000, 0x0000, 0x0000, 0x0000, 0x0000,
    0x0000, 0x0000, 0x0000, 0x0000, 0x0000, 0x0000, 0x0000, 0x0000, 0x0000, 0x0000, 0x0000, 0x0000, 0x0000, 0x0000, 0x0000, 0x0000,
    0x0000, 0x0020, 0x0841, 0x0861, 0x1082, 0x0882, 0x0861, 0x0861, 0x0861, 0x0861, 0x0841, 0x0040, 0x0841, 0x0841, 0x0841, 0x0041,
    0x0020, 0x0020, 0x0020, 0x0000, 0x0000, 0x0000, 0x0000, 0x0000, 0x0000, 0x0000, 0x0000, 0x0000, 0x0000, 0x0000, 0x0000, 0x0000,
    0x0000, 0x0000, 0x0000, 0x0000, 0x0000, 0x0000, 0x0000, 0x0000, 0x0000, 0x0000, 0x0000, 0x0000, 0x0000, 0x0000, 0x0000, 0x0000,
    0x0000, 0x0000, 0x0000, 0x0000, 0x0000, 0x0000, 0x0000, 0x0000, 0x0000, 0x0000, 0x0000, 0x0000, 0x0000, 0x0000, 0x0000, 0x0000,
    0x0000, 0x0000, 0x0000, 0x0000, 0x0000, 0x0000, 0x10A2, 0x2104, 0x2145, 0x3186, 0x39C7, 0x1082, 0x3186, 0x39E8, 0x18E3, 0x1904,
    0x31C7, 0x2965, 0x2124, 0x1904, 0x10A3, 0x18C3, 0x31A7, 0x2945, 0x18C3, 0x1904, 0x2986, 0x2987, 0x2987, 0x2987, 0x2987, 0x29A8,
    0x31C8, 0x29A8, 0x2167, 0x2146, 0x2146, 0x2146, 0x2966, 0x18E4, 0x18E4, 0x10C3, 0x0021, 0x0000, 0x0000, 0x0000, 0x0000, 0x0000,
    0x0000, 0x0000, 0x0000, 0x0000, 0x0000, 0x0000, 0x0000, 0x0000, 0x0000, 0x0000, 0x0000, 0x0000, 0x0000, 0x0000, 0x0000, 0x0000,
    0x0000, 0x0000, 0x0000, 0x0000, 0x0000, 0x0000, 0x0000, 0x0000, 0x0000, 0x0000, 0x0000, 0x0000, 0x0000, 0x0000, 0x0000, 0x0000,
    0x0000, 0x0000, 0x0000, 0x0000, 0x0000, 0x0000, 0x0000, 0x0000, 0x0000, 0x0000, 0x0000, 0x0000, 0x0000, 0x0000, 0x0000, 0x0000,
    0x0000, 0x0000, 0x0000, 0x0000, 0x0000, 0x0000, 0x0000, 0x0000, 0x0000, 0x0000, 0x0000, 0x0000, 0x0000, 0x0000, 0x0000, 0x0000,
    0x0000, 0x0000, 0x0000, 0x0000, 0x0000, 0x0000, 0x0000, 0x0000, 0x0000, 0x0000, 0x0000, 0x0000, 0x0000, 0x0000, 0x0000, 0x0000,
    0x0000, 0x0000, 0x0000, 0x0000, 0x0000, 0x0000, 0x0000, 0x0000, 0x0000, 0x0000, 0x0000, 0x0000, 0x0000, 0x0000, 0x0000, 0x0000,
    0x0000, 0x0000, 0x0000, 0x0000, 0x0000, 0x0000, 0x0000, 0x0000, 0x0000, 0x0000, 0x0000, 0x0000, 0x0000, 0x0000, 0x0000, 0x0000,
    0x0000, 0x0000, 0x0000, 0x0000, 0x0000, 0x0000, 0x0000, 0x0000, 0x0000, 0x0000, 0x0000, 0x0000, 0x0000, 0x0000, 0x0000, 0x0000,
    0x0000, 0x0000, 0x0000, 0x0000, 0x0000, 0x0000, 0x0000, 0x0000, 0x0000, 0x0000, 0x0000, 0x0000, 0x0000, 0x0000, 0x0000, 0x0000,
    0x0000, 0x0000, 0x0000, 0x0000, 0x0000, 0x0000, 0x0000, 0x0000, 0x0000, 0x0000, 0x0000, 0x0000, 0x0000, 0x0000, 0x0000, 0x0000,
    0x0000, 0x0000, 0x0000, 0x0000, 0x0000, 0x0000, 0x0000, 0x0000, 0x0000, 0x0000, 0x0000, 0x0000, 0x0000, 0x0000, 0x0000, 0x0000,
    0x0000, 0x0000, 0x0000, 0x0000, 0x0000, 0x0000, 0x0000, 0x0000, 0x0000, 0x0000, 0x0000, 0x0000, 0x0000, 0x0000, 0x0000, 0x0000,
    0x0000, 0x0000, 0x0000, 0x0000, 0x0000, 0x0000, 0x0000, 0x0000, 0x0000, 0x0000, 0x0000, 0x0000, 0x0000, 0x0000, 0x0000, 0x0000,
    0x0000, 0x0000, 0x0000, 0x0000, 0x0000, 0x0020, 0x0000, 0x0020, 0x0020, 0x0020, 0x0020, 0x0020, 0x0020, 0x0020, 0x0020, 0x0000,
    0x0000, 0x0000, 0x0000, 0x0000, 0x0000, 0x0000, 0x0000, 0x0000, 0x0000, 0x0000, 0x0000, 0x0000, 0x0000, 0x0000, 0x0000, 0x0000,
    0x0000, 0x0000, 0x0000, 0x0000, 0x0000, 0x0000, 0x0000, 0x0000, 0x0000, 0x0000, 0x0000, 0x0000, 0x0000, 0x0000, 0x0000, 0x0000,
    0x0000, 0x0000, 0x0000, 0x0000, 0x0000, 0x0000, 0x0000, 0x0000, 0x0000, 0x0000, 0x0000, 0x0000, 0x0000, 0x0000, 0x0000, 0x0000,
    0x0000, 0x0000, 0x0000, 0x0000, 0x0000, 0x0000, 0x0000, 0x1082, 0x2945, 0x18E4, 0x2945, 0x18C3, 0x2124, 0x39C7, 0x2104, 0x10A2,
    0x2965, 0x2124, 0x18C3, 0x10A2, 0x18E4, 0x3186, 0x2966, 0x2104, 0x10C3, 0x18E4, 0x2125, 0x2125, 0x2126, 0x2146, 0x2146, 0x2125,
    0x2146, 0x2146, 0x2967, 0x2146, 0x2146, 0x2145, 0x10C3, 0x10A3, 0x10C3, 0x0882, 0x0000, 0x0000, 0x0000, 0x0000, 0x0000, 0x0000,
    0x0000, 0x0000, 0x0000, 0x0000, 0x0000, 0x0000, 0x0000, 0x0000, 0x0000, 0x0000, 0x0000, 0x0000, 0x0000, 0x0000, 0x0000, 0x0000,
    0x0000, 0x0000, 0x0000, 0x0000, 0x0000, 0x0000, 0x0000, 0x0000, 0x0000, 0x0000, 0x0000, 0x0000, 0x0000, 0x0000, 0x0000, 0x0000,
    0x0000, 0x0000, 0x0000, 0x0000, 0x0000, 0x0000, 0x0000, 0x0000, 0x0000, 0x0000, 0x0000, 0x0000, 0x0000, 0x0000, 0x0000, 0x0000,
    0x0000, 0x0000, 0x0000, 0x0000, 0x0000, 0x0000, 0x0000, 0x0000, 0x0000, 0x0000, 0x0000, 0x0000, 0x0000, 0x0000, 0x0000, 0x0000,
    0x0000, 0x0000, 0x0000, 0x0000, 0x0000, 0x0000, 0x0000, 0x0000, 0x0000, 0x0000, 0x0000, 0x0000, 0x0000, 0x0000, 0x0000, 0x0000,
    0x0000, 0x0000, 0x0000, 0x0000, 0x0000, 0x0000, 0x0000, 0x0000, 0x0000, 0x0000, 0x0000, 0x0000, 0x0000, 0x0000, 0x0000, 0x0000,
    0x0000, 0x0000, 0x0000, 0x0000, 0x0000, 0x0000, 0x0000, 0x0000, 0x0000, 0x0000, 0x0000, 0x0000, 0x0000, 0x0000, 0x0000, 0x0000,
    0x0000, 0x0000, 0x0000, 0x0000, 0x0000, 0x0000, 0x0000, 0x0000, 0x0000, 0x0000, 0x0000, 0x0000, 0x0000, 0x0000, 0x0000, 0x0000,
    0x0000, 0x0000, 0x0000, 0x0000, 0x0000, 0x0000, 0x0000, 0x0000, 0x0000, 0x0000, 0x0000, 0x0000, 0x0000, 0x0000, 0x0000, 0x0000,
    0x0000, 0x0000, 0x0000, 0x0000, 0x0000, 0x0000, 0x0000, 0x0000, 0x0000, 0x0000, 0x0000, 0x0000, 0x0000, 0x0000, 0x0000, 0x0000,
    0x0000, 0x0000, 0x0000, 0x0000, 0x0000, 0x0000, 0x0000, 0x0000, 0x0000, 0x0000, 0x0000, 0x0000, 0x0000, 0x0000, 0x0000, 0x0000,
    0x0000, 0x0000, 0x0000, 0x0000, 0x0000, 0x0000, 0x0000, 0x0000, 0x0000, 0x0000, 0x0000, 0x0000, 0x0000, 0x0000, 0x0000, 0x0000,
    0x0000, 0x0000, 0x0000, 0x0000, 0x0000, 0x0000, 0x0000, 0x0000, 0x0000, 0x0000, 0x0000, 0x0000, 0x0000, 0x0000, 0x0000, 0x0000,
    0x0000, 0x0000, 0x0000, 0x0000, 0x0000, 0x0000, 0x0000, 0x0000, 0x0000, 0x0000, 0x0000, 0x0000, 0x0000, 0x0000, 0x0000, 0x0000,
    0x0000, 0x0000, 0x0000, 0x0000, 0x0000, 0x0000, 0x0000, 0x0000, 0x0000, 0x0000, 0x0000, 0x0000, 0x0000, 0x0000, 0x0000, 0x0000,
    0x0000, 0x0000, 0x0000, 0x0000, 0x0000, 0x0000, 0x0000, 0x0000, 0x0000, 0x0000, 0x0000, 0x0000, 0x0000, 0x0000, 0x0000, 0x0000,
    0x0000, 0x0000, 0x0000, 0x0000, 0x0000, 0x0000, 0x0000, 0x0000, 0x0000, 0x0000, 0x0000, 0x0000, 0x0000, 0x0000, 0x0000, 0x0000,
    0x0000, 0x0000, 0x0000, 0x0000, 0x0000, 0x0000, 0x0000, 0x0000, 0x2125, 0x31A6, 0x31A7, 0x10C3, 0x2104, 0x2986, 0x3186, 0x18E3,
    0x18C3, 0x18E4, 0x18E4, 0x2945, 0x2986, 0x2966, 0x2104, 0x10A2, 0x10A3, 0x1904, 0x2105, 0x1925, 0x18E4, 0x2125, 0x2986, 0x2987,
    0x2966, 0x2987, 0x2987, 0x1904, 0x1905, 0x10C3, 0x10C3, 0x10A3, 0x18C3, 0x0021, 0x0000, 0x0000, 0x0000, 0x0000, 0x0000, 0x0000,
    0x0000, 0x0000, 0x0000, 0x0000, 0x0000, 0x0000, 0x0000, 0x0000, 0x0000, 0x0000, 0x0000, 0x0000, 0x0000, 0x0000, 0x0000, 0x0000,
    0x0000, 0x0000, 0x0000, 0x0000, 0x0000, 0x0000, 0x0000, 0x0000, 0x0000, 0x0000, 0x0000, 0x0000, 0x0000, 0x0000, 0x0000, 0x0000,
    0x0000, 0x0000, 0x0000, 0x0000, 0x0000, 0x0000, 0x0000, 0x0000, 0x0000, 0x0000, 0x0000, 0x0000, 0x0000, 0x0000, 0x0000, 0x0000,
    0x0000, 0x0000, 0x0000, 0x0000, 0x0000, 0x0000, 0x0000, 0x0000, 0x0000, 0x0000, 0x0000, 0x0000, 0x0000, 0x0000, 0x0000, 0x0000,
    0x0000, 0x0000, 0x0000, 0x0000, 0x0000, 0x0000, 0x0000, 0x0000, 0x0000, 0x0000, 0x0000, 0x0000, 0x0000, 0x0000, 0x0000, 0x0000,
    0x0000, 0x0000, 0x0000, 0x0000, 0x0000, 0x0000, 0x0000, 0x0000, 0x0000, 0x0000, 0x0000, 0x0000, 0x0000, 0x0000, 0x0000, 0x0000,
    0x0000, 0x0000, 0x0000, 0x0000, 0x0000, 0x0000, 0x0000, 0x0000, 0x0000, 0x0000, 0x0000, 0x0000, 0x0000, 0x0000, 0x0000, 0x0000,
    0x0000, 0x0000, 0x0000, 0x0000, 0x0000, 0x0000, 0x0000, 0x0000, 0x0000, 0x0000, 0x0000, 0x0000, 0x0000, 0x0000, 0x0000, 0x0000,
    0x0000, 0x0000, 0x0000, 0x0000, 0x0000, 0x0000, 0x0000, 0x0000, 0x0000, 0x0000, 0x0000, 0x0000, 0x0000, 0x0000, 0x0000, 0x0000,
    0x0000, 0x0000, 0x0000, 0x0000, 0x0000, 0x0000, 0x0000, 0x0000, 0x0000, 0x0000, 0x0000, 0x0000, 0x0000, 0x0000, 0x0000, 0x0000,
    0x0000, 0x0000, 0x0000, 0x0000, 0x0000, 0x0000, 0x0000, 0x0000, 0x0000, 0x0000, 0x0000, 0x0000, 0x0000, 0x0000, 0x0000, 0x0000,
    0x0000, 0x0000, 0x0000, 0x0000, 0x0000, 0x0000, 0x0000, 0x0000, 0x0000, 0x0000, 0x0000, 0x0000, 0x0000, 0x0000, 0x0000, 0x0000,
    0x0000, 0x0000, 0x0000, 0x0000, 0x0000, 0x0000, 0x0000, 0x0000, 0x0000, 0x0000, 0x0000, 0x0000, 0x0000, 0x0000, 0x0000, 0x0000,
    0x0000, 0x0000, 0x0000, 0x0000, 0x0000, 0x0000, 0x0000, 0x0000, 0x0000, 0x0000, 0x0000, 0x0000, 0x0000, 0x0000, 0x0000, 0x0000,
    0x0000, 0x0000, 0x0000, 0x0000, 0x0000, 0x0000, 0x0000, 0x0000, 0x0000, 0x0000, 0x0000, 0x0000, 0x0000, 0x0000, 0x0000, 0x0000,
    0x0000, 0x0000, 0x0000, 0x0000, 0x0000, 0x0000, 0x0000, 0x0000, 0x0000, 0x0000, 0x0000, 0x0000, 0x0000, 0x0000, 0x0000, 0x0000,
    0x0000, 0x0000, 0x0000, 0x0000, 0x0000, 0x0000, 0x0000, 0x0000, 0x0000, 0x0000, 0x0000, 0x0000, 0x0000, 0x0000, 0x0000, 0x0000,
    0x0000, 0x0000, 0x0000, 0x0000, 0x0000, 0x0000, 0x0000, 0x0000, 0x0861, 0x3186, 0x2986, 0x18E3, 0x2965, 0x31A6, 0x39C7, 0x2104,
    0x18E4, 0x3186, 0x2966, 0x2145, 0x2124, 0x10A3, 0x1082, 0x1082, 0x2945, 0x10A3, 0x10C3, 0x2966, 0x18E4, 0x2125, 0x2125, 0x18E4,
    0x2125, 0x2966, 0x18E4, 0x18E4, 0x18E4, 0x0882, 0x0882, 0x18C4, 0x10A3, 0x0000, 0x0000, 0x0000, 0x0000, 0x0000, 0x0000, 0x0000,
    0x0000, 0x0000, 0x0000, 0x0000, 0x0000, 0x0000, 0x0000, 0x0000, 0x0000, 0x0000, 0x0000, 0x0000, 0x0000, 0x0000, 0x0000, 0x0000,
    0x0000, 0x0000, 0x0000, 0x0000, 0x0000, 0x0000, 0x0000, 0x0000, 0x0000, 0x0000, 0x0000, 0x0000, 0x0000, 0x0000, 0x0000, 0x0000,
    0x0000, 0x0000, 0x0000, 0x0000, 0x0000, 0x0000, 0x0000, 0x0000, 0x0000, 0x0000, 0x0000, 0x0000, 0x0000, 0x0000, 0x0000, 0x0000,
    0x0000, 0x0000, 0x0000, 0x0000, 0x0000, 0x0000, 0x0000, 0x0000, 0x0000, 0x0000, 0x0000, 0x0000, 0x0000, 0x0000, 0x0000, 0x0000,
    0x0000, 0x0000, 0x0000, 0x0000, 0x0000, 0x0000, 0x0000, 0x0000, 0x0000, 0x0000, 0x0000, 0x0000, 0x0000, 0x0000, 0x0000, 0x0000,
    0x0000, 0x0000, 0x0000, 0x0000, 0x0000, 0x0000, 0x0000, 0x0000, 0x0000, 0x0000, 0x0000, 0x0000, 0x0000, 0x0000, 0x0000, 0x0000,
    0x0000, 0x0000, 0x0000, 0x0000, 0x0000, 0x0000, 0x0000, 0x0000, 0x0000, 0x0000, 0x0000, 0x0000, 0x0000, 0x0000, 0x0000, 0x0000,
    0x0000, 0x0000, 0x0000, 0x0000, 0x0000, 0x0000, 0x0000, 0x0000, 0x0000, 0x0000, 0x0000, 0x0000, 0x0000, 0x0000, 0x0000, 0x0000,
    0x0000, 0x0000, 0x0000, 0x0000, 0x0000, 0x0000, 0x0000, 0x0000, 0x0000, 0x0000, 0x0000, 0x0000, 0x0000, 0x0000, 0x0000, 0x0000,
    0x0000, 0x0000, 0x0000, 0x0000, 0x0000, 0x0000, 0x0000, 0x0000, 0x0000, 0x0000, 0x0000, 0x0000, 0x0000, 0x0000, 0x0000, 0x0000,
    0x0000, 0x0000, 0x0000, 0x0000, 0x0000, 0x0000, 0x0000, 0x0000, 0x0000, 0x0000, 0x0000, 0x0000, 0x0000, 0x0000, 0x0000, 0x0000,
    0x0000, 0x0000, 0x0000, 0x0000, 0x0000, 0x0000, 0x0000, 0x0000, 0x0000, 0x0000, 0x0000, 0x0000, 0x0000, 0x0000, 0x0000, 0x0000,
    0x0000, 0x0000, 0x0000, 0x0000, 0x0000, 0x0000, 0x0000, 0x0000, 0x0000, 0x0000, 0x0000, 0x0000, 0x0000, 0x0000, 0x0000, 0x0000,
    0x0000, 0x0000, 0x0000, 0x0000, 0x0000, 0x0000, 0x0000, 0x0000, 0x0000, 0x0000, 0x0000, 0x0000, 0x0000, 0x0000, 0x0000, 0x0000,
    0x0000, 0x0000, 0x0000, 0x0000, 0x0000, 0x0000, 0x0000, 0x0000, 0x0000, 0x0000, 0x0000, 0x0000, 0x0000, 0x0000, 0x0000, 0x0000,
    0x0000, 0x0000, 0x0000, 0x0000, 0x0000, 0x0000, 0x0000, 0x0000, 0x0000, 0x0000, 0x0000, 0x0000, 0x0000, 0x0000, 0x0000, 0x0000,
    0x0000, 0x0000, 0x0000, 0x0000, 0x0000, 0x0000, 0x0000, 0x0000, 0x0000, 0x0000, 0x0000, 0x0000, 0x0000, 0x0000, 0x0000, 0x0000,
    0x0000, 0x0000, 0x0000, 0x0000, 0x0000, 0x0000, 0x0000, 0x0000, 0x0000, 0x1082, 0x3186, 0x2124, 0x2125, 0x2965, 0x2965, 0x2124,
    0x18E3, 0x2104, 0x2124, 0x18E4, 0x10A3, 0x1082, 0x2124, 0x2966, 0x2945, 0x1082, 0x0882, 0x1904, 0x1904, 0x18E4, 0x10C3, 0x18E4,
    0x1904, 0x1904, 0x10C3, 0x18E4, 0x0862, 0x10C3, 0x1904, 0x1082, 0x0000, 0x0000, 0x0000, 0x0000, 0x0000, 0x0000, 0x0000, 0x0000,
    0x0000, 0x0000, 0x0000, 0x0000, 0x0000, 0x0000, 0x0000, 0x0000, 0x0000, 0x0000, 0x0000, 0x0000, 0x0000, 0x0000, 0x0000, 0x0000,
    0x0000, 0x0000, 0x0000, 0x0000, 0x0000, 0x0000, 0x0000, 0x0000, 0x0000, 0x0000, 0x0000, 0x0000, 0x0000, 0x0000, 0x0000, 0x0000,
    0x0000, 0x0000, 0x0000, 0x0000, 0x0000, 0x0000, 0x0000, 0x0000, 0x0000, 0x0000, 0x0000, 0x0000, 0x0000, 0x0000, 0x0000, 0x0000,
    0x0000, 0x0000, 0x0000, 0x0000, 0x0000, 0x0000, 0x0000, 0x0000, 0x0000, 0x0000, 0x0000, 0x0000, 0x0000, 0x0000, 0x0000, 0x0000,
    0x0000, 0x0000, 0x0000, 0x0000, 0x0000, 0x0000, 0x0000, 0x0000, 0x0000, 0x0000, 0x0000, 0x0000, 0x0000, 0x0000, 0x0000, 0x0000,
    0x0000, 0x0000, 0x0000, 0x0000, 0x0000, 0x0000, 0x0000, 0x0000, 0x0000, 0x0000, 0x0000, 0x0000, 0x0000, 0x0000, 0x0000, 0x0000,
    0x0000, 0x0000, 0x0000, 0x0000, 0x0000, 0x0000, 0x0000, 0x0000, 0x0000, 0x0000, 0x0000, 0x0000, 0x0000, 0x0000, 0x0000, 0x0000,
    0x0000, 0x0000, 0x0000, 0x0000, 0x0000, 0x0000, 0x0000, 0x0000, 0x0000, 0x0000, 0x0000, 0x0000, 0x0000, 0x0000, 0x0000, 0x0000,
    0x0000, 0x0000, 0x0000, 0x0000, 0x0000, 0x0000, 0x0000, 0x0000, 0x0000, 0x0000, 0x0000, 0x0000, 0x0000, 0x0000, 0x0000, 0x0000,
    0x0000, 0x0000, 0x0000, 0x0000, 0x0000, 0x0000, 0x0000, 0x0000, 0x0000, 0x0000, 0x0000, 0x0000, 0x0000, 0x0000, 0x0000, 0x0000,
    0x0000, 0x0000, 0x0000, 0x0000, 0x0000, 0x0000, 0x0000, 0x0000, 0x0000, 0x0000, 0x0000, 0x0000, 0x0000, 0x0000, 0x0000, 0x0000,
    0x0000, 0x0000, 0x0000, 0x0000, 0x0000, 0x0000, 0x0000, 0x0000, 0x0000, 0x0000, 0x0000, 0x0000, 0x0000, 0x0000, 0x0000, 0x0000,
    0x0000, 0x0000, 0x0000, 0x0000, 0x0000, 0x0000, 0x0000, 0x0000, 0x0000, 0x0000, 0x0000, 0x0000, 0x0000, 0x0000, 0x0000, 0x0000,
    0x0000, 0x0000, 0x0000, 0x0000, 0x0000, 0x0000, 0x0000, 0x0000, 0x0000, 0x0000, 0x0000, 0x0000, 0x0000, 0x0000, 0x0000, 0x0000,
    0x0000, 0x0000, 0x0000, 0x0000, 0x0000, 0x0000, 0x0000, 0x0000, 0x0000, 0x0000, 0x0000, 0x0000, 0x0000, 0x0000, 0x0000, 0x0000,
    0x0000, 0x0000, 0x0000, 0x0000, 0x0000, 0x0000, 0x0000, 0x0000, 0x0000, 0x0000, 0x0000, 0x0000, 0x0000, 0x0000, 0x0000, 0x0000,
    0x0000, 0x0000, 0x0000, 0x0000, 0x0000, 0x0000, 0x0000, 0x0000, 0x0000, 0x0000, 0x0000, 0x0000, 0x0000, 0x0000, 0x0000, 0x0000,
    0x0000, 0x0000, 0x0000, 0x0000, 0x0000, 0x0000, 0x0000, 0x0000, 0x0000, 0x0000, 0x10A2, 0x2986, 0x2965, 0x1904, 0x2124, 0x2965,
    0x2125, 0x18E4, 0x18C3, 0x18E3, 0x18E3, 0x2966, 0x2986, 0x2104, 0x0861, 0x1082, 0x18C3, 0x10C3, 0x10C3, 0x1904, 0x18E4, 0x18C3,
    0x18E3, 0x10A3, 0x0882, 0x10A3, 0x2125, 0x18E4, 0x10A3, 0x0000, 0x0000, 0x0000, 0x0000, 0x0000, 0x0000, 0x0000, 0x0000, 0x0000,
    0x0000, 0x0000, 0x0000, 0x0000, 0x0000, 0x0000, 0x0000, 0x0000, 0x0000, 0x0000, 0x0000, 0x0000, 0x0000, 0x0000, 0x0000, 0x0000,
    0x0000, 0x0000, 0x0000, 0x0000, 0x0000, 0x0000, 0x0000, 0x0000, 0x0000, 0x0000, 0x0000, 0x0000, 0x0000, 0x0000, 0x0000, 0x0000,
    0x0000, 0x0000, 0x0000, 0x0000, 0x0000, 0x0000, 0x0000, 0x0000, 0x0000, 0x0000, 0x0000, 0x0000, 0x0000, 0x0000, 0x0000, 0x0000,
    0x0000, 0x0000, 0x0000, 0x0000, 0x0000, 0x0000, 0x0000, 0x0000, 0x0000, 0x0000, 0x0000, 0x0000, 0x0000, 0x0000, 0x0000, 0x0000,
    0x0000, 0x0000, 0x0000, 0x0000, 0x0000, 0x0000, 0x0000, 0x0000, 0x0000, 0x0000, 0x0000, 0x0000, 0x0000, 0x0000, 0x0000, 0x0000,
    0x0000, 0x0000, 0x0000, 0x0000, 0x0000, 0x0000, 0x0000, 0x0000, 0x0000, 0x0000, 0x0000, 0x0000, 0x0000, 0x0000, 0x0000, 0x0000,
    0x0000, 0x0000, 0x0000, 0x0000, 0x0000, 0x0000, 0x0000, 0x0000, 0x0000, 0x0000, 0x0000, 0x0000, 0x0000, 0x0000, 0x0000, 0x0000,
    0x0000, 0x0000, 0x0000, 0x0000, 0x0000, 0x0000, 0x0000, 0x0000, 0x0000, 0x0000, 0x0000, 0x0000, 0x0000, 0x0000, 0x0000, 0x0000,
    0x0000, 0x0000, 0x0000, 0x0000, 0x0000, 0x0000, 0x0000, 0x0000, 0x0000, 0x0000, 0x0000, 0x0000, 0x0000, 0x0000, 0x0000, 0x0000,
    0x0000, 0x0000, 0x0000, 0x0000, 0x0000, 0x0000, 0x0000, 0x0000, 0x0000, 0x0000, 0x0000, 0x0000, 0x0000, 0x0000, 0x0000, 0x0000,
    0x0000, 0x0000, 0x0000, 0x0000, 0x0000, 0x0000, 0x0000, 0x0000, 0x0000, 0x0000, 0x0000, 0x0000, 0x0000, 0x0000, 0x0000, 0x0000,
    0x0000, 0x0000, 0x0000, 0x0000, 0x0000, 0x0000, 0x0000, 0x0000, 0x0000, 0x0000, 0x0000, 0x0000, 0x0000, 0x0000, 0x0000, 0x0000,
    0x0000, 0x0000, 0x0000, 0x0000, 0x0000, 0x0000, 0x0000, 0x0000, 0x0000, 0x0000, 0x0000, 0x0000, 0x0000, 0x0000, 0x0000, 0x0000,
    0x0000, 0x0000, 0x0000, 0x0000, 0x0000, 0x0000, 0x0000, 0x0000, 0x0000, 0x0000, 0x0000, 0x0000, 0x0000, 0x0000, 0x0000, 0x0000,
    0x0000, 0x0000, 0x0000, 0x0000, 0x0000, 0x0000, 0x0000, 0x0000, 0x0000, 0x0000, 0x0000, 0x0000, 0x0000, 0x0000, 0x0000, 0x0000,
    0x0000, 0x0000, 0x0000, 0x0000, 0x0000, 0x0000, 0x0000, 0x0000, 0x0000, 0x0000, 0x0000, 0x0000, 0x0000, 0x0000, 0x0000, 0x0000,
    0x0000, 0x0000, 0x0000, 0x0000, 0x0000, 0x0000, 0x0000, 0x0000, 0x0000, 0x0000, 0x0000, 0x0000, 0x0000, 0x0000, 0x0000, 0x0000,
    0x0000, 0x0000, 0x0000, 0x0000, 0x0000, 0x0000, 0x0000, 0x0000, 0x0000, 0x0000, 0x0000, 0x1082, 0x2124, 0x2104, 0x18E3, 0x18E3,
    0x2124, 0x18E4, 0x10C2, 0x18C3, 0x2965, 0x2124, 0x18C3, 0x18E3, 0x1904, 0x2104, 0x2104, 0x10A3, 0x10A3, 0x18E3, 0x10A2, 0x10A3,
    0x1904, 0x10A3, 0x0862, 0x10C3, 0x2104, 0x0021, 0x0000, 0x0000, 0x0000, 0x0000, 0x0000, 0x0000, 0x0000, 0x0000, 0x0000, 0x0000,
    0x0000, 0x0000, 0x0000, 0x0000, 0x0000, 0x0000, 0x0000, 0x0000, 0x0000, 0x0000, 0x0000, 0x0000, 0x0000, 0x0000, 0x0000, 0x0000,
    0x0000, 0x0000, 0x0000, 0x0000, 0x0000, 0x0000, 0x0000, 0x0000, 0x0000, 0x0000, 0x0000, 0x0000, 0x0000, 0x0000, 0x0000, 0x0000,
    0x0000, 0x0000, 0x0000, 0x0000, 0x0000, 0x0000, 0x0000, 0x0000, 0x0000, 0x0000, 0x0000, 0x0000, 0x0000, 0x0000, 0x0000, 0x0000,
    0x0000, 0x0000, 0x0000, 0x0000, 0x0000, 0x0000, 0x0000, 0x0000, 0x0000, 0x0000, 0x0000, 0x0000, 0x0000, 0x0000, 0x0000, 0x0000,
    0x0000, 0x0000, 0x0000, 0x0000, 0x0000, 0x0000, 0x0000, 0x0000, 0x0000, 0x0000, 0x0000, 0x0000, 0x0000, 0x0000, 0x0000, 0x0000,
    0x0000, 0x0000, 0x0000, 0x0000, 0x0000, 0x0000, 0x0000, 0x0000, 0x0000, 0x0000, 0x0000, 0x0000, 0x0000, 0x0000, 0x0000, 0x0000,
    0x0000, 0x0000, 0x0000, 0x0000, 0x0000, 0x0000, 0x0000, 0x0000, 0x0000, 0x0000, 0x0000, 0x0000, 0x0000, 0x0000, 0x0000, 0x0000,
    0x0000, 0x0000, 0x0000, 0x0000, 0x0000, 0x0000, 0x0000, 0x0000, 0x0000, 0x0000, 0x0000, 0x0000, 0x0000, 0x0000, 0x0000, 0x0000,
    0x0000, 0x0000, 0x0000, 0x0000, 0x0000, 0x0000, 0x0000, 0x0000, 0x0000, 0x0000, 0x0000, 0x0000, 0x0000, 0x0000, 0x0000, 0x0000,
    0x0000, 0x0000, 0x0000, 0x0000, 0x0000, 0x0000, 0x0000, 0x0000, 0x0000, 0x0000, 0x0000, 0x0000, 0x0000, 0x0000, 0x0000, 0x0000,
    0x0000, 0x0000, 0x0000, 0x0000, 0x0000, 0x0000, 0x0000, 0x0000, 0x0000, 0x0000, 0x0000, 0x0000, 0x0000, 0x0000, 0x0000, 0x0000,
    0x0000, 0x0000, 0x0000, 0x0000, 0x0000, 0x0000, 0x0000, 0x0000, 0x0000, 0x0000, 0x0000, 0x0000, 0x0000, 0x0000, 0x0000, 0x0000,
    0x0000, 0x0000, 0x0000, 0x0000, 0x0000, 0x0000, 0x0000, 0x0000, 0x0000, 0x0000, 0x0000, 0x0000, 0x0000, 0x0000, 0x0000, 0x0000,
    0x0000, 0x0000, 0x0000, 0x0000, 0x0000, 0x0000, 0x0000, 0x0000, 0x0000, 0x0000, 0x0000, 0x0000, 0x0000, 0x0000, 0x0000, 0x0000,
    0x0000, 0x0000, 0x0000, 0x0000, 0x0000, 0x0000, 0x0000, 0x0000, 0x0000, 0x0000, 0x0000, 0x0000, 0x0000, 0x0000, 0x0000, 0x0000,
    0x0000, 0x0000, 0x0000, 0x0000, 0x0000, 0x0000, 0x0000, 0x0000, 0x0000, 0x0000, 0x0000, 0x0000, 0x0000, 0x0000, 0x0000, 0x0000,
    0x0000, 0x0000, 0x0000, 0x0000, 0x0000, 0x0000, 0x0000, 0x0000, 0x0000, 0x0000, 0x0000, 0x0000, 0x0000, 0x0000, 0x0000, 0x0000,
    0x0000, 0x0000, 0x0000, 0x0000, 0x0000, 0x0000, 0x0000, 0x0000, 0x0000, 0x0000, 0x0000, 0x0000, 0x0000, 0x0881, 0x10A2, 0x18C3,
    0x10A3, 0x10A3, 0x18E3, 0x18E3, 0x1903, 0x18E3, 0x18E3, 0x18C3, 0x18C3, 0x2104, 0x1082, 0x0882, 0x1904, 0x18E4, 0x0882, 0x0882,
    0x10C3, 0x10A2, 0x10A3, 0x10A3, 0x0020, 0x0000, 0x0000, 0x0000, 0x0000, 0x0000, 0x0000, 0x0000, 0x0000, 0x0000, 0x0000, 0x0000,
    0x0000, 0x0000, 0x0000, 0x0000, 0x0000, 0x0000, 0x0000, 0x0000, 0x0000, 0x0000, 0x0000, 0x0000, 0x0000, 0x0000, 0x0000, 0x0000,
    0x0000, 0x0000, 0x0000, 0x0000, 0x0000, 0x0000, 0x0000, 0x0000, 0x0000, 0x0000, 0x0000, 0x0000, 0x0000, 0x0000, 0x0000, 0x0000,
    0x0000, 0x0000, 0x0000, 0x0000, 0x0000, 0x0000, 0x0000, 0x0000, 0x0000, 0x0000, 0x0000, 0x0000, 0x0000, 0x0000, 0x0000, 0x0000,
    0x0000, 0x0000, 0x0000, 0x0000, 0x0000, 0x0000, 0x0000, 0x0000, 0x0000, 0x0000, 0x0000, 0x0000, 0x0000, 0x0000, 0x0000, 0x0000,
    0x0000, 0x0000, 0x0000, 0x0000, 0x0000, 0x0000, 0x0000, 0x0000, 0x0000, 0x0000, 0x0000, 0x0000, 0x0000, 0x0000, 0x0000, 0x0000,
    0x0000, 0x0000, 0x0000, 0x0000, 0x0000, 0x0000, 0x0000, 0x0000, 0x0000, 0x0000, 0x0000, 0x0000, 0x0000, 0x0000, 0x0000, 0x0000,
    0x0000, 0x0000, 0x0000, 0x0000, 0x0000, 0x0000, 0x0000, 0x0000, 0x0000, 0x0000, 0x0000, 0x0000, 0x0000, 0x0000, 0x0000, 0x0000,
    0x0000, 0x0000, 0x0000, 0x0000, 0x0000, 0x0000, 0x0000, 0x0000, 0x0000, 0x0000, 0x0000, 0x0000, 0x0000, 0x0000, 0x0000, 0x0000,
    0x0000, 0x0000, 0x0000, 0x0000, 0x0000, 0x0000, 0x0000, 0x0000, 0x0000, 0x0000, 0x0000, 0x0000, 0x0000, 0x0000, 0x0000, 0x0000,
    0x0000, 0x0000, 0x0000, 0x0000, 0x0000, 0x0000, 0x0000, 0x0000, 0x0000, 0x0000, 0x0000, 0x0000, 0x0000, 0x0000, 0x0000, 0x0000,
    0x0000, 0x0000, 0x0000, 0x0000, 0x0000, 0x0000, 0x0000, 0x0000, 0x0000, 0x0000, 0x0000, 0x0000, 0x0000, 0x0000, 0x0000, 0x0000,
    0x0000, 0x0000, 0x0000, 0x0000, 0x0000, 0x0000, 0x0000, 0x0000, 0x0000, 0x0000, 0x0000, 0x0000, 0x0000, 0x0000, 0x0000, 0x0000,
    0x0000, 0x0000, 0x0000, 0x0000, 0x0000, 0x0000, 0x0000, 0x0000, 0x0000, 0x0000, 0x0000, 0x0000, 0x0000, 0x0000, 0x0000, 0x0000,
    0x0000, 0x0000, 0x0000, 0x0000, 0x0000, 0x0000, 0x0000, 0x0000, 0x0000, 0x0000, 0x0000, 0x0000, 0x0000, 0x0000, 0x0000, 0x0000,
    0x0000, 0x0000, 0x0000, 0x0000, 0x0000, 0x0000, 0x0000, 0x0000, 0x0000, 0x0000, 0x0000, 0x0000, 0x0000, 0x0000, 0x0000, 0x0000,
    0x0000, 0x0000, 0x0000, 0x0000, 0x0000, 0x0000, 0x0000, 0x0000, 0x0000, 0x0000, 0x0000, 0x0000, 0x0000, 0x0000, 0x0000, 0x0000,
    0x0000, 0x0000, 0x0000, 0x0000, 0x0000, 0x0000, 0x0000, 0x0000, 0x0000, 0x0000, 0x0000, 0x0000, 0x0000, 0x0000, 0x0000, 0x0000,
    0x0000, 0x0000, 0x0000, 0x0000, 0x0000, 0x0000, 0x0000, 0x0000, 0x0000, 0x0000, 0x0000, 0x0000, 0x0000, 0x0000, 0x0000, 0x0021,
    0x0841, 0x1082, 0x10A2, 0x10A2, 0x1082, 0x10A2, 0x10A2, 0x18C3, 0x18C3, 0x1082, 0x10C3, 0x2104, 0x1904, 0x10C2, 0x1903, 0x10A2,
    0x10A3, 0x0041, 0x0021, 0x0000, 0x0000, 0x0000, 0x0000, 0x0000, 0x0000, 0x0000, 0x0000, 0x0000, 0x0000, 0x0000, 0x0000, 0x0000,
    0x0000, 0x0000, 0x0000, 0x0000, 0x0000, 0x0000, 0x0000, 0x0000, 0x0000, 0x0000, 0x0000, 0x0000, 0x0000, 0x0000, 0x0000, 0x0000,
    0x0000, 0x0000, 0x0000, 0x0000, 0x0000, 0x0000, 0x0000, 0x0000, 0x0000, 0x0000, 0x0000, 0x0000, 0x0000, 0x0000, 0x0000, 0x0000,
    0x0000, 0x0000, 0x0000, 0x0000, 0x0000, 0x0000, 0x0000, 0x0000, 0x0000, 0x0000, 0x0000, 0x0000, 0x0000, 0x0000, 0x0000, 0x0000,
    0x0000, 0x0000, 0x0000, 0x0000, 0x0000, 0x0000, 0x0000, 0x0000, 0x0000, 0x0000, 0x0000, 0x0000, 0x0000, 0x0000, 0x0000, 0x0000,
    0x0000, 0x0000, 0x0000, 0x0000, 0x0000, 0x0000, 0x0000, 0x0000, 0x0000, 0x0000, 0x0000, 0x0000, 0x0000, 0x0000, 0x0000, 0x0000,
    0x0000, 0x0000, 0x0000, 0x0000, 0x0000, 0x0000, 0x0000, 0x0000, 0x0000, 0x0000, 0x0000, 0x0000, 0x0000, 0x0000, 0x0000, 0x0000,
    0x0000, 0x0000, 0x0000, 0x0000, 0x0000, 0x0000, 0x0000, 0x0000, 0x0000, 0x0000, 0x0000, 0x0000, 0x0000, 0x0000, 0x0000, 0x0000,
    0x0000, 0x0000, 0x0000, 0x0000, 0x0000, 0x0000, 0x0000, 0x0000, 0x0000, 0x0000, 0x0000, 0x0000, 0x0000, 0x0000, 0x0000, 0x0000,
    0x0000, 0x0000, 0x0000, 0x0000, 0x0000, 0x0000, 0x0000, 0x0000, 0x0000, 0x0000, 0x0000, 0x0000, 0x0000, 0x0000, 0x0000, 0x0000,
    0x0000, 0x0000, 0x0000, 0x0000, 0x0000, 0x0000, 0x0000, 0x0000, 0x0000, 0x0000, 0x0000, 0x0000, 0x0000, 0x0000, 0x0000, 0x0000,
    0x0000, 0x0000, 0x0000, 0x0000, 0x0000, 0x0000, 0x0000, 0x0000, 0x0000, 0x0000, 0x0000, 0x0000, 0x0000, 0x0000, 0x0000, 0x0000,
    0x0000, 0x0000, 0x0000, 0x0000, 0x0000, 0x0000, 0x0000, 0x0000, 0x0000, 0x0000, 0x0000, 0x0000, 0x0000, 0x0000, 0x0000, 0x0000,
    0x0000, 0x0000, 0x0000, 0x0000, 0x0000, 0x0000, 0x0000, 0x0000, 0x0000, 0x0000, 0x0000, 0x0000, 0x0000, 0x0000, 0x0000, 0x0000,
    0x0000, 0x0000, 0x0000, 0x0000, 0x0000, 0x0000, 0x0000, 0x0000, 0x0000, 0x0000, 0x0000, 0x0000, 0x0000, 0x0000, 0x0000, 0x0000,
    0x0000, 0x0000, 0x0000, 0x0000, 0x0000, 0x0000, 0x0000, 0x0000, 0x0000, 0x0000, 0x0000, 0x0000, 0x0000, 0x0000, 0x0000, 0x0000,
    0x0000, 0x0000, 0x0000, 0x0000, 0x0000, 0x0000, 0x0000, 0x0000, 0x0000, 0x0000, 0x0000, 0x0000, 0x0000, 0x0000, 0x0000, 0x0000,
    0x0000, 0x0000, 0x0000, 0x0000, 0x0000, 0x0000, 0x0000, 0x0000, 0x0000, 0x0000, 0x0000, 0x0000, 0x0000, 0x0000, 0x0000, 0x0000,
    0x0000, 0x0000, 0x0000, 0x0000, 0x0000, 0x0000, 0x0000, 0x0000, 0x0000, 0x0000, 0x0000, 0x0000, 0x0000, 0x0000, 0x0000, 0x0000,
    0x0000, 0x0000, 0x0000, 0x0000, 0x0020, 0x0020, 0x0841, 0x0841, 0x0041, 0x0861, 0x0861, 0x0841, 0x0040, 0x0041, 0x0040, 0x0020,
    0x0020, 0x0000, 0x0000, 0x0000, 0x0000, 0x0000, 0x0000, 0x0000, 0x0000, 0x0000, 0x0000, 0x0000, 0x0000, 0x0000, 0x0000, 0x0000,
    0x0000, 0x0000, 0x0000, 0x0000, 0x0000, 0x0000, 0x0000, 0x0000, 0x0000, 0x0000, 0x0000, 0x0000, 0x0000, 0x0000, 0x0000, 0x0000,
    0x0000, 0x0000, 0x0000, 0x0000, 0x0000, 0x0000, 0x0000, 0x0000, 0x0000, 0x0000, 0x0000, 0x0000, 0x0000, 0x0000, 0x0000, 0x0000,
    0x0000, 0x0000, 0x0000, 0x0000, 0x0000, 0x0000, 0x0000, 0x0000, 0x0000, 0x0000, 0x0000, 0x0000, 0x0000, 0x0000, 0x0000, 0x0000,
    0x0000, 0x0000, 0x0000, 0x0000, 0x0000, 0x0000, 0x0000, 0x0000, 0x0000, 0x0000, 0x0000, 0x0000, 0x0000, 0x0000, 0x0000, 0x0000,
    0x0000, 0x0000, 0x0000, 0x0000, 0x0000, 0x0000, 0x0000, 0x0000, 0x0000, 0x0000, 0x0000, 0x0000, 0x0000, 0x0000, 0x0000, 0x0000,
    0x0000, 0x0000, 0x0000, 0x0000, 0x0000, 0x0000, 0x0000, 0x0000, 0x0000, 0x0000, 0x0000, 0x0000, 0x0000, 0x0000, 0x0000, 0x0000,
    0x0000, 0x0000, 0x0000, 0x0000, 0x0000, 0x0000, 0x0000, 0x0000, 0x0000, 0x0000, 0x0000, 0x0000, 0x0000, 0x0000, 0x0000, 0x0000,
    0x0000, 0x0000, 0x0000, 0x0000, 0x0000, 0x0000, 0x0000, 0x0000, 0x0000, 0x0000, 0x0000, 0x0000, 0x0000, 0x0000, 0x0000, 0x0000,
    0x0000, 0x0000, 0x0000, 0x0000, 0x0000, 0x0000, 0x0000, 0x0000, 0x0000, 0x0000, 0x0000, 0x0000, 0x0000, 0x0000, 0x0000, 0x0000,
    0x0000, 0x0000, 0x0000, 0x0000, 0x0000, 0x0000, 0x0000, 0x0000, 0x0000, 0x0000, 0x0000, 0x0000, 0x0000, 0x0000, 0x0000, 0x0000,
    0x0000, 0x0000, 0x0000, 0x0000, 0x0000, 0x0000, 0x0000, 0x0000, 0x0000, 0x0000, 0x0000, 0x0000, 0x0000, 0x0000, 0x0000, 0x0000,
    0x0000, 0x0000, 0x0000, 0x0000, 0x0000, 0x0000, 0x0000, 0x0000, 0x0000, 0x0000, 0x0000, 0x0000, 0x0000, 0x0000, 0x0000, 0x0000,
    0x0000, 0x0000, 0x0000, 0x0000, 0x0000, 0x0000, 0x0000, 0x0000, 0x0000, 0x0000, 0x0000, 0x0000, 0x0000, 0x0000, 0x0000, 0x0000,
    0x0000, 0x0000, 0x0000, 0x0000, 0x0000, 0x0000, 0x0000, 0x0000, 0x0000, 0x0000, 0x0000, 0x0000, 0x0000, 0x0000, 0x0000, 0x0000,
    0x0000, 0x0000, 0x0000, 0x0000, 0x0000, 0x0000, 0x0000, 0x0000, 0x0000, 0x0000, 0x0000, 0x0000, 0x0000, 0x0000, 0x0000, 0x0000,
    0x0000, 0x0000, 0x0000, 0x0000, 0x0000, 0x0000, 0x0000, 0x0000, 0x0000, 0x0000, 0x0000, 0x0000, 0x0000, 0x0000, 0x0000, 0x0000,
    0x0000, 0x0000, 0x0000, 0x0000, 0x0000, 0x0000, 0x0000, 0x0000, 0x0000, 0x0000, 0x0000, 0x0000, 0x0000, 0x0000, 0x0000, 0x0000,
    0x0000, 0x0000, 0x0000, 0x0000, 0x0000, 0x0000, 0x0000, 0x0000, 0x0000, 0x0000, 0x0000, 0x0000, 0x0000, 0x0000, 0x0000, 0x0000,
    0x0000, 0x0000, 0x0000, 0x0000, 0x0000, 0x0000, 0x0000, 0x0000, 0x0000, 0x0000, 0x0000, 0x0000, 0x0000, 0x0000, 0x0000, 0x0000,
    0x0000, 0x0000, 0x0000, 0x0000, 0x0000, 0x0000, 0x0000, 0x0000, 0x0000, 0x0000, 0x0000, 0x0000, 0x0000, 0x0000, 0x0000, 0x0000,
    0x0000, 0x0000, 0x0000, 0x0000, 0x0000, 0x0000, 0x0000, 0x0000, 0x0000, 0x0000, 0x0000, 0x0000, 0x0000, 0x0000, 0x0000, 0x0000,
    0x0000, 0x0000, 0x0000, 0x0000, 0x0000, 0x0000, 0x0000, 0x0000, 0x0000, 0x0000, 0x0000, 0x0000, 0x0000, 0x0000, 0x0000, 0x0000,
    0x0000, 0x0000, 0x0000, 0x0000, 0x0000, 0x0000, 0x0000, 0x0000, 0x0000, 0x0000, 0x0000, 0x0000, 0x0000, 0x0000, 0x0000, 0x0000,
    0x0000, 0x0000, 0x0000, 0x0000, 0x0000, 0x0000, 0x0000, 0x0000, 0x0000, 0x0000, 0x0000, 0x0000, 0x0000, 0x0000, 0x0000, 0x0000,
    0x0000, 0x0000, 0x0000, 0x0000, 0x0000, 0x0000, 0x0000, 0x0000, 0x0000, 0x0000, 0x0000, 0x0000, 0x0000, 0x0000, 0x0000, 0x0000,
    0x0000, 0x0000, 0x0000, 0x0000, 0x0000, 0x0000, 0x0000, 0x0000, 0x0000, 0x0000, 0x0000, 0x0000, 0x0000, 0x0000, 0x0000, 0x0000,
    0x0000, 0x0000, 0x0000, 0x0000, 0x0000, 0x0000, 0x0000, 0x0000, 0x0000, 0x0000, 0x0000, 0x0000, 0x0000, 0x0000, 0x0000, 0x0000,
    0x0000, 0x0000, 0x0000, 0x0000, 0x0000, 0x0000, 0x0000, 0x0000, 0x0000, 0x0000, 0x0000, 0x0000, 0x0000, 0x0000, 0x0000, 0x0000,
    0x0000, 0x0000, 0x0000, 0x0000, 0x0000, 0x0000, 0x0000, 0x0000, 0x0000, 0x0000, 0x0000, 0x0000, 0x0000, 0x0000, 0x0000, 0x0000,
    0x0000, 0x0000, 0x0000, 0x0000, 0x0000, 0x0000, 0x0000, 0x0000, 0x0000, 0x0000, 0x0000, 0x0000, 0x0000, 0x0000, 0x0000, 0x0000,
    0x0000, 0x0000, 0x0000, 0x0000, 0x0000, 0x0000, 0x0000, 0x0000, 0x0000, 0x0000, 0x0000, 0x0000, 0x0000, 0x0000, 0x0000, 0x0000,
    0x0000, 0x0000, 0x0000, 0x0000, 0x0000, 0x0000, 0x0000, 0x0000, 0x0000, 0x0000, 0x0000, 0x0000, 0x0000, 0x0000, 0x0000, 0x0000,
    0x0000, 0x0000, 0x0000, 0x0000, 0x0000, 0x0000, 0x0000, 0x0000, 0x0000, 0x0000, 0x0000, 0x0000, 0x0000, 0x0000, 0x0000, 0x0000,
    0x0000, 0x0000, 0x0000, 0x0000, 0x0000, 0x0000, 0x0000, 0x0000, 0x0000, 0x0000, 0x0000, 0x0000, 0x0000, 0x0000, 0x0000, 0x0000,
    0x0000, 0x0000, 0x0000, 0x0000, 0x0000, 0x0000, 0x0000, 0x0000, 0x0000, 0x0000, 0x0000, 0x0000, 0x0000, 0x0000, 0x0000, 0x0000,
    0x0000, 0x0000, 0x0000, 0x0000, 0x0000, 0x0000, 0x0000, 0x0000, 0x0000, 0x0000, 0x0000, 0x0000, 0x0000, 0x0000, 0x0000, 0x0000,
    0x0000, 0x0000, 0x0000, 0x0000, 0x0000, 0x0000, 0x0000, 0x0000, 0x0000, 0x0000, 0x0000, 0x0000, 0x0000, 0x0000, 0x0000, 0x0000,
    0x0000, 0x0000, 0x0000, 0x0000, 0x0000, 0x0000, 0x0000, 0x0000, 0x0000, 0x0000, 0x0000, 0x0000, 0x0000, 0x0000, 0x0000, 0x0000,
    0x0000, 0x0000, 0x0000, 0x0000, 0x0000, 0x0000, 0x0000, 0x0000, 0x0000, 0x0000, 0x0000, 0x0000, 0x0000, 0x0000, 0x0000, 0x0000,
    0x0000, 0x0000, 0x0000, 0x0000, 0x0000, 0x0000, 0x0000, 0x0000, 0x0000, 0x0000, 0x0000, 0x0000, 0x0000, 0x0000, 0x0000, 0x0000,
    0x0000, 0x0000, 0x0000, 0x0000, 0x0000, 0x0000, 0x0000, 0x0000, 0x0000, 0x0000, 0x0000, 0x0000, 0x0000, 0x0000, 0x0000, 0x0000,
    0x0000, 0x0000, 0x0000, 0x0000, 0x0000, 0x0000, 0x0000, 0x0000, 0x0000, 0x0000, 0x0000, 0x0000, 0x0000, 0x0000, 0x0000, 0x0000,
    0x0000, 0x0000, 0x0000, 0x0000, 0x0000, 0x0000, 0x0000, 0x0000, 0x0000, 0x0000, 0x0000, 0x0000, 0x0000, 0x0000, 0x0000, 0x0000,
    0x0000, 0x0000, 0x0000, 0x0000, 0x0000, 0x0000, 0x0000, 0x0000, 0x0000, 0x0000, 0x0000, 0x0000, 0x0000, 0x0000, 0x0000, 0x0000,
    0x0000, 0x0000, 0x0000, 0x0000, 0x0000, 0x0000, 0x0000, 0x0000, 0x0000, 0x0000, 0x0000, 0x0000, 0x0000, 0x0000, 0x0000, 0x0000,
    0x0000, 0x0000, 0x0000, 0x0000, 0x0000, 0x0000, 0x0000, 0x0000, 0x0000, 0x0000, 0x0000, 0x0000, 0x0000, 0x0000, 0x0000, 0x0000,
    0x0000, 0x0000, 0x0000, 0x0000, 0x0000, 0x0000, 0x0000, 0x0000, 0x0000, 0x0000, 0x0000, 0x0000, 0x0000, 0x0000, 0x0000, 0x0000,
    0x0000, 0x0000, 0x0000, 0x0000, 0x0000, 0x0000, 0x0000, 0x0000, 0x0000, 0x0000, 0x0000, 0x0000, 0x0000, 0x0000, 0x0000, 0x0000,
    0x0000, 0x0000, 0x0000, 0x0000, 0x0000, 0x0000, 0x0000, 0x0000, 0x0000, 0x0000, 0x0000, 0x0000, 0x0000, 0x0000, 0x0000, 0x0000,
    0x0000, 0x0000, 0x0000, 0x0000, 0x0000, 0x0000, 0x0000, 0x0000, 0x0000, 0x0000, 0x0000, 0x0000, 0x0000, 0x0000, 0x0000, 0x0000,
    0x0000, 0x0000, 0x0000, 0x0000, 0x0000, 0x0000, 0x0000, 0x0000, 0x0000, 0x0000, 0x0000, 0x0000, 0x0000, 0x0000, 0x0000, 0x0000,
    0x0000, 0x0000, 0x0000, 0x0000, 0x0000, 0x0000, 0x0000, 0x0000, 0x0000, 0x0000, 0x0000, 0x0000, 0x0000, 0x0000, 0x0000, 0x0000,
    0x0000, 0x0000, 0x0000, 0x0000, 0x0000, 0x0000, 0x0000, 0x0000, 0x0000, 0x0000, 0x0000, 0x0000, 0x0000, 0x0000, 0x0000, 0x0000,
    0x0000, 0x0000, 0x0000, 0x0000, 0x0000, 0x0000, 0x0000, 0x0000, 0x0000, 0x0000, 0x0000, 0x0000, 0x0000, 0x0000, 0x0000, 0x0000,
    0x0000, 0x0000, 0x0000, 0x0000, 0x0000, 0x0000, 0x0000, 0x0000, 0x0000, 0x0000, 0x0000, 0x0000, 0x0000, 0x0000, 0x0000, 0x0000,
    0x0000, 0x0000, 0x0000, 0x0000, 0x0000, 0x0000, 0x0000, 0x0000, 0x0000, 0x0000, 0x0000, 0x0000, 0x0000, 0x0000, 0x0000, 0x0000,
    0x0000, 0x0000, 0x0000, 0x0000, 0x0000, 0x0000, 0x0000, 0x0000, 0x0000, 0x0000, 0x0000, 0x0000, 0x0000, 0x0000, 0x0000, 0x0000,
    0x0000, 0x0000, 0x0000, 0x0000, 0x0000, 0x0000, 0x0000, 0x0000, 0x0000, 0x0000, 0x0000, 0x0000, 0x0000, 0x0000, 0x0000, 0x0000,
    0x0000, 0x0000, 0x0000, 0x0000, 0x0000, 0x0000, 0x0000, 0x0000, 0x0000, 0x0000, 0x0000, 0x0000, 0x0000, 0x0000, 0x0000, 0x0000,
    0x0000, 0x0000, 0x0000, 0x0000, 0x0000, 0x0000, 0x0000, 0x0000, 0x0000, 0x0000, 0x0000, 0x0000, 0x0000, 0x0000, 0x0000, 0x0000,
    0x0000, 0x0000, 0x0000, 0x0000, 0x0000, 0x0000, 0x0000, 0x0000, 0x0000, 0x0000, 0x0000, 0x0000, 0x0000, 0x0000, 0x0000, 0x0000,
    0x0000, 0x0000, 0x0000, 0x0000, 0x0000, 0x0000, 0x0000, 0x0000, 0x0000, 0x0000, 0x0000, 0x0000, 0x0000, 0x0000, 0x0000, 0x0000,
    0x0000, 0x0000, 0x0000, 0x0000, 0x0000, 0x0000, 0x0000, 0x0000, 0x0000, 0x0000, 0x0000, 0x0000, 0x0000, 0x0000, 0x0000, 0x0000,
    0x0000, 0x0000, 0x0000, 0x0000, 0x0000, 0x0000, 0x0000, 0x0000, 0x0000, 0x0000, 0x0000, 0x0000, 0x0000, 0x0000, 0x0000, 0x0000,
    0x0000, 0x0000, 0x0000, 0x0000, 0x0000, 0x0000, 0x0000, 0x0000, 0x0000, 0x0000, 0x0000, 0x0000, 0x0000, 0x0000, 0x0000, 0x0000,
    0x0000, 0x0000, 0x0000, 0x0000, 0x0000, 0x0000, 0x0000, 0x0000, 0x0000, 0x0000, 0x0000, 0x0000, 0x0000, 0x0000, 0x0000, 0x0000,
    0x0000, 0x0000, 0x0000, 0x0000, 0x0000, 0x0000, 0x0000, 0x0000, 0x0000, 0x0000, 0x0000, 0x0000, 0x0000, 0x0000, 0x0000, 0x0000,
    0x0000, 0x0000, 0x0000, 0x0000, 0x0000, 0x0000, 0x0000, 0x0000, 0x0000, 0x0000, 0x0000, 0x0000, 0x0000, 0x0000, 0x0000, 0x0000,
    0x0000, 0x0000, 0x0000, 0x0000, 0x0000, 0x0000, 0x0000, 0x0000, 0x0000, 0x0000, 0x0000, 0x0000, 0x0000, 0x0000, 0x0000, 0x0000,
    0x0000, 0x0000, 0x0000, 0x0000, 0x0000, 0x0000, 0x0000, 0x0000, 0x0000, 0x0000, 0x0000, 0x0000, 0x0000, 0x0000, 0x0000, 0x0000,
    0x0000, 0x0000, 0x0000, 0x0000, 0x0000, 0x0000, 0x0000, 0x0000, 0x0000, 0x0000, 0x0000, 0x0000, 0x0000, 0x0000, 0x0000, 0x0000,
    0x0000, 0x0000, 0x0000, 0x0000, 0x0000, 0x0000, 0x0000, 0x0000, 0x0000, 0x0000, 0x0000, 0x0000, 0x0000, 0x0000, 0x0000, 0x0000,
    0x0000, 0x0000, 0x0000, 0x0000, 0x0000, 0x0000, 0x0000, 0x0000, 0x0000, 0x0000, 0x0000, 0x0000, 0x0000, 0x0000, 0x0000, 0x0000,
    0x0000, 0x0000, 0x0000, 0x0000, 0x0000, 0x0000, 0x0000, 0x0000, 0x0000, 0x0000, 0x0000, 0x0000, 0x0000, 0x0000, 0x0000, 0x0000,
    0x0000, 0x0000, 0x0000, 0x0000, 0x0000, 0x0000, 0x0000, 0x0000, 0x0000, 0x0000, 0x0000, 0x0000, 0x0000, 0x0000, 0x0000, 0x0000,
    0x0000, 0x0000, 0x0000, 0x0000, 0x0000, 0x0000, 0x0000, 0x0000, 0x0000, 0x0000, 0x0000, 0x0000, 0x0000, 0x0000, 0x0000, 0x0000,
    0x0000, 0x0000, 0x0000, 0x0000, 0x0000, 0x0000, 0x0000, 0x0000, 0x0000, 0x0000, 0x0000, 0x0000, 0x0000, 0x0000, 0x0000, 0x0000,
    0x0000, 0x0000, 0x0000, 0x0000, 0x0000, 0x0000, 0x0000, 0x0000, 0x0000, 0x0000, 0x0000, 0x0000, 0x0000, 0x0000, 0x0000, 0x0000,
    0x0000, 0x0000, 0x0000, 0x0000, 0x0000, 0x0000, 0x0000, 0x0000, 0x0000, 0x0000, 0x0000, 0x0000, 0x0000, 0x0000, 0x0000, 0x0000,
    0x0000, 0x0000, 0x0000, 0x0000, 0x0000, 0x0000, 0x0000, 0x0000, 0x0000, 0x0000, 0x0000, 0x0000, 0x0000, 0x0000, 0x0000, 0x0000,
    0x0000, 0x0000, 0x0000, 0x0000, 0x0000, 0x0000, 0x0000, 0x0000, 0x0000, 0x0000, 0x0000, 0x0000, 0x0000, 0x0000, 0x0000, 0x0000,
    0x0000, 0x0000, 0x0000, 0x0000, 0x0000, 0x0000, 0x0000, 0x0000, 0x0000, 0x0000, 0x0000, 0x0000, 0x0000, 0x0000, 0x0000, 0x0000,
    0x0000, 0x0000, 0x0000, 0x0000, 0x0000, 0x0000, 0x0000, 0x0000, 0x0000, 0x0000, 0x0000, 0x0000, 0x0000, 0x0000, 0x0000, 0x0000,
    0x0000, 0x0000, 0x0000, 0x0000, 0x0000, 0x0000, 0x0000, 0x0000, 0x0000, 0x0000, 0x0000, 0x0000, 0x0000, 0x0000, 0x0000, 0x0000,
    0x0000, 0x0000, 0x0000, 0x0000, 0x0000, 0x0000, 0x0000, 0x0000, 0x0000, 0x0000, 0x0000, 0x0000, 0x0000, 0x0000, 0x0000, 0x0000,
    0x0000, 0x0000, 0x0000, 0x0000, 0x0000, 0x0000, 0x0000, 0x0000, 0x0000, 0x0000, 0x0000, 0x0000, 0x0000, 0x0000, 0x0000, 0x0000,
    0x0000, 0x0000, 0x0000, 0x0000, 0x0000, 0x0000, 0x0000, 0x0000, 0x0000, 0x0000, 0x0000, 0x0000, 0x0000, 0x0000, 0x0000, 0x0000,
    0x0000, 0x0000, 0x0000, 0x0000, 0x0000, 0x0000, 0x0000, 0x0000, 0x0000, 0x0000, 0x0000, 0x0000, 0x0000, 0x0000, 0x0000, 0x0000,
    0x0000, 0x0000, 0x0000, 0x0000, 0x0000, 0x0000, 0x0000, 0x0000, 0x0000, 0x0000, 0x0000, 0x0000, 0x0000, 0x0000, 0x0000, 0x0000,
    0x0000, 0x0000, 0x0000, 0x0000, 0x0000, 0x0000, 0x0000, 0x0000, 0x0000, 0x0000, 0x0000, 0x0000, 0x0000, 0x0000, 0x0000, 0x0000,
    0x0000, 0x0000, 0x0000, 0x0000, 0x0000, 0x0000, 0x0000, 0x0000, 0x0000, 0x0000, 0x0000, 0x0000, 0x0000, 0x0000, 0x0000, 0x0000,
    0x0000, 0x0000, 0x0000, 0x0000, 0x0000, 0x0000, 0x0000, 0x0000, 0x0000, 0x0000, 0x0000, 0x0000, 0x0000, 0x0000, 0x0000, 0x0000,
    0x0000, 0x0000, 0x0000, 0x0000, 0x0000, 0x0000, 0x0000, 0x0000, 0x0000, 0x0000, 0x0000, 0x0000, 0x0000, 0x0000, 0x0000, 0x0000,
    0x0000, 0x0000, 0x0000, 0x0000, 0x0000, 0x0000, 0x0000, 0x0000, 0x0000, 0x0000, 0x0000, 0x0000, 0x0000, 0x0000, 0x0000, 0x0000,
    0x0000, 0x0000, 0x0000, 0x0000, 0x0000, 0x0000, 0x0000, 0x0000, 0x0000, 0x0000, 0x0000, 0x0000, 0x0000, 0x0000, 0x0000, 0x0000,
    0x0000, 0x0000, 0x0000, 0x0000, 0x0000, 0x0000, 0x0000, 0x0000, 0x0000, 0x0000, 0x0000, 0x0000, 0x0000, 0x0000, 0x0000, 0x0000,
    0x0000, 0x0000, 0x0000, 0x0000, 0x0000, 0x0000, 0x0000, 0x0000, 0x0000, 0x0000, 0x0000, 0x0000, 0x0000, 0x0000, 0x0000, 0x0000,
    0x0000, 0x0000, 0x0000, 0x0000, 0x0000, 0x0000, 0x0000, 0x0000, 0x0000, 0x0000, 0x0000, 0x0000, 0x0000, 0x0000, 0x0000, 0x0000,
    0x0000, 0x0000, 0x0000, 0x0000, 0x0000, 0x0000, 0x0000, 0x0000, 0x0000, 0x0000, 0x0000, 0x0000, 0x0000, 0x0000, 0x0000, 0x0000,
    0x0000, 0x0000, 0x0000, 0x0000, 0x0000, 0x0000, 0x0000, 0x0000, 0x0000, 0x0000, 0x0000, 0x0000, 0x0000, 0x0000, 0x0000, 0x0000,
    0x0000, 0x0000, 0x0000, 0x0000, 0x0000, 0x0000, 0x0000, 0x0000, 0x0000, 0x0000, 0x0000, 0x0000, 0x0000, 0x0000, 0x0000, 0x0000,
    0x0000, 0x0000, 0x0000, 0x0000, 0x0000, 0x0000, 0x0000, 0x0000, 0x0000, 0x0000, 0x0000, 0x0000, 0x0000, 0x0000, 0x0000, 0x0000,
    0x0000, 0x0000, 0x0000, 0x0000, 0x0000, 0x0000, 0x0000, 0x0000, 0x0000, 0x0000, 0x0000, 0x0000, 0x0000, 0x0000, 0x0000, 0x0000,
    0x0000, 0x0000, 0x0000, 0x0000, 0x0000, 0x0000, 0x0000, 0x0000, 0x0000, 0x0000, 0x0000, 0x0000, 0x0000, 0x0000, 0x0000, 0x0000,
    0x0000, 0x0000, 0x0000, 0x0000, 0x0000, 0x0000, 0x0000, 0x0000, 0x0000, 0x0000, 0x0000, 0x0000, 0x0000, 0x0000, 0x0000, 0x0000,
    0x0000, 0x0000, 0x0000, 0x0000, 0x0000, 0x0000, 0x0000, 0x0000, 0x0000, 0x0000, 0x0000, 0x0000, 0x0000, 0x0000, 0x0000, 0x0000,
    0x0000, 0x0000, 0x0000, 0x0000, 0x0000, 0x0000, 0x0000, 0x0000, 0x0000, 0x0000, 0x0000, 0x0000, 0x0000, 0x0000, 0x0000, 0x0000,
    0x0000, 0x0000, 0x0000, 0x0000, 0x0000, 0x0000, 0x0000, 0x0000, 0x0000, 0x0000, 0x0000, 0x0000, 0x0000, 0x0000, 0x0000, 0x0000,
    0x0000, 0x0000, 0x0000, 0x0000, 0x0000, 0x0000, 0x0000, 0x0000, 0x0000, 0x0000, 0x0000, 0x0000, 0x0000, 0x0000, 0x0000, 0x0000,
    0x0000, 0x0000, 0x0000, 0x0000, 0x0000, 0x0000, 0x0000, 0x0000, 0x0000, 0x0000, 0x0000, 0x0000, 0x0000, 0x0000, 0x0000, 0x0000,
    0x0000, 0x0000, 0x0000, 0x0000, 0x0000, 0x0000, 0x0000, 0x0000, 0x0000, 0x0000, 0x0000, 0x0000, 0x0000, 0x0000, 0x0000, 0x0000,
    0x0000, 0x0000, 0x0000, 0x0000, 0x0000, 0x0000, 0x0000, 0x0000, 0x0000, 0x0000, 0x0000, 0x0000, 0x0000, 0x0000, 0x0000, 0x0000,
    0x0000, 0x0000, 0x0000, 0x0000, 0x0000, 0x0000, 0x0000, 0x0000, 0x0000, 0x0000, 0x0000, 0x0000, 0x0000, 0x0000, 0x0000, 0x0000,
    0x0000, 0x0000, 0x0000, 0x0000, 0x0000, 0x0000, 0x0000, 0x0000, 0x0000, 0x0000, 0x0000, 0x0000, 0x0000, 0x0000, 0x0000, 0x0000,
    0x0000, 0x0000, 0x0000, 0x0000, 0x0000, 0x0000, 0x0000, 0x0000, 0x0000, 0x0000, 0x0000, 0x0000, 0x0000, 0x0000, 0x0000, 0x0000,
    0x0000, 0x0000, 0x0000, 0x0000, 0x0000, 0x0000, 0x0000, 0x0000, 0x0000, 0x0000, 0x0000, 0x0000, 0x0000, 0x0000, 0x0000, 0x0000,
    0x0000, 0x0000, 0x0000, 0x0000, 0x0000, 0x0000, 0x0000, 0x0000, 0x0000, 0x0000, 0x0000, 0x0000, 0x0000, 0x0000, 0x0000, 0x0000,
    0x0000, 0x0000, 0x0000, 0x0000, 0x0000, 0x0000, 0x0000, 0x0000, 0x0000, 0x0000, 0x0000, 0x0000, 0x0000, 0x0000, 0x0000, 0x0000,
    0x0000, 0x0000, 0x0000, 0x0000, 0x0000, 0x0000, 0x0000, 0x0000, 0x0000, 0x0000, 0x0000, 0x0000, 0x0000, 0x0000, 0x0000, 0x0000,
    0x0000, 0x0000, 0x0000, 0x0000, 0x0000, 0x0000, 0x0000, 0x0000, 0x0000, 0x0000, 0x0000, 0x0000, 0x0000, 0x0000, 0x0000, 0x0000,
    0x0000, 0x0000, 0x0000, 0x0000, 0x0000, 0x0000, 0x0000, 0x0000, 0x0000, 0x0000, 0x0000, 0x0000, 0x0000, 0x0000, 0x0000, 0x0000,
    0x0000, 0x0000, 0x0000, 0x0000, 0x0000, 0x0000, 0x0000, 0x0000, 0x0000, 0x0000, 0x0000, 0x0000, 0x0000, 0x0000, 0x0000, 0x0000,
    0x0000, 0x0000, 0x0000, 0x0000, 0x0000, 0x0000, 0x0000, 0x0000, 0x0000, 0x0000, 0x0000, 0x0000, 0x0000, 0x0000, 0x0000, 0x0000,
    0x0000, 0x0000, 0x0000, 0x0000, 0x0000, 0x0000, 0x0000, 0x0000, 0x0000, 0x0000, 0x0000, 0x0000, 0x0000, 0x0000, 0x0000, 0x0000,
    0x0000, 0x0000, 0x0000, 0x0000, 0x0000, 0x0000, 0x0000, 0x0000, 0x0000, 0x0000, 0x0000, 0x0000, 0x0000, 0x0000, 0x0000, 0x0000,
    0x0000, 0x0000, 0x0000, 0x0000, 0x0000, 0x0000, 0x0000, 0x0000, 0x0000, 0x0000, 0x0000, 0x0000, 0x0000, 0x0000, 0x0000, 0x0000,
    0x0000, 0x0000, 0x0000, 0x0000, 0x0000, 0x0000, 0x0000, 0x0000, 0x0000, 0x0000, 0x0000, 0x0000, 0x0000, 0x0000, 0x0000, 0x0000,
    0x0000, 0x0000, 0x0000, 0x0000, 0x0000, 0x0000, 0x0000, 0x0000, 0x0000, 0x0000, 0x0000, 0x0000, 0x0000, 0x0000, 0x0000, 0x0000,
    0x0000, 0x0000, 0x0000, 0x0000, 0x0000, 0x0000, 0x0000, 0x0000, 0x0000, 0x0000, 0x0000, 0x0000, 0x0000, 0x0000, 0x0000, 0x0000,
    0x0000, 0x0000, 0x0000, 0x0000, 0x0000, 0x0000, 0x0000, 0x0000, 0x0000, 0x0000, 0x0000, 0x0000, 0x0000, 0x0000, 0x0000, 0x0000,
    0x0000, 0x0000, 0x0000, 0x0000, 0x0000, 0x0000, 0x0000, 0x0000, 0x0000, 0x0000, 0x0000, 0x0000, 0x0000, 0x0000, 0x0000, 0x0000,
    0x0000, 0x0000, 0x0000, 0x0000, 0x0000, 0x0000, 0x0000, 0x0000, 0x0000, 0x0000, 0x0000, 0x0000, 0x0000, 0x0000, 0x0000, 0x0000,
    0x0000, 0x0000, 0x0000, 0x0000, 0x0000, 0x0000, 0x0000, 0x0000, 0x0000, 0x0000, 0x0000, 0x0000, 0x0000, 0x0000, 0x0000, 0x0000,
    0x0000, 0x0000, 0x0000, 0x0000, 0x0000, 0x0000, 0x0000, 0x0000, 0x0000, 0x0000, 0x0000, 0x0000, 0x0000, 0x0000, 0x0000, 0x0000,
    0x0000, 0x0000, 0x0000, 0x0000, 0x0000, 0x0000, 0x0000, 0x0000, 0x0000, 0x0000, 0x0000, 0x0000, 0x0000, 0x0000, 0x0000, 0x0000,
    0x0000, 0x0000, 0x0000, 0x0000, 0x0000, 0x0000, 0x0000, 0x0000, 0x0000, 0x0000, 0x0000, 0x0000, 0x0000, 0x0000, 0x0000, 0x0000,
    0x0000, 0x0000, 0x0000, 0x0000, 0x0000, 0x0000, 0x0000, 0x0000, 0x0000, 0x0000, 0x0000, 0x0000, 0x0000, 0x0000, 0x0000, 0x0000,
    0x0000, 0x0000, 0x0000, 0x0000, 0x0000, 0x0000, 0x0000, 0x0000, 0x0000, 0x0000, 0x0000, 0x0000, 0x0000, 0x0000, 0x0000, 0x0000,
    0x0000, 0x0000, 0x0000, 0x0000, 0x0000, 0x0000, 0x0000, 0x0000, 0x0000, 0x0000, 0x0000, 0x0000, 0x0000, 0x0000, 0x0000, 0x0000,
    0x0000, 0x0000, 0x0000, 0x0000, 0x0000, 0x0000, 0x0000, 0x0000, 0x0000, 0x0000, 0x0000, 0x0000, 0x0000, 0x0000, 0x0000, 0x0000,
    0x0000, 0x0000, 0x0000, 0x0000, 0x0000, 0x0000, 0x0000, 0x0000, 0x0000, 0x0000, 0x0000, 0x0000, 0x0000, 0x0000, 0x0000, 0x0000,
    0x0000, 0x0000, 0x0000, 0x0000, 0x0000, 0x0000, 0x0000, 0x0000, 0x0000, 0x0000, 0x0000, 0x0000, 0x0000, 0x0000, 0x0000, 0x0000,
    0x0000, 0x0000, 0x0000, 0x0000, 0x0000, 0x0000, 0x0000, 0x0000, 0x0000, 0x0000, 0x0000, 0x0000, 0x0000, 0x0000, 0x0000, 0x0000,
    0x0000, 0x0000, 0x0000, 0x0000, 0x0000, 0x0000, 0x0000, 0x0000, 0x0000, 0x0000, 0x0000, 0x0000, 0x0000, 0x0000, 0x0000, 0x0000,
    0x0000, 0x0000, 0x0000, 0x0000, 0x0000, 0x0000, 0x0000, 0x0000, 0x0000, 0x0000, 0x0000, 0x0000, 0x0000, 0x0000, 0x0000, 0x0000,
    0x0000, 0x0000, 0x0000, 0x0000, 0x0000, 0x0000, 0x0000, 0x0000, 0x0000, 0x0000, 0x0000, 0x0000, 0x0000, 0x0000, 0x0000, 0x0000,
    0x0000, 0x0000, 0x0000, 0x0000, 0x0000, 0x0000, 0x0000, 0x0000, 0x0000, 0x0000, 0x0000, 0x0000, 0x0000, 0x0000, 0x0000, 0x0000,
    0x0000, 0x0000, 0x0000, 0x0000, 0x0000, 0x0000, 0x0000, 0x0000, 0x0000, 0x0000, 0x0000, 0x0000, 0x0000, 0x0000, 0x0000, 0x0000,
    0x0000, 0x0000, 0x0000, 0x0000, 0x0000, 0x0000, 0x0000, 0x0000, 0x0000, 0x0000, 0x0000, 0x0000, 0x0000, 0x0000, 0x0000, 0x0000,
    0x0000, 0x0000, 0x0000, 0x0000, 0x0000, 0x0000, 0x0000, 0x0000, 0x0000, 0x0000, 0x0000, 0x0000, 0x0000, 0x0000, 0x0000, 0x0000,
    0x0000, 0x0000, 0x0000, 0x0000, 0x0000, 0x0000, 0x0000, 0x0000, 0x0000, 0x0000, 0x0000, 0x0000, 0x0000, 0x0000, 0x0000, 0x0000,
    0x0000, 0x0000, 0x0000, 0x0000, 0x0000, 0x0000, 0x0000, 0x0000, 0x0000, 0x0000, 0x0000, 0x0000, 0x0000, 0x0000, 0x0000, 0x0000,
    0x0000, 0x0000, 0x0000, 0x0000, 0x0000, 0x0000, 0x0000, 0x0000, 0x0000, 0x0000, 0x0000, 0x0000, 0x0000, 0x0000, 0x0000, 0x0000,
    0x0000, 0x0000, 0x0000, 0x0000, 0x0000, 0x0000, 0x0000, 0x0000, 0x0000, 0x0000, 0x0000, 0x0000, 0x0000, 0x0000, 0x0000, 0x0000,
    0x0000, 0x0000, 0x0000, 0x0000, 0x0000, 0x0000, 0x0000, 0x0000, 0x0000, 0x0000, 0x0000, 0x0000, 0x0000, 0x0000, 0x0000, 0x0000,
    0x0000, 0x0000, 0x0000, 0x0000, 0x0000, 0x0000, 0x0000, 0x0000, 0x0000, 0x0000, 0x0000, 0x0000, 0x0000, 0x0000, 0x0000, 0x0000,
    0x0000, 0x0000, 0x0000, 0x0000, 0x0000, 0x0000, 0x0000, 0x0000, 0x0000, 0x0000, 0x0000, 0x0000, 0x0000, 0x0000, 0x0000, 0x0000,
    0x0000, 0x0000, 0x0000, 0x0000, 0x0000, 0x0000, 0x0000, 0x0000, 0x0000, 0x0000, 0x0000, 0x0000, 0x0000, 0x0000, 0x0000, 0x0000,
    0x0000, 0x0000, 0x0000, 0x0000, 0x0000, 0x0000, 0x0000, 0x0000, 0x0000, 0x0000, 0x0000, 0x0000, 0x0000, 0x0000, 0x0000, 0x0000,
    0x0000, 0x0000, 0x0000, 0x0000, 0x0000, 0x0000, 0x0000, 0x0000, 0x0000, 0x0000, 0x0000, 0x0000, 0x0000, 0x0000, 0x0000, 0x0000,
    0x0000, 0x0000, 0x0000, 0x0000, 0x0000, 0x0000, 0x0000, 0x0000, 0x0000, 0x0000, 0x0000, 0x0000, 0x0000, 0x0000, 0x0000, 0x0000,
    0x0000, 0x0000, 0x0000, 0x0000, 0x0000, 0x0000, 0x0000, 0x0000, 0x0000, 0x0000, 0x0000, 0x0000, 0x0000, 0x0000, 0x0000, 0x0000,
    0x0000, 0x0000, 0x0000, 0x0000, 0x0000, 0x0000, 0x0000, 0x0000, 0x0000, 0x0000, 0x0000, 0x0000, 0x0000, 0x0000, 0x0000, 0x0000,
    0x0000, 0x0000, 0x0000, 0x0000, 0x0000, 0x0000, 0x0000, 0x0000, 0x0000, 0x0000, 0x0000, 0x0000, 0x0000, 0x0000, 0x0000, 0x0000,
    0x0000, 0x0000, 0x0000, 0x0000, 0x0000, 0x0000, 0x0000, 0x0000, 0x0000, 0x0000, 0x0000, 0x0000, 0x0000, 0x0000, 0x0000, 0x0000,
    0x0000, 0x0000, 0x0000, 0x0000, 0x0000, 0x0000, 0x0000, 0x0000, 0x0000, 0x0000, 0x0000, 0x0000, 0x0000, 0x0000, 0x0000, 0x0000,
    0x0000, 0x0000, 0x0000, 0x0000, 0x0000, 0x0000, 0x0000, 0x0000, 0x0000, 0x0000, 0x0000, 0x0000, 0x0000, 0x0000, 0x0000, 0x0000,
    0x0000, 0x0000, 0x0000, 0x0000, 0x0000, 0x0000, 0x0000, 0x0000, 0x0000, 0x0000, 0x0000, 0x0000, 0x0000, 0x0000, 0x0000, 0x0000,
    0x0000, 0x0000, 0x0000, 0x0000, 0x0000, 0x0000, 0x0000, 0x0000, 0x0000, 0x0000, 0x0000, 0x0000, 0x0000, 0x0000, 0x0000, 0x0000,
    0x0000, 0x0000, 0x0000, 0x0000, 0x0000, 0x0000, 0x0000, 0x0000, 0x0000, 0x0000, 0x0000, 0x0000, 0x0000, 0x0000, 0x0000, 0x0000,
    0x0000, 0x0000, 0x0000, 0x0000, 0x0000, 0x0000, 0x0000, 0x0000, 0x0000, 0x0000, 0x0000, 0x0000, 0x0000, 0x0000, 0x0000, 0x0000,
    0x0000, 0x0000, 0x0000, 0x0000, 0x0000, 0x0000, 0x0000, 0x0000, 0x0000, 0x0000, 0x0000, 0x0000, 0x0000, 0x0000, 0x0000, 0x0000,
    0x0000, 0x0000, 0x0000, 0x0000, 0x0000, 0x0000, 0x0000, 0x0000, 0x0000, 0x0000, 0x0000, 0x0000, 0x0000, 0x0000, 0x0000, 0x0000,
    0x0000, 0x0000, 0x0000, 0x0000, 0x0000, 0x0000, 0x0000, 0x0000, 0x0000, 0x0000, 0x0000, 0x0000, 0x0000, 0x0000, 0x0000, 0x0000,
    0x0000, 0x0000, 0x0000, 0x0000, 0x0000, 0x0000, 0x0000, 0x0000, 0x0000, 0x0000, 0x0000, 0x0000, 0x0000, 0x0000, 0x0000, 0x0000,
    0x0000, 0x0000, 0x0000, 0x0000, 0x0000, 0x0000, 0x0000, 0x0000, 0x0000, 0x0000, 0x0000, 0x0000, 0x0000, 0x0000, 0x0000, 0x0000,
    0x0000, 0x0000, 0x0000, 0x0000, 0x0000, 0x0000, 0x0000, 0x0000, 0x0000, 0x0000, 0x0000, 0x0000, 0x0000, 0x0000, 0x0000, 0x0000,
    0x0000, 0x0000, 0x0000, 0x0000, 0x0000, 0x0000, 0x0000, 0x0000, 0x0000, 0x0000, 0x0000, 0x0000, 0x0000, 0x0000, 0x0000, 0x0000,
    0x0000, 0x0000, 0x0000, 0x0000, 0x0000, 0x0000, 0x0000, 0x0000, 0x0000, 0x0000, 0x0000, 0x0000, 0x0000, 0x0000, 0x0000, 0x0000,
    0x0000, 0x0000, 0x0000, 0x0000, 0x0000, 0x0000, 0x0000, 0x0000, 0x0000, 0x0000, 0x0000, 0x0000, 0x0000, 0x0000, 0x0000, 0x0000,
    0x0000, 0x0000, 0x0000, 0x0000, 0x0000, 0x0000, 0x0000, 0x0000, 0x0000, 0x0000, 0x0000, 0x0000, 0x0000, 0x0000, 0x0000, 0x0000,
    0x0000, 0x0000, 0x0000, 0x0000, 0x0000, 0x0000, 0x0000, 0x0000, 0x0000, 0x0000, 0x0000, 0x0000, 0x0000, 0x0000, 0x0000, 0x0000,
    0x0000, 0x0000, 0x0000, 0x0000, 0x0000, 0x0000, 0x0000, 0x0000, 0x0000, 0x0000, 0x0000, 0x0000, 0x0000, 0x0000, 0x0000, 0x0000,
    0x0000, 0x0000, 0x0000, 0x0000, 0x0000, 0x0000, 0x0000, 0x0000, 0x0000, 0x0000, 0x0000, 0x0000, 0x0000, 0x0000, 0x0000, 0x0000,
    0x0000, 0x0000, 0x0000, 0x0000, 0x0000, 0x0000, 0x0000, 0x0000, 0x0000, 0x0000, 0x0000, 0x0000, 0x0000, 0x0000, 0x0000, 0x0000,
    0x0000, 0x0000, 0x0000, 0x0000, 0x0000, 0x0000, 0x0000, 0x0000, 0x0000, 0x0000, 0x0000, 0x0000, 0x0000, 0x0000, 0x0000, 0x0000,
    0x0000, 0x0000, 0x0000, 0x0000, 0x0000, 0x0000, 0x0000, 0x0000, 0x0000, 0x0000, 0x0000, 0x0000, 0x0000, 0x0000, 0x0000, 0x0000,
    0x0000, 0x0000, 0x0000, 0x0000, 0x0000, 0x0000, 0x0000, 0x0000, 0x0000, 0x0000, 0x0000, 0x0000, 0x0000, 0x0000, 0x0000, 0x0000,
    0x0000, 0x0000, 0x0000, 0x0000, 0x0000, 0x0000, 0x0000, 0x0000, 0x0000, 0x0000, 0x0000, 0x0000, 0x0000, 0x0000, 0x0000, 0x0000,
    0x0000, 0x0000, 0x0000, 0x0000, 0x0000, 0x0000, 0x0000, 0x0000, 0x0000, 0x0000, 0x0000, 0x0000, 0x0000, 0x0000, 0x0000, 0x0000,
    0x0000, 0x0000, 0x0000, 0x0000, 0x0000, 0x0000, 0x0000, 0x0000, 0x0000, 0x0000, 0x0000, 0x0000, 0x0000, 0x0000, 0x0000, 0x0000,
    0x0000, 0x0000, 0x0000, 0x0000, 0x0000, 0x0000, 0x0000, 0x0000, 0x0000, 0x0000, 0x0000, 0x0000, 0x0000, 0x0000, 0x0000, 0x0000,
    0x0000, 0x0000, 0x0000, 0x0000, 0x0000, 0x0000, 0x0000, 0x0000, 0x0000, 0x0000, 0x0000, 0x0000, 0x0000, 0x0000, 0x0000, 0x0000,
    0x0000, 0x0000, 0x0000, 0x0000, 0x0000, 0x0000, 0x0000, 0x0000, 0x0000, 0x0000, 0x0000, 0x0000, 0x0000, 0x0000, 0x0000, 0x0000,
    0x0000, 0x0000, 0x0000, 0x0000, 0x0000, 0x0000, 0x0000, 0x0000, 0x0000, 0x0000, 0x0000, 0x0000, 0x0000, 0x0000, 0x0000, 0x0000,
    0x0000, 0x0000, 0x0000, 0x0000, 0x0000, 0x0000, 0x0000, 0x0000, 0x0000, 0x0000, 0x0000, 0x0000, 0x0000, 0x0000, 0x0000, 0x0000,
    0x0000, 0x0000, 0x0000, 0x0000, 0x0000, 0x0000, 0x0000, 0x0000, 0x0000, 0x0000, 0x0000, 0x0000, 0x0000, 0x0000, 0x0000, 0x0000,
    0x0000, 0x0000, 0x0000, 0x0000, 0x0000, 0x0000, 0x0000, 0x0000, 0x0000, 0x0000, 0x0000, 0x0000, 0x0000, 0x0000, 0x0000, 0x0000,
    0x0000, 0x0000, 0x0000, 0x0000, 0x0000, 0x0000, 0x0000, 0x0000, 0x0000, 0x0000, 0x0000, 0x0000, 0x0000, 0x0000, 0x0000, 0x0000,
    0x0000, 0x0000, 0x0000, 0x0000, 0x0000, 0x0000, 0x0000, 0x0000, 0x0000, 0x0000, 0x0000, 0x0000, 0x0000, 0x0000, 0x0000, 0x0000,
    0x0000, 0x0000, 0x0000, 0x0000, 0x0000, 0x0000, 0x0000, 0x0000, 0x0000, 0x0000, 0x0000, 0x0000, 0x0000, 0x0000, 0x0000, 0x0000,
    0x0000, 0x0000, 0x0000, 0x0000, 0x0000, 0x0000, 0x0000, 0x0000, 0x0000, 0x0000, 0x0000, 0x0000, 0x0000, 0x0000, 0x0000, 0x0000,
    0x0000, 0x0000, 0x0000, 0x0000, 0x0000, 0x0000, 0x0000, 0x0000, 0x0000, 0x0000, 0x0000, 0x0000, 0x0000, 0x0000, 0x0000, 0x0000,
    0x0000, 0x0000, 0x0000, 0x0000, 0x0000, 0x0000, 0x0000, 0x0000, 0x0000, 0x0000, 0x0000, 0x0000, 0x0000, 0x0000, 0x0000, 0x0000,
    0x0000, 0x0000, 0x0000, 0x0000, 0x0000, 0x0000, 0x0000, 0x0000, 0x0000, 0x0000, 0x0000, 0x0000, 0x0000, 0x0000, 0x0000, 0x0000,
    0x0000, 0x0000, 0x0000, 0x0000, 0x0000, 0x0000, 0x0000, 0x0000, 0x0000, 0x0000, 0x0000, 0x0000, 0x0000, 0x0000, 0x0000, 0x0000,
    0x0000, 0x0000, 0x0000, 0x0000, 0x0000, 0x0000, 0x0000, 0x0000, 0x0000, 0x0000, 0x0000, 0x0000, 0x0000, 0x0000, 0x0000, 0x0000,
    0x0000, 0x0000, 0x0000, 0x0000, 0x0000, 0x0000, 0x0000, 0x0000, 0x0000, 0x0000, 0x0000, 0x0000, 0x0000, 0x0000, 0x0000, 0x0000,
    0x0000, 0x0000, 0x0000, 0x0000, 0x0000, 0x0000, 0x0000, 0x0000, 0x0000, 0x0000, 0x0000, 0x0000, 0x0000, 0x0000, 0x0000, 0x0000,
    0x0000, 0x0000, 0x0000, 0x0000, 0x0000, 0x0000, 0x0000, 0x0000, 0x0000, 0x0000, 0x0000, 0x0000, 0x0000, 0x0000, 0x0000, 0x0000,
    0x0000, 0x0000, 0x0000, 0x0000, 0x0000, 0x0000, 0x0000, 0x0000, 0x0000, 0x0000, 0x0000, 0x0000, 0x0000, 0x0000, 0x0000, 0x0000,
    0x0000, 0x0000, 0x0000, 0x0000, 0x0000, 0x0000, 0x0000, 0x0000, 0x0000, 0x0000, 0x0000, 0x0000, 0x0000, 0x0000, 0x0000, 0x0000,
    0x0000, 0x0000, 0x0000, 0x0000, 0x0000, 0x0000, 0x0000, 0x0000, 0x0000, 0x0000, 0x0000, 0x0000, 0x0000, 0x0000, 0x0000, 0x0000,
    0x0000, 0x0000, 0x0000, 0x0000, 0x0000, 0x0000, 0x0000, 0x0000, 0x0000, 0x0000, 0x0000, 0x0000, 0x0000, 0x0000, 0x0000, 0x0000,
    0x0000, 0x0000, 0x0000, 0x0000, 0x0000, 0x0000, 0x0000, 0x0000, 0x0000, 0x0000, 0x0000, 0x0000, 0x0000, 0x0000, 0x0000, 0x0000,
    0x0000, 0x0000, 0x0000, 0x0000, 0x0000, 0x0000, 0x0000, 0x0000, 0x0000, 0x0000, 0x0000, 0x0000, 0x0000, 0x0000, 0x0000, 0x0000,
    0x0000, 0x0000, 0x0000, 0x0000, 0x0000, 0x0000, 0x0000, 0x0000, 0x0000, 0x0000, 0x0000, 0x0000, 0x0000, 0x0000, 0x0000, 0x0000,
    0x0000, 0x0000, 0x0000, 0x0000, 0x0000, 0x0000, 0x0000, 0x0000, 0x0000, 0x0000, 0x0000, 0x0000, 0x0000, 0x0000, 0x0000, 0x0000,
    0x0000, 0x0000, 0x0000, 0x0000, 0x0000, 0x0000, 0x0000, 0x0000, 0x0000, 0x0000, 0x0000, 0x0000, 0x0000, 0x0000, 0x0000, 0x0000,
    0x0000, 0x0000, 0x0000, 0x0000, 0x0000, 0x0000, 0x0000, 0x0000, 0x0000, 0x0000, 0x0000, 0x0000, 0x0000, 0x0000, 0x0000, 0x0000,
    0x0000, 0x0000, 0x0000, 0x0000, 0x0000, 0x0000, 0x0000, 0x0000, 0x0000, 0x0000, 0x0000, 0x0000, 0x0000, 0x0000, 0x0000, 0x0000,
    0x0000, 0x0000, 0x0000, 0x0000, 0x0000, 0x0000, 0x0000, 0x0000, 0x0000, 0x0000, 0x0000, 0x0000, 0x0000, 0x0000, 0x0000, 0x0000,
    0x0000, 0x0000, 0x0000, 0x0000, 0x0000, 0x0000, 0x0000, 0x0000, 0x0000, 0x0000, 0x0000, 0x0000, 0x0000, 0x0000, 0x0000, 0x0000,
    0x0000, 0x0000, 0x0000, 0x0000, 0x0000, 0x0000, 0x0000, 0x0000, 0x0000, 0x0000, 0x0000, 0x0000, 0x0000, 0x0000, 0x0000, 0x0000,
    0x0000, 0x0000, 0x0000, 0x0000, 0x0000, 0x0000, 0x0000, 0x0000, 0x0000, 0x0000, 0x0000, 0x0000, 0x0000, 0x0000, 0x0000, 0x0000,
    0x0000, 0x0000, 0x0000, 0x0000, 0x0000, 0x0000, 0x0000, 0x0000, 0x0000, 0x0000, 0x0000, 0x0000, 0x0000, 0x0000, 0x0000, 0x0000,
    0x0000, 0x0000, 0x0000, 0x0000, 0x0000, 0x0000, 0x0000, 0x0000, 0x0000, 0x0000, 0x0000, 0x0000, 0x0000, 0x0000, 0x0000, 0x0000,
    0x0000, 0x0000, 0x0000, 0x0000, 0x0000, 0x0000, 0x0000, 0x0000, 0x0000, 0x0000, 0x0000, 0x0000, 0x0000, 0x0000, 0x0000, 0x0000,
    0x0000, 0x0000, 0x0000, 0x0000, 0x0000, 0x0000, 0x0000, 0x0000, 0x0000, 0x0000, 0x0000, 0x0000, 0x0000, 0x0000, 0x0000, 0x0000,
    0x0000, 0x0000, 0x0000, 0x0000, 0x0000, 0x0000, 0x0000, 0x0000, 0x0000, 0x0000, 0x0000, 0x0000, 0x0000, 0x0000, 0x0000, 0x0000,
    0x0000, 0x0000, 0x0000, 0x0000, 0x0000, 0x0000, 0x0000, 0x0000, 0x0000, 0x0000, 0x0000, 0x0000, 0x0000, 0x0000, 0x0000, 0x0000,
    0x0000, 0x0000, 0x0000, 0x0000, 0x0000, 0x0000, 0x0000, 0x0000, 0x0000, 0x0000, 0x0000, 0x0000, 0x0000, 0x0000, 0x0000, 0x0000,
    0x0000, 0x0000, 0x0000, 0x0000, 0x0000, 0x0000, 0x0000, 0x0000, 0x0000, 0x0000, 0x0000, 0x0000, 0x0000, 0x0000, 0x0000, 0x0000,
    0x0000, 0x0000, 0x0000, 0x0000, 0x0000, 0x0000, 0x0000, 0x0000, 0x0000, 0x0000, 0x0000, 0x0000, 0x0000, 0x0000, 0x0000, 0x0000,
    0x0000, 0x0000, 0x0000, 0x0000, 0x0000, 0x0000, 0x0000, 0x0000, 0x0000, 0x0000, 0x0000, 0x0000, 0x0000, 0x0000, 0x0000, 0x0000,
    0x0000, 0x0000, 0x0000, 0x0000, 0x0000, 0x0000, 0x0000, 0x0000, 0x0000, 0x0000, 0x0000, 0x0000, 0x0000, 0x0000, 0x0000, 0x0000,
    0x0000, 0x0000, 0x0000, 0x0000, 0x0000, 0x0000, 0x0000, 0x0000, 0x0000, 0x0000, 0x0000, 0x0000, 0x0000, 0x0000, 0x0000, 0x0000,
    0x0000, 0x0000, 0x0000, 0x0000, 0x0000, 0x0000, 0x0000, 0x0000, 0x0000, 0x0000, 0x0000, 0x0000, 0x0000, 0x0000, 0x0000, 0x0000,
    0x0000, 0x0000, 0x0000, 0x0000, 0x0000, 0x0000, 0x0000, 0x0000, 0x0000, 0x0000, 0x0000, 0x0000, 0x0000, 0x0000, 0x0000, 0x0000,
    0x0000, 0x0000, 0x0000, 0x0000, 0x0000, 0x0000, 0x0000, 0x0000, 0x0000, 0x0000, 0x0000, 0x0000, 0x0000, 0x0000, 0x0000, 0x0000,
    0x0000, 0x0000, 0x0000, 0x0000, 0x0000, 0x0000, 0x0000, 0x0000, 0x0000, 0x0000, 0x0000, 0x0000, 0x0000, 0x0000, 0x0000, 0x0000,
    0x0000, 0x0000, 0x0000, 0x0000, 0x0000, 0x0000, 0x0000, 0x0000, 0x0000, 0x0000, 0x0000, 0x0000, 0x0000, 0x0000, 0x0000, 0x0000,
    0x0000, 0x0000, 0x0000, 0x0000, 0x0000, 0x0000, 0x0000, 0x0000, 0x0000, 0x0000, 0x0000, 0x0000, 0x0000, 0x0000, 0x0000, 0x0000,
    0x0000, 0x0000, 0x0000, 0x0000, 0x0000, 0x0000, 0x0000, 0x0000, 0x0000, 0x0000, 0x0000, 0x0000, 0x0000, 0x0000, 0x0000, 0x0000,
    0x0000, 0x0000, 0x0000, 0x0000, 0x0000, 0x0000, 0x0000, 0x0000, 0x0000, 0x0000, 0x0000, 0x0000, 0x0000, 0x0000, 0x0000, 0x0000,
    0x0000, 0x0000, 0x0000, 0x0000, 0x0000, 0x0000, 0x0000, 0x0000, 0x0000, 0x0000, 0x0000, 0x0000, 0x0000, 0x0000, 0x0000, 0x0000,
    0x0000, 0x0000, 0x0000, 0x0000, 0x0000, 0x0000, 0x0000, 0x0000, 0x0000, 0x0000, 0x0000, 0x0000, 0x0000, 0x0000, 0x0000, 0x0000,
    0x0000, 0x0000, 0x0000, 0x0000, 0x0000, 0x0000, 0x0000, 0x0000, 0x0000, 0x0000, 0x0000, 0x0000, 0x0000, 0x0000, 0x0000, 0x0000,
    0x0000, 0x0000, 0x0000, 0x0000, 0x0000, 0x0000, 0x0000, 0x0000, 0x0000, 0x0000, 0x0000, 0x0000, 0x0000, 0x0000, 0x0000, 0x0000,
    0x0000, 0x0000, 0x0000, 0x0000, 0x0000, 0x0000, 0x0000, 0x0000, 0x0000, 0x0000, 0x0000, 0x0000, 0x0000, 0x0000, 0x0000, 0x0000,
    0x0000, 0x0000, 0x0000, 0x0000, 0x0000, 0x0000, 0x0000, 0x0000, 0x0000, 0x0000, 0x0000, 0x0000, 0x0000, 0x0000, 0x0000, 0x0000,
    0x0000, 0x0000, 0x0000, 0x0000, 0x0000, 0x0000, 0x0000, 0x0000, 0x0000, 0x0000, 0x0000, 0x0000, 0x0000, 0x0000, 0x0000, 0x0000,
    0x0000, 0x0000, 0x0000, 0x0000, 0x0000, 0x0000, 0x0000, 0x0000, 0x0000, 0x0000, 0x0000, 0x0000, 0x0000, 0x0000, 0x0000, 0x0000,
    0x0000, 0x0000, 0x0000, 0x0000, 0x0000, 0x0000, 0x0000, 0x0000, 0x0000, 0x0000, 0x0000, 0x0000, 0x0000, 0x0000, 0x0000, 0x0000,
    0x0000, 0x0000, 0x0000, 0x0000, 0x0000, 0x0000, 0x0000, 0x0000, 0x0000, 0x0000, 0x0000, 0x0000, 0x0000, 0x0000, 0x0000, 0x0000,
    0x0000, 0x0000, 0x0000, 0x0000, 0x0000, 0x0000, 0x0000, 0x0000, 0x0000, 0x0000, 0x0000, 0x0000, 0x0000, 0x0000, 0x0000, 0x0000,
    0x0000, 0x0000, 0x0000, 0x0000, 0x0000, 0x0000, 0x0000, 0x0000, 0x0000, 0x0000, 0x0000, 0x0000, 0x0000, 0x0000, 0x0000, 0x0000,
    0x0000, 0x0000, 0x0000, 0x0000, 0x0000, 0x0000, 0x0000, 0x0000, 0x0000, 0x0000, 0x0000, 0x0000, 0x0000, 0x0000, 0x0000, 0x0000,
    0x0000, 0x0000, 0x0000, 0x0000, 0x0000, 0x0000, 0x0000, 0x0000, 0x0000, 0x0000, 0x0000, 0x0000, 0x0000, 0x0000, 0x0000, 0x0000,
    0x0000, 0x0000, 0x0000, 0x0000, 0x0000, 0x0000, 0x0000, 0x0000, 0x0000, 0x0000, 0x0000, 0x0000, 0x0000, 0x0000, 0x0000, 0x0000,
    0x0000, 0x0000, 0x0000, 0x0000, 0x0000, 0x0000, 0x0000, 0x0000, 0x0000, 0x0000, 0x0000, 0x0000, 0x0000, 0x0000, 0x0000, 0x0000,
    0x0000, 0x0000, 0x0000, 0x0000, 0x0000, 0x0000, 0x0000, 0x0000, 0x0000, 0x0000, 0x0000, 0x0000, 0x0000, 0x0000, 0x0000, 0x0000,
    0x0000, 0x0000, 0x0000, 0x0000, 0x0000, 0x0000, 0x0000, 0x0000, 0x0000, 0x0000, 0x0000, 0x0000, 0x0000, 0x0000, 0x0000, 0x0000,
    0x0000, 0x0000, 0x0000, 0x0000, 0x0000, 0x0000, 0x0000, 0x0000, 0x0000, 0x0000, 0x0000, 0x0000, 0x0000, 0x0000, 0x0000, 0x0000,
    0x0000, 0x0000, 0x0000, 0x0000, 0x0000, 0x0000, 0x0000, 0x0000, 0x0000, 0x0000, 0x0000, 0x0000, 0x0000, 0x0000, 0x0000, 0x0000,
    0x0000, 0x0000, 0x0000, 0x0000, 0x0000, 0x0000, 0x0000, 0x0000, 0x0000, 0x0000, 0x0000, 0x0000, 0x0000, 0x0000, 0x0000, 0x0000,
    0x0000, 0x0000, 0x0000, 0x0000, 0x0000, 0x0000, 0x0000, 0x0000, 0x0000, 0x0000, 0x0000, 0x0000, 0x0000, 0x0000, 0x0000, 0x0000,
    0x0000, 0x0000, 0x0000, 0x0000, 0x0000, 0x0000, 0x0000, 0x0000, 0x0000, 0x0000, 0x0000, 0x0000, 0x0000, 0x0000, 0x0000, 0x0000,
    0x0000, 0x0000, 0x0000, 0x0000, 0x0000, 0x0000, 0x0000, 0x0000, 0x0000, 0x0000, 0x0000, 0x0000, 0x0000, 0x0000, 0x0000, 0x0000,
    0x0000, 0x0000, 0x0000, 0x0000, 0x0000, 0x0000, 0x0000, 0x0000, 0x0000, 0x0000, 0x0000, 0x0000, 0x0000, 0x0000, 0x0000, 0x0000,
    0x0000, 0x0000, 0x0000, 0x0000, 0x0000, 0x0000, 0x0000, 0x0000, 0x0000, 0x0000, 0x0000, 0x0000, 0x0000, 0x0000, 0x0000, 0x0000,
    0x0000, 0x0000, 0x0000, 0x0000, 0x0000, 0x0000, 0x0000, 0x0000, 0x0000, 0x0000, 0x0000, 0x0000, 0x0000, 0x0000, 0x0000, 0x0000,
    0x0000, 0x0000, 0x0000, 0x0000, 0x0000, 0x0000, 0x0000, 0x0000, 0x0000, 0x0000, 0x0000, 0x0000, 0x0000, 0x0000, 0x0000, 0x0000,
    0x0000, 0x0000, 0x0000, 0x0000, 0x0000, 0x0000, 0x0000, 0x0000, 0x0000, 0x0000, 0x0000, 0x0000, 0x0000, 0x0000, 0x0000, 0x0000,
    0x0000, 0x0000, 0x0000, 0x0000, 0x0000, 0x0000, 0x0000, 0x0000, 0x0000, 0x0000, 0x0000, 0x0000, 0x0000, 0x0000, 0x0000, 0x0000,
    0x0000, 0x0000, 0x0000, 0x0000, 0x0000, 0x0000, 0x0000, 0x0000, 0x0000, 0x0000, 0x0000, 0x0000, 0x0000, 0x0000, 0x0000, 0x0000,
    0x0000, 0x0000, 0x0000, 0x0000, 0x0000, 0x0000, 0x0000, 0x0000, 0x0000, 0x0000, 0x0000, 0x0000, 0x0000, 0x0000, 0x0000, 0x0000,
    0x0000, 0x0000, 0x0000, 0x0000, 0x0000, 0x0000, 0x0000, 0x0000, 0x0000, 0x0000, 0x0000, 0x0000, 0x0000, 0x0000, 0x0000, 0x0000,
    0x0000, 0x0000, 0x0000, 0x0000, 0x0000, 0x0000, 0x0000, 0x0000, 0x0000, 0x0000, 0x0000, 0x0000, 0x0000, 0x0000, 0x0000, 0x0000,
    0x0000, 0x0000, 0x0000, 0x0000, 0x0000, 0x0000, 0x0000, 0x0000, 0x0000, 0x0000, 0x0000, 0x0000, 0x0000, 0x0000, 0x0000, 0x0000,
    0x0000, 0x0000, 0x0000, 0x0000, 0x0000, 0x0000, 0x0000, 0x0000, 0x0000, 0x0000, 0x0000, 0x0000, 0x0000, 0x0000, 0x0000, 0x0000,
    0x0000, 0x0000, 0x0000, 0x0000, 0x0000, 0x0000, 0x0000, 0x0000, 0x0000, 0x0000, 0x0000, 0x0000, 0x0000, 0x0000, 0x0000, 0x0000,
    0x0000, 0x0000, 0x0000, 0x0000, 0x0000, 0x0000, 0x0000, 0x0000, 0x0000, 0x0000, 0x0000, 0x0000, 0x0000, 0x0000, 0x0000, 0x0000,
    0x0000, 0x0000, 0x0000, 0x0000, 0x0000, 0x0000, 0x0000, 0x0000, 0x0000, 0x0000, 0x0000, 0x0000, 0x0000, 0x0000, 0x0000, 0x0000,
    0x0000, 0x0000, 0x0000, 0x0000, 0x0000, 0x0000, 0x0000, 0x0000, 0x0000, 0x0000, 0x0000, 0x0000, 0x0000, 0x0000, 0x0000, 0x0000,
    0x0000, 0x0000, 0x0000, 0x0000, 0x0000, 0x0000, 0x0000, 0x0000, 0x0000, 0x0000, 0x0000, 0x0000, 0x0000, 0x0000, 0x0000, 0x0000,
    0x0000, 0x0000, 0x0000, 0x0000, 0x0000, 0x0000, 0x0000, 0x0000, 0x0000, 0x0000, 0x0000, 0x0000, 0x0000, 0x0000, 0x0000, 0x0000,
    0x0000, 0x0000, 0x0000, 0x0000, 0x0000, 0x0000, 0x0000, 0x0000, 0x0000, 0x0000, 0x0000, 0x0000, 0x0000, 0x0000, 0x0000, 0x0000,
    0x0000, 0x0000, 0x0000, 0x0000, 0x0000, 0x0000, 0x0000, 0x0000, 0x0000, 0x0000, 0x0000, 0x0000, 0x0000, 0x0000, 0x0000, 0x0000,
    0x0000, 0x0000, 0x0000, 0x0000, 0x0000, 0x0000, 0x0000, 0x0000, 0x0000, 0x0000, 0x0000, 0x0000, 0x0000, 0x0000, 0x0000, 0x0000,
    0x0000, 0x0000, 0x0000, 0x0000, 0x0000, 0x0000, 0x0000, 0x0000, 0x0000, 0x0000, 0x0000, 0x0000, 0x0000, 0x0000, 0x0000, 0x0000,
    0x0000, 0x0000, 0x0000, 0x0000, 0x0000, 0x0000, 0x0000, 0x0000, 0x0000, 0x0000, 0x0000, 0x0000, 0x0000, 0x0000, 0x0000, 0x0000,
    0x0000, 0x0000, 0x0000, 0x0000, 0x0000, 0x0000, 0x0000, 0x0000, 0x0000, 0x0000, 0x0000, 0x0000, 0x0000, 0x0000, 0x0000, 0x0000,
    0x0000, 0x0000, 0x0000, 0x0000, 0x0000, 0x0000, 0x0000, 0x0000, 0x0000, 0x0000, 0x0000, 0x0000, 0x0000, 0x0000, 0x0000, 0x0000,
    0x0000, 0x0000, 0x0000, 0x0000, 0x0000, 0x0000, 0x0000, 0x0000, 0x0000, 0x0000, 0x0000, 0x0000, 0x0000, 0x0000, 0x0000, 0x0000,
    0x0000, 0x0000, 0x0000, 0x0000, 0x0000, 0x0000, 0x0000, 0x0000, 0x0000, 0x0000, 0x0000, 0x0000, 0x0000, 0x0000, 0x0000, 0x0000,
    0x0000, 0x0000, 0x0000, 0x0000, 0x0000, 0x0000, 0x0000, 0x0000, 0x0000, 0x0000, 0x0000, 0x0000, 0x0000, 0x0000, 0x0000, 0x0000,
    0x0000, 0x0000, 0x0000, 0x0000, 0x0000, 0x0000, 0x0000, 0x0000, 0x0000, 0x0000, 0x0000, 0x0000, 0x0000, 0x0000, 0x0000, 0x0000,
    0x0000, 0x0000, 0x0000, 0x0000, 0x0000, 0x0000, 0x0000, 0x0000, 0x0000, 0x0000, 0x0000, 0x0000, 0x0000, 0x0000, 0x0000, 0x0000,
    0x0000, 0x0000, 0x0000, 0x0000, 0x0000, 0x0000, 0x0000, 0x0000, 0x0000, 0x0000, 0x0000, 0x0000, 0x0000, 0x0000, 0x0000, 0x0000,
    0x0000, 0x0000, 0x0000, 0x0000, 0x0000, 0x0000, 0x0000, 0x0000, 0x0000, 0x0000, 0x0000, 0x0000, 0x0000, 0x0000, 0x0000, 0x0000,
    0x0000, 0x0000, 0x0000, 0x0000, 0x0000, 0x0000, 0x0000, 0x0000, 0x0000, 0x0000, 0x0000, 0x0000, 0x0000, 0x0000, 0x0000, 0x0000,
    0x0000, 0x0000, 0x0000, 0x0000, 0x0000, 0x0000, 0x0000, 0x0000, 0x0000, 0x0000, 0x0000, 0x0000, 0x0000, 0x0000, 0x0000, 0x0000,
    0x0000, 0x0000, 0x0000, 0x0000, 0x0000, 0x0000, 0x0000, 0x0000, 0x0000, 0x0000, 0x0000, 0x0000, 0x0000, 0x0000, 0x0000, 0x0000,
    0x0000, 0x0000, 0x0000, 0x0000, 0x0000, 0x0000, 0x0000, 0x0000, 0x0000, 0x0000, 0x0000, 0x0000, 0x0000, 0x0000, 0x0000, 0x0000,
    0x0000, 0x0000, 0x0000, 0x0000, 0x0000, 0x0000, 0x0000, 0x0000, 0x0000, 0x0000, 0x0000, 0x0000, 0x0000, 0x0000, 0x0000, 0x0000,
    0x0000, 0x0000, 0x0000, 0x0000, 0x0000, 0x0000, 0x0000, 0x0000, 0x0000, 0x0000, 0x0000, 0x0000, 0x0000, 0x0000, 0x0000, 0x0000,
    0x0000, 0x0000, 0x0000, 0x0000, 0x0000, 0x0000, 0x0000, 0x0000, 0x0000, 0x0000, 0x0000, 0x0000, 0x0000, 0x0000, 0x0000, 0x0000,
    0x0000, 0x0000, 0x0000, 0x0000, 0x0000, 0x0000, 0x0000, 0x0000, 0x0000, 0x0000, 0x0000, 0x0000, 0x0000, 0x0000, 0x0000, 0x0000,
    0x0000, 0x0000, 0x0000, 0x0000, 0x0000, 0x0000, 0x0000, 0x0000, 0x0000, 0x0000, 0x0000, 0x0000, 0x0000, 0x0000, 0x0000, 0x0000,
    0x0000, 0x0000, 0x0000, 0x0000, 0x0000, 0x0000, 0x0000, 0x0000, 0x0000, 0x0000, 0x0000, 0x0000, 0x0000, 0x0000, 0x0000, 0x0000,
    0x0000, 0x0000, 0x0000, 0x0000, 0x0000, 0x0000, 0x0000, 0x0000, 0x0000, 0x0000, 0x0000, 0x0000, 0x0000, 0x0000, 0x0000, 0x0000,
    0x0000, 0x0000, 0x0000, 0x0000, 0x0000, 0x0000, 0x0000, 0x0000, 0x0000, 0x0000, 0x0000, 0x0000, 0x0000, 0x0000, 0x0000, 0x0000,
    0x0000, 0x0000, 0x0000, 0x0000, 0x0000, 0x0000, 0x0000, 0x0000, 0x0000, 0x0000, 0x0000, 0x0000, 0x0000, 0x0000, 0x0000, 0x0000,
    0x0000, 0x0000, 0x0000, 0x0000, 0x0000, 0x0000, 0x0000, 0x0000, 0x0000, 0x0000, 0x0000, 0x0000, 0x0000, 0x0000, 0x0000, 0x0000,
    0x0000, 0x0000, 0x0000, 0x0000, 0x0000, 0x0000, 0x0000, 0x0000, 0x0000, 0x0000, 0x0000, 0x0000, 0x0000, 0x0000, 0x0000, 0x0000,
    0x0000, 0x0000, 0x0000, 0x0000, 0x0000, 0x0000, 0x0000, 0x0000, 0x0000, 0x0000, 0x0000, 0x0000, 0x0000, 0x0000, 0x0000, 0x0000,
    0x0000, 0x0000, 0x0000, 0x0000, 0x0000, 0x0000, 0x0000, 0x0000, 0x0000, 0x0000, 0x0000, 0x0000, 0x0000, 0x0000, 0x0000, 0x0000,
    0x0000, 0x0000, 0x0000, 0x0000, 0x0000, 0x0000, 0x0000, 0x0000, 0x0000, 0x0000, 0x0000, 0x0000, 0x0000, 0x0000, 0x0000, 0x0000,
    0x0000, 0x0000, 0x0000, 0x0000, 0x0000, 0x0000, 0x0000, 0x0000, 0x0000, 0x0000, 0x0000, 0x0000, 0x0000, 0x0000, 0x0000, 0x0000,
    0x0000, 0x0000, 0x0000, 0x0000, 0x0000, 0x0000, 0x0000, 0x0000, 0x0000, 0x0000, 0x0000, 0x0000, 0x0000, 0x0000, 0x0000, 0x0000,
    0x0000, 0x0000, 0x0000, 0x0000, 0x0000, 0x0000, 0x0000, 0x0000, 0x0000, 0x0000, 0x0000, 0x0000, 0x0000, 0x0000, 0x0000, 0x0000,
    0x0000, 0x0000, 0x0000, 0x0000, 0x0000, 0x0000, 0x0000, 0x0000, 0x0000, 0x0000, 0x0000, 0x0000, 0x0000, 0x0000, 0x0000, 0x0000,
    0x0000, 0x0000, 0x0000, 0x0000, 0x0000, 0x0000, 0x0000, 0x0000, 0x0000, 0x0000, 0x0000, 0x0000, 0x0000, 0x0000, 0x0000, 0x0000,
    0x0000, 0x0000, 0x0000, 0x0000, 0x0000, 0x0000, 0x0000, 0x0000, 0x0000, 0x0000, 0x0000, 0x0000, 0x0000, 0x0000, 0x0000, 0x0000,
    0x0000, 0x0000, 0x0000, 0x0000, 0x0000, 0x0000, 0x0000, 0x0000, 0x0000, 0x0000, 0x0000, 0x0000, 0x0000, 0x0000, 0x0000, 0x0000,
    0x0000, 0x0000, 0x0000, 0x0000, 0x0000, 0x0000, 0x0000, 0x0000, 0x0000, 0x0000, 0x0000, 0x0000, 0x0000, 0x0000, 0x0000, 0x0000,
    0x0000, 0x0000, 0x0000, 0x0000, 0x0000, 0x0000, 0x0000, 0x0000, 0x0000, 0x0000, 0x0000, 0x0000, 0x0000, 0x0000, 0x0000, 0x0000,
    0x0000, 0x0000, 0x0000, 0x0000, 0x0000, 0x0000, 0x0000, 0x0000, 0x0000, 0x0000, 0x0000, 0x0000, 0x0000, 0x0000, 0x0000, 0x0000,
    0x0000, 0x0000, 0x0000, 0x0000, 0x0000, 0x0000, 0x0000, 0x0000, 0x0000, 0x0000, 0x0000, 0x0000, 0x0000, 0x0000, 0x0000, 0x0000,
    0x0000, 0x0000, 0x0000, 0x0000, 0x0000, 0x0000, 0x0000, 0x0000, 0x0000, 0x0000, 0x0000, 0x0000, 0x0000, 0x0000, 0x0000, 0x0000,
    0x0000, 0x0000, 0x0000, 0x0000, 0x0000, 0x0000, 0x0000, 0x0000, 0x0000, 0x0000, 0x0000, 0x0000, 0x0000, 0x0000, 0x0000, 0x0000,
    0x0000, 0x0000, 0x0000, 0x0000, 0x0000, 0x0000, 0x0000, 0x0000, 0x0000, 0x0000, 0x0000, 0x0000, 0x0000, 0x0000, 0x0000, 0x0000,
    0x0000, 0x0000, 0x0000, 0x0000, 0x0000, 0x0000, 0x0000, 0x0000, 0x0000, 0x0000, 0x0000, 0x0000, 0x0000, 0x0000, 0x0000, 0x0000,
    0x0000, 0x0000, 0x0000, 0x0000, 0x0000, 0x0000, 0x0000, 0x0000, 0x0000, 0x0000, 0x0000, 0x0000, 0x0000, 0x0000, 0x0000, 0x0000,
    0x0000, 0x0000, 0x0000, 0x0000, 0x0000, 0x0000, 0x0000, 0x0000, 0x0000, 0x0000, 0x0000, 0x0000, 0x0000, 0x0000, 0x0000, 0x0000,
    0x0000, 0x0000, 0x0000, 0x0000, 0x0000, 0x0000, 0x0000, 0x0000, 0x0000, 0x0000, 0x0000, 0x0000, 0x0000, 0x0000, 0x0000, 0x0000,
    0x0000, 0x0000, 0x0000, 0x0000, 0x0000, 0x0000, 0x0000, 0x0000, 0x0000, 0x0000, 0x0000, 0x0000, 0x0000, 0x0000, 0x0000, 0x0000,
    0x0000, 0x0000, 0x0000, 0x0000, 0x0000, 0x0000, 0x0000, 0x0000, 0x0000, 0x0000, 0x0000, 0x0000, 0x0000, 0x0000, 0x0000, 0x0000,
    0x0000, 0x0000, 0x0000, 0x0000, 0x0000, 0x0000, 0x0000, 0x0000, 0x0000, 0x0000, 0x0000, 0x0000, 0x0000, 0x0000, 0x0000, 0x0000,
    0x0000, 0x0000, 0x0000, 0x0000, 0x0000, 0x0000, 0x0000, 0x0000, 0x0000, 0x0000, 0x0000, 0x0000, 0x0000, 0x0000, 0x0000, 0x0000,
    0x0000, 0x0000, 0x0000, 0x0000, 0x0000, 0x0000, 0x0000, 0x0000, 0x0000, 0x0000, 0x0000, 0x0000, 0x0000, 0x0000, 0x0000, 0x0000,
    0x0000, 0x0000, 0x0000, 0x0000, 0x0000, 0x0000, 0x0000, 0x0000, 0x0000, 0x0000, 0x0000, 0x0000, 0x0000, 0x0000, 0x0000, 0x0000,
    0x0000, 0x0000, 0x0000, 0x0000, 0x0000, 0x0000, 0x0000, 0x0000, 0x0000, 0x0000, 0x0000, 0x0000, 0x0000, 0x0000, 0x0000, 0x0000,
    0x0000, 0x0000, 0x0000, 0x0000, 0x0000, 0x0000, 0x0000, 0x0000, 0x0000, 0x0000, 0x0000, 0x0000, 0x0000, 0x0000, 0x0000, 0x0000,
    0x0000, 0x0000, 0x0000, 0x0000, 0x0000, 0x0000, 0x0000, 0x0000, 0x0000, 0x0000, 0x0000, 0x0000, 0x0000, 0x0000, 0x0000, 0x0000,
    0x0000, 0x0000, 0x0000, 0x0000, 0x0000, 0x0000, 0x0000, 0x0000, 0x0000, 0x0000, 0x0000, 0x0000, 0x0000, 0x0000, 0x0000, 0x0000,
    0x0000, 0x0000, 0x0000, 0x0000, 0x0000, 0x0000, 0x0000, 0x0000, 0x0000, 0x0000, 0x0000, 0x0000, 0x0000, 0x0000, 0x0000, 0x0000,
    0x0000, 0x0000, 0x0000, 0x0000, 0x0000, 0x0000, 0x0000, 0x0000, 0x0000, 0x0000, 0x0000, 0x0000, 0x0000, 0x0000, 0x0000, 0x0000,
    0x0000, 0x0000, 0x0000, 0x0000, 0x0000, 0x0000, 0x0000, 0x0000, 0x0000, 0x0000, 0x0000, 0x0000, 0x0000, 0x0000, 0x0000, 0x0000,
    0x0000, 0x0000, 0x0000, 0x0000, 0x0000, 0x0000, 0x0000, 0x0000, 0x0000, 0x0000, 0x0000, 0x0000, 0x0000, 0x0000, 0x0000, 0x0000,
    0x0000, 0x0000, 0x0000, 0x0000, 0x0000, 0x0000, 0x0000, 0x0000, 0x0000, 0x0000, 0x0000, 0x0000, 0x0000, 0x0000, 0x0000, 0x0000,
    0x0000, 0x0000, 0x0000, 0x0000, 0x0000, 0x0000, 0x0000, 0x0000, 0x0000, 0x0000, 0x0000, 0x0000, 0x0000, 0x0000, 0x0000, 0x0000,
    0x0000, 0x0000, 0x0000, 0x0000, 0x0000, 0x0000, 0x0000, 0x0000, 0x0000, 0x0000, 0x0000, 0x0000, 0x0000, 0x0000, 0x0000, 0x0000,
    0x0000, 0x0000, 0x0000, 0x0000, 0x0000, 0x0000, 0x0000, 0x0000, 0x0000, 0x0000, 0x0000, 0x0000, 0x0000, 0x0000, 0x0000, 0x0000,
    0x0000, 0x0000, 0x0000, 0x0000, 0x0000, 0x0000, 0x0000, 0x0000, 0x0000, 0x0000, 0x0000, 0x0000, 0x0000, 0x0000, 0x0000, 0x0000,
    0x0000, 0x0000, 0x0000, 0x0000, 0x0000, 0x0000, 0x0000, 0x0000, 0x0000, 0x0000, 0x0000, 0x0000, 0x0000, 0x0000, 0x0000, 0x0000,
    0x0000, 0x0000, 0x0000, 0x0000, 0x0000, 0x0000, 0x0000, 0x0000, 0x0000, 0x0000, 0x0000, 0x0000, 0x0000, 0x0000, 0x0000, 0x0000,
    0x0000, 0x0000, 0x0000, 0x0000, 0x0000, 0x0000, 0x0000, 0x0000, 0x0000, 0x0000, 0x0000, 0x0000, 0x0000, 0x0000, 0x0000, 0x0000,
    0x0000, 0x0000, 0x0000, 0x0000, 0x0000, 0x0000, 0x0000, 0x0000, 0x0000, 0x0000, 0x0000, 0x0000, 0x0000, 0x0000, 0x0000, 0x0000,
    0x0000, 0x0000, 0x0000, 0x0000, 0x0000, 0x0000, 0x0000, 0x0000, 0x0000, 0x0000, 0x0000, 0x0000, 0x0000, 0x0000, 0x0000, 0x0000,
    0x0000, 0x0000, 0x0000, 0x0000, 0x0000, 0x0000, 0x0000, 0x0000, 0x0000, 0x0000, 0x0000, 0x0000, 0x0000, 0x0000, 0x0000, 0x0000,
    0x0000, 0x0000, 0x0000, 0x0000, 0x0000, 0x0000, 0x0000, 0x0000, 0x0000, 0x0000, 0x0000, 0x0000, 0x0000, 0x0000, 0x0000, 0x0000,
    0x0000, 0x0000, 0x0000, 0x0000, 0x0000, 0x0000, 0x0000, 0x0000, 0x0000, 0x0000, 0x0000, 0x0000, 0x0000, 0x0000, 0x0000, 0x0000,
    0x0000, 0x0000, 0x0000, 0x0000, 0x0000, 0x0000, 0x0000, 0x0000, 0x0000, 0x0000, 0x0000, 0x0000, 0x0000, 0x0000, 0x0000, 0x0000,
    0x0000, 0x0000, 0x0000, 0x0000, 0x0000, 0x0000, 0x0000, 0x0000, 0x0000, 0x0000, 0x0000, 0x0000, 0x0000, 0x0000, 0x0000, 0x0000,
    0x0000, 0x0000, 0x0000, 0x0000, 0x0000, 0x0000, 0x0000, 0x0000, 0x0000, 0x0000, 0x0000, 0x0000, 0x0000, 0x0000, 0x0000, 0x0000,
    0x0000, 0x0000, 0x0000, 0x0000, 0x0000, 0x0000, 0x0000, 0x0000, 0x0000, 0x0000, 0x0000, 0x0000, 0x0000, 0x0000, 0x0000, 0x0000,
    0x0000, 0x0000, 0x0000, 0x0000, 0x0000, 0x0000, 0x0000, 0x0000, 0x0000, 0x0000, 0x0000, 0x0000, 0x0000, 0x0000, 0x0000, 0x0000,
    0x0000, 0x0000, 0x0000, 0x0000, 0x0000, 0x0000, 0x0000, 0x0000, 0x0000, 0x0000, 0x0000, 0x0000, 0x0000, 0x0000, 0x0000, 0x0000,
    0x0000, 0x0000, 0x0000, 0x0000, 0x0000, 0x0000, 0x0000, 0x0000, 0x0000, 0x0000, 0x0000, 0x0000, 0x0000, 0x0000, 0x0000, 0x0000,
    0x0000, 0x0000, 0x0000, 0x0000, 0x0000, 0x0000, 0x0000, 0x0000, 0x0000, 0x0000, 0x0000, 0x0000, 0x0000, 0x0000, 0x0000, 0x0000,
    0x0000, 0x0000, 0x0000, 0x0000, 0x0000, 0x0000, 0x0000, 0x0000, 0x0000, 0x0000, 0x0000, 0x0000, 0x0000, 0x0000, 0x0000, 0x0000,
    0x0000, 0x0000, 0x0000, 0x0000, 0x0000, 0x0000, 0x0000, 0x0000, 0x0000, 0x0000, 0x0000, 0x0000, 0x0000, 0x0000, 0x0000, 0x0000,
    0x0000, 0x0000, 0x0000, 0x0000, 0x0000, 0x0000, 0x0000, 0x0000, 0x0000, 0x0000, 0x0000, 0x0000, 0x0000, 0x0000, 0x0000, 0x0000,
    0x0000, 0x0000, 0x0000, 0x0000, 0x0000, 0x0000, 0x0000, 0x0000, 0x0000, 0x0000, 0x0000, 0x0000, 0x0000, 0x0000, 0x0000, 0x0000,
    0x0000, 0x0000, 0x0000, 0x0000, 0x0000, 0x0000, 0x0000, 0x0000, 0x0000, 0x0000, 0x0000, 0x0000, 0x0000, 0x0000, 0x0000, 0x0000,
    0x0000, 0x0000, 0x0000, 0x0000, 0x0000, 0x0000, 0x0000, 0x0000, 0x0000, 0x0000, 0x0000, 0x0000, 0x0000, 0x0000, 0x0000, 0x0000,
    0x0000, 0x0000, 0x0000, 0x0000, 0x0000, 0x0000, 0x0000, 0x0000, 0x0000, 0x0000, 0x0000, 0x0000, 0x0000, 0x0000, 0x0000, 0x0000,
    0x0000, 0x0000, 0x0000, 0x0000, 0x0000, 0x0000, 0x0000, 0x0000, 0x0000, 0x0000, 0x0000, 0x0000, 0x0000, 0x0000, 0x0000, 0x0000,
    0x0000, 0x0000, 0x0000, 0x0000, 0x0000, 0x0000, 0x0000, 0x0000, 0x0000, 0x0000, 0x0000, 0x0000, 0x0000, 0x0000, 0x0000, 0x0000,
    0x0000, 0x0000, 0x0000, 0x0000, 0x0000, 0x0000, 0x0000, 0x0000, 0x0000, 0x0000, 0x0000, 0x0000, 0x0000, 0x0000, 0x0000, 0x0000,
    0x0000, 0x0000, 0x0000, 0x0000, 0x0000, 0x0000, 0x0000, 0x0000, 0x0000, 0x0000, 0x0000, 0x0000, 0x0000, 0x0000, 0x0000, 0x0000,
    0x0000, 0x0000, 0x0000, 0x0000, 0x0000, 0x0000, 0x0000, 0x0000, 0x0000, 0x0000, 0x0000, 0x0000, 0x0000, 0x0000, 0x0000, 0x0000,
    0x0000, 0x0000, 0x0000, 0x0000, 0x0000, 0x0000, 0x0000, 0x0000, 0x0000, 0x0000, 0x0000, 0x0000, 0x0000, 0x0000, 0x0000, 0x0000,
    0x0000, 0x0000, 0x0000, 0x0000, 0x0000, 0x0000, 0x0000, 0x0000, 0x0000, 0x0000, 0x0000, 0x0000, 0x0000, 0x0000, 0x0000, 0x0000,
    0x0000, 0x0000, 0x0000, 0x0000, 0x0000, 0x0000, 0x0000, 0x0000, 0x0000, 0x0000, 0x0000, 0x0000, 0x0000, 0x0000, 0x0000, 0x0000,
    0x0000, 0x0000, 0x0000, 0x0000, 0x0000, 0x0000, 0x0000, 0x0000, 0x0000, 0x0000, 0x0000, 0x0000, 0x0000, 0x0000, 0x0000, 0x0000,
    0x0000, 0x0000, 0x0000, 0x0000, 0x0000, 0x0000, 0x0000, 0x0000, 0x0000, 0x0000, 0x0000, 0x0000, 0x0000, 0x0000, 0x0000, 0x0000,
    0x0000, 0x0000, 0x0000, 0x0000, 0x0000, 0x0000, 0x0000, 0x0000, 0x0000, 0x0000, 0x0000, 0x0000, 0x0000, 0x0000, 0x0000, 0x0000,
    0x0000, 0x0000, 0x0000, 0x0000, 0x0000, 0x0000, 0x0000, 0x0000, 0x0000, 0x0000, 0x0000, 0x0000, 0x0000, 0x0000, 0x0000, 0x0000,
    0x0000, 0x0000, 0x0000, 0x0000, 0x0000, 0x0000, 0x0000, 0x0000, 0x0000, 0x0000, 0x0000, 0x0000, 0x0000, 0x0000, 0x0000, 0x0000,
    0x0000, 0x0000, 0x0000, 0x0000, 0x0000, 0x0000, 0x0000, 0x0000, 0x0000, 0x0000, 0x0000, 0x0000, 0x0000, 0x0000, 0x0000, 0x0000,
    0x0000, 0x0000, 0x0000, 0x0000, 0x0000, 0x0000, 0x0000, 0x0000, 0x0000, 0x0000, 0x0000, 0x0000, 0x0000, 0x0000, 0x0000, 0x0000,
    0x0000, 0x0000, 0x0000, 0x0000, 0x0000, 0x0000, 0x0000, 0x0000, 0x0000, 0x0000, 0x0000, 0x0000, 0x0000, 0x0000, 0x0000, 0x0000,
    0x0000, 0x0000, 0x0000, 0x0000, 0x0000, 0x0000, 0x0000, 0x0000, 0x0000, 0x0000, 0x0000, 0x0000, 0x0000, 0x0000, 0x0000, 0x0000,
    0x0000, 0x0000, 0x0000, 0x0000, 0x0000, 0x0000, 0x0000, 0x0000, 0x0000, 0x0000, 0x0000, 0x0000, 0x0000, 0x0000, 0x0000, 0x0000,
    0x0000, 0x0000, 0x0000, 0x0000, 0x0000, 0x0000, 0x0000, 0x0000, 0x0000, 0x0000, 0x0000, 0x0000, 0x0000, 0x0000, 0x0000, 0x0000,
    0x0000, 0x0000, 0x0000, 0x0000, 0x0000, 0x0000, 0x0000, 0x0000, 0x0000, 0x0000, 0x0000, 0x0000, 0x0000, 0x0000, 0x0000, 0x0000,
    0x0000, 0x0000, 0x0000, 0x0000, 0x0000, 0x0000, 0x0000, 0x0000, 0x0000, 0x0000, 0x0000, 0x0000, 0x0000, 0x0000, 0x0000, 0x0000,
    0x0000, 0x0000, 0x0000, 0x0000, 0x0000, 0x0000, 0x0000, 0x0000, 0x0000, 0x0000, 0x0000, 0x0000, 0x0000, 0x0000, 0x0000, 0x0000,
    0x0000, 0x0000, 0x0000, 0x0000, 0x0000, 0x0000, 0x0000, 0x0000, 0x0000, 0x0000, 0x0000, 0x0000, 0x0000, 0x0000, 0x0000, 0x0000,
    0x0000, 0x0000, 0x0000, 0x0000, 0x0000, 0x0000, 0x0000, 0x0000, 0x0000, 0x0000, 0x0000, 0x0000, 0x0000, 0x0000, 0x0000, 0x0000,
    0x0000, 0x0000, 0x0000, 0x0000, 0x0000, 0x0000, 0x0000, 0x0000, 0x0000, 0x0000, 0x0000, 0x0000, 0x0000, 0x0000, 0x0000, 0x0000,
    0x0000, 0x0000, 0x0000, 0x0000, 0x0000, 0x0000, 0x0000, 0x0000, 0x0000, 0x0000, 0x0000, 0x0000, 0x0000, 0x0000, 0x0000, 0x0000,
    0x0000, 0x0000, 0x0000, 0x0000, 0x0000, 0x0000, 0x0000, 0x0000, 0x0000, 0x0000, 0x0000, 0x0000, 0x0000, 0x0000, 0x0000, 0x0000,
    0x0000, 0x0000, 0x0000, 0x0000, 0x0000, 0x0000, 0x0000, 0x0000, 0x0000, 0x0000, 0x0000, 0x0000, 0x0000, 0x0000, 0x0000, 0x0000,
    0x0000, 0x0000, 0x0000, 0x0000, 0x0000, 0x0000, 0x0000, 0x0000, 0x0000, 0x0000, 0x0000, 0x0000, 0x0000, 0x0000, 0x0000, 0x0000,
    0x0000, 0x0000, 0x0000, 0x0000, 0x0000, 0x0000, 0x0000, 0x0000, 0x0000, 0x0000, 0x0000, 0x0000, 0x0000, 0x0000, 0x0000, 0x0000,
    0x0000, 0x0000, 0x0000, 0x0000, 0x0000, 0x0000, 0x0000, 0x0000, 0x0000, 0x0000, 0x0000, 0x0000, 0x0000, 0x0000, 0x0000, 0x0000,
    0x0000, 0x0000, 0x0000, 0x0000, 0x0000, 0x0000, 0x0000, 0x0000, 0x0000, 0x0000, 0x0000, 0x0000, 0x0000, 0x0000, 0x0000, 0x0000,
    0x0000, 0x0000, 0x0000, 0x0000, 0x0000, 0x0000, 0x0000, 0x0000, 0x0000, 0x0000, 0x0000, 0x0000, 0x0000, 0x0000, 0x0000, 0x0000,
    0x0000, 0x0000, 0x0000, 0x0000, 0x0000, 0x0000, 0x0000, 0x0000, 0x0000, 0x0000, 0x0000, 0x0000, 0x0000, 0x0000, 0x0000, 0x0000,
    0x0000, 0x0000, 0x0000, 0x0000, 0x0000, 0x0000, 0x0000, 0x0000, 0x0000, 0x0000, 0x0000, 0x0000, 0x0000, 0x0000, 0x0000, 0x0000,
    0x0000, 0x0000, 0x0000, 0x0000, 0x0000, 0x0000, 0x0000, 0x0000, 0x0000, 0x0000, 0x0000, 0x0000, 0x0000, 0x0000, 0x0000, 0x0000,
    0x0000, 0x0000, 0x0000, 0x0000, 0x0000, 0x0000, 0x0000, 0x0000, 0x0000, 0x0000, 0x0000, 0x0000, 0x0000, 0x0000, 0x0000, 0x0000,
    0x0000, 0x0000, 0x0000, 0x0000, 0x0000, 0x0000, 0x0000, 0x0000, 0x0000, 0x0000, 0x0000, 0x0000, 0x0000, 0x0000, 0x0000, 0x0000,
    0x0000, 0x0000, 0x0000, 0x0000, 0x0000, 0x0000, 0x0000, 0x0000, 0x0000, 0x0000, 0x0000, 0x0000, 0x0000, 0x0000, 0x0000, 0x0000,
    0x0000, 0x0000, 0x0000, 0x0000, 0x0000, 0x0000, 0x0000, 0x0000, 0x0000, 0x0000, 0x0000, 0x0000, 0x0000, 0x0000, 0x0000, 0x0000,
    0x0000, 0x0000, 0x0000, 0x0000, 0x0000, 0x0000, 0x0000, 0x0000, 0x0000, 0x0000, 0x0000, 0x0000, 0x0000, 0x0000, 0x0000, 0x0000,
    0x0000, 0x0000, 0x0000, 0x0000, 0x0000, 0x0000, 0x0000, 0x0000, 0x0000, 0x0000, 0x0000, 0x0000, 0x0000, 0x0000, 0x0000, 0x0000,
    0x0000, 0x0000, 0x0000, 0x0000, 0x0000, 0x0000, 0x0000, 0x0000, 0x0000, 0x0000, 0x0000, 0x0000, 0x0000, 0x0000, 0x0000, 0x0000,
    0x0000, 0x0000, 0x0000, 0x0000, 0x0000, 0x0000, 0x0000, 0x0000, 0x0000, 0x0000, 0x0000, 0x0000, 0x0000, 0x0000, 0x0000, 0x0000,
    0x0000, 0x0000, 0x0000, 0x0000, 0x0000, 0x0000, 0x0000, 0x0000, 0x0000, 0x0000, 0x0000, 0x0000, 0x0000, 0x0000, 0x0000, 0x0000,
    0x0000, 0x0000, 0x0000, 0x0000, 0x0000, 0x0000, 0x0000, 0x0000, 0x0000, 0x0000, 0x0000, 0x0000, 0x0000, 0x0000, 0x0000, 0x0000,
    0x0000, 0x0000, 0x0000, 0x0000, 0x0000, 0x0000, 0x0000, 0x0000, 0x0000, 0x0000, 0x0000, 0x0000, 0x0000, 0x0000, 0x0000, 0x0000,
    0x0000, 0x0000, 0x0000, 0x0000, 0x0000, 0x0000, 0x0000, 0x0000, 0x0000, 0x0000, 0x0000, 0x0000, 0x0000, 0x0000, 0x0000, 0x0000,
    0x0000, 0x0000, 0x0000, 0x0000, 0x0000, 0x0000, 0x0000, 0x0000, 0x0000, 0x0000, 0x0000, 0x0000, 0x0000, 0x0000, 0x0000, 0x0000,
    0x0000, 0x0000, 0x0000, 0x0000, 0x0000, 0x0000, 0x0000, 0x0000, 0x0000, 0x0000, 0x0000, 0x0000, 0x0000, 0x0000, 0x0000, 0x0000,
    0x0000, 0x0000, 0x0000, 0x0000, 0x0000, 0x0000, 0x0000, 0x0000, 0x0000, 0x0000, 0x0000, 0x0000, 0x0000, 0x0000, 0x0000, 0x0000,
    0x0000, 0x0000, 0x0000, 0x0000, 0x0000, 0x0000, 0x0000, 0x0000, 0x0000, 0x0000, 0x0000, 0x0000, 0x0000, 0x0000, 0x0000, 0x0000,
    0x0000, 0x0000, 0x0000, 0x0000, 0x0000, 0x0000, 0x0000, 0x0000, 0x0000, 0x0000, 0x0000, 0x0000, 0x0000, 0x0000, 0x0000, 0x0000,
    0x0000, 0x0000, 0x0000, 0x0000, 0x0000, 0x0000, 0x0000, 0x0000, 0x0000, 0x0000, 0x0000, 0x0000, 0x0000, 0x0000, 0x0000, 0x0000,
    0x0000, 0x0000, 0x0000, 0x0000, 0x0000, 0x0000, 0x0000, 0x0000, 0x0000, 0x0000, 0x0000, 0x0000, 0x0000, 0x0000, 0x0000, 0x0000,
    0x0000, 0x0000, 0x0000, 0x0000, 0x0000, 0x0000, 0x0000, 0x0000, 0x0000, 0x0000, 0x0000, 0x0000, 0x0000, 0x0000, 0x0000, 0x0000,
    0x0000, 0x0000, 0x0000, 0x0000, 0x0000, 0x0000, 0x0000, 0x0000, 0x0000, 0x0000, 0x0000, 0x0000, 0x0000, 0x0000, 0x0000, 0x0000,
    0x0000, 0x0000, 0x0000, 0x0000, 0x0000, 0x0000, 0x0000, 0x0000, 0x0000, 0x0000, 0x0000, 0x0000, 0x0000, 0x0000, 0x0000, 0x0000,
    0x0000, 0x0000, 0x0000, 0x0000, 0x0000, 0x0000, 0x0000, 0x0000, 0x0000, 0x0000, 0x0000, 0x0000, 0x0000, 0x0000, 0x0000, 0x0000,
    0x0000, 0x0000, 0x0000, 0x0000, 0x0000, 0x0000, 0x0000, 0x0000, 0x0000, 0x0000, 0x0000, 0x0000, 0x0000, 0x0000, 0x0000, 0x0000,
    0x0000, 0x0000, 0x0000, 0x0000, 0x0000, 0x0000, 0x0000, 0x0000, 0x0000, 0x0000, 0x0000, 0x0000, 0x0000, 0x0000, 0x0000, 0x0000,
    0x0000, 0x0000, 0x0000, 0x0000, 0x0000, 0x0000, 0x0000, 0x0000, 0x0000, 0x0000, 0x0000, 0x0000, 0x0000, 0x0000, 0x0000, 0x0000,
    0x0000, 0x0000, 0x0000, 0x0000, 0x0000, 0x0000, 0x0000, 0x0000, 0x0000, 0x0000, 0x0000, 0x0000, 0x0000, 0x0000, 0x0000, 0x0000,
    0x0000, 0x0000, 0x0000, 0x0000, 0x0000, 0x0000, 0x0000, 0x0000, 0x0000, 0x0000, 0x0000, 0x0000, 0x0000, 0x0000, 0x0000, 0x0000,
    0x0000, 0x0000, 0x0000, 0x0000, 0x0000, 0x0000, 0x0000, 0x0000, 0x0000, 0x0000, 0x0000, 0x0000, 0x0000, 0x0000, 0x0000, 0x0000,
    0x0000, 0x0000, 0x0000, 0x0000, 0x0000, 0x0000, 0x0000, 0x0000, 0x0000, 0x0000, 0x0000, 0x0000, 0x0000, 0x0000, 0x0000, 0x0000,
    0x0000, 0x0000, 0x0000, 0x0000, 0x0000, 0x0000, 0x0000, 0x0000, 0x0000, 0x0000, 0x0000, 0x0000, 0x0000, 0x0000, 0x0000, 0x0000,
    0x0000, 0x0000, 0x0000, 0x0000, 0x0000, 0x0000, 0x0000, 0x0000, 0x0000, 0x0000, 0x0000, 0x0000, 0x0000, 0x0000, 0x0000, 0x0000,
    0x0000, 0x0000, 0x0000, 0x0000, 0x0000, 0x0000, 0x0000, 0x0000, 0x0000, 0x0000, 0x0000, 0x0000, 0x0000, 0x0000, 0x0000, 0x0000,
    0x0000, 0x0000, 0x0000, 0x0000, 0x0000, 0x0000, 0x0000, 0x0000, 0x0000, 0x0000, 0x0000, 0x0000, 0x0000, 0x0000, 0x0000, 0x0000,
    0x0000, 0x0000, 0x0000, 0x0000, 0x0000, 0x0000, 0x0000, 0x0000, 0x0000, 0x0000, 0x0000, 0x0000, 0x0000, 0x0000, 0x0000, 0x0000,
    0x0000, 0x0000, 0x0000, 0x0000, 0x0000, 0x0000, 0x0000, 0x0000, 0x0000, 0x0000, 0x0000, 0x0000, 0x0000, 0x0000, 0x0000, 0x0000,
    0x0000, 0x0000, 0x0000, 0x0000, 0x0000, 0x0000, 0x0000, 0x0000, 0x0000, 0x0000, 0x0000, 0x0000, 0x0000, 0x0000, 0x0000, 0x0000,
    0x0000, 0x0000, 0x0000, 0x0000, 0x0000, 0x0000, 0x0000, 0x0000, 0x0000, 0x0000, 0x0000, 0x0000, 0x0000, 0x0000, 0x0000, 0x0000,
    0x0000, 0x0000, 0x0000, 0x0000, 0x0000, 0x0000, 0x0000, 0x0000, 0x0000, 0x0000, 0x0000, 0x0000, 0x0000, 0x0000, 0x0000, 0x0000,
    0x0000, 0x0000, 0x0000, 0x0000, 0x0000, 0x0000, 0x0000, 0x0000, 0x0000, 0x0000, 0x0000, 0x0000, 0x0000, 0x0000, 0x0000, 0x0000,
    0x0000, 0x0000, 0x0000, 0x0000, 0x0000, 0x0000, 0x0000, 0x0000, 0x0000, 0x0000, 0x0000, 0x0000, 0x0000, 0x0000, 0x0000, 0x0000,
    0x0000, 0x0000, 0x0000, 0x0000, 0x0000, 0x0000, 0x0000, 0x0000, 0x0000, 0x0000, 0x0000, 0x0000, 0x0000, 0x0000, 0x0000, 0x0000,
    0x0000, 0x0000, 0x0000, 0x0000, 0x0000, 0x0000, 0x0000, 0x0000, 0x0000, 0x0000, 0x0000, 0x0000, 0x0000, 0x0000, 0x0000, 0x0000,
    0x0000, 0x0000, 0x0000, 0x0000, 0x0000, 0x0000, 0x0000, 0x0000, 0x0000, 0x0000, 0x0000, 0x0000, 0x0000, 0x0000, 0x0000, 0x0000,
    0x0000, 0x0000, 0x0000, 0x0000, 0x0000, 0x0000, 0x0000, 0x0000, 0x0000, 0x0000, 0x0000, 0x0000, 0x0000, 0x0000, 0x0000, 0x0000,
    0x0000, 0x0000, 0x0000, 0x0000, 0x0000, 0x0000, 0x0000, 0x0000, 0x0000, 0x0000, 0x0000, 0x0000, 0x0000, 0x0000, 0x0000, 0x0000,
    0x0000, 0x0000, 0x0000, 0x0000, 0x0000, 0x0000, 0x0000, 0x0000, 0x0000, 0x0000, 0x0000, 0x0000, 0x0000, 0x0000, 0x0000, 0x0000,
    0x0000, 0x0000, 0x0000, 0x0000, 0x0000, 0x0000, 0x0000, 0x0000, 0x0000, 0x0000, 0x0000, 0x0000, 0x0000, 0x0000, 0x0000, 0x0000,
    0x0000, 0x0000, 0x0000, 0x0000, 0x0000, 0x0000, 0x0000, 0x0000, 0x0000, 0x0000, 0x0000, 0x0000, 0x0000, 0x0000, 0x0000, 0x0000,
    0x0000, 0x0000, 0x0000, 0x0000, 0x0000, 0x0000, 0x0000, 0x0000, 0x0000, 0x0000, 0x0000, 0x0000, 0x0000, 0x0000, 0x0000, 0x0000,
    0x0000, 0x0000, 0x0000, 0x0000, 0x0000, 0x0000, 0x0000, 0x0000, 0x0000, 0x0000, 0x0000, 0x0000, 0x0000, 0x0000, 0x0000, 0x0000,
    0x0000, 0x0000, 0x0000, 0x0000, 0x0000, 0x0000, 0x0000, 0x0000, 0x0000, 0x0000, 0x0000, 0x0000, 0x0000, 0x0000, 0x0000, 0x0000,
    0x0000, 0x0000, 0x0000, 0x0000, 0x0000, 0x0000, 0x0000, 0x0000, 0x0000, 0x0000, 0x0000, 0x0000, 0x0000, 0x0000, 0x0000, 0x0000,
    0x0000, 0x0000, 0x0000, 0x0000, 0x0000, 0x0000, 0x0000, 0x0000, 0x0000, 0x0000, 0x0000, 0x0000, 0x0000, 0x0000, 0x0000, 0x0000,
    0x0000, 0x0000, 0x0000, 0x0000, 0x0000, 0x0000, 0x0000, 0x0000, 0x0000, 0x0000, 0x0000, 0x0000, 0x0000, 0x0000, 0x0000, 0x0000,
    0x0000, 0x0000, 0x0000, 0x0000, 0x0000, 0x0000, 0x0000, 0x0000, 0x0000, 0x0000, 0x0000, 0x0000, 0x0000, 0x0000, 0x0000, 0x0000,
    0x0000, 0x0000, 0x0000, 0x0000, 0x0000, 0x0000, 0x0000, 0x0000, 0x0000, 0x0000, 0x0000, 0x0000, 0x0000, 0x0000, 0x0000, 0x0000,
    0x0000, 0x0000, 0x0000, 0x0000, 0x0000, 0x0000, 0x0000, 0x0000, 0x0000, 0x0000, 0x0000, 0x0000, 0x0000, 0x0000, 0x0000, 0x0000,
    0x0000, 0x0000, 0x0000, 0x0000, 0x0000, 0x0000, 0x0000, 0x0000, 0x0000, 0x0000, 0x0000, 0x0000, 0x0000, 0x0000, 0x0000, 0x0000,
    0x0000, 0x0000, 0x0000, 0x0000, 0x0000, 0x0000, 0x0000, 0x0000, 0x0000, 0x0000, 0x0000, 0x0000, 0x0000, 0x0000, 0x0000, 0x0000,
    0x0000, 0x0000, 0x0000, 0x0000, 0x0000, 0x0000, 0x0000, 0x0000, 0x0000, 0x0000, 0x0000, 0x0000, 0x0000, 0x0000, 0x0000, 0x0000,
    0x0000, 0x0000, 0x0000, 0x0000, 0x0000, 0x0000, 0x0000, 0x0000, 0x0000, 0x0000, 0x0000, 0x0000, 0x0000, 0x0000, 0x0000, 0x0000,
    0x0000, 0x0000, 0x0000, 0x0000, 0x0000, 0x0000, 0x0000, 0x0000, 0x0000, 0x0000, 0x0000, 0x0000, 0x0000, 0x0000, 0x0000, 0x0000,
    0x0000, 0x0000, 0x0000, 0x0000, 0x0000, 0x0000, 0x0000, 0x0000, 0x0000, 0x0000, 0x0000, 0x0000, 0x0000, 0x0000, 0x0000, 0x0000,
    0x0000, 0x0000, 0x0000, 0x0000, 0x0000, 0x0000, 0x0000, 0x0000, 0x0000, 0x0000, 0x0000, 0x0000, 0x0000, 0x0000, 0x0000, 0x0000,
    0x0000, 0x0000, 0x0000, 0x0000, 0x0000, 0x0000, 0x0000, 0x0000, 0x0000, 0x0000, 0x0000, 0x0000, 0x0000, 0x0000, 0x0000, 0x0000,
    0x0000, 0x0000, 0x0000, 0x0000, 0x0000, 0x0000, 0x0000, 0x0000, 0x0000, 0x0000, 0x0000, 0x0000, 0x0000, 0x0000, 0x0000, 0x0000,
    0x0000, 0x0000, 0x0000, 0x0000, 0x0000, 0x0000, 0x0000, 0x0000, 0x0000, 0x0000, 0x0000, 0x0000, 0x0000, 0x0000, 0x0000, 0x0000,
    0x0000, 0x0000, 0x0000, 0x0000, 0x0000, 0x0000, 0x0000, 0x0000, 0x0000, 0x0000, 0x0000, 0x0000, 0x0000, 0x0000, 0x0000, 0x0000,
    0x0000, 0x0000, 0x0000, 0x0000, 0x0000, 0x0000, 0x0000, 0x0000, 0x0000, 0x0000, 0x0000, 0x0000, 0x0000, 0x0000, 0x0000, 0x0000,
    0x0000, 0x0000, 0x0000, 0x0000, 0x0000, 0x0000, 0x0000, 0x0000, 0x0000, 0x0000, 0x0000, 0x0000, 0x0000, 0x0000, 0x0000, 0x0000,
    0x0000, 0x0000, 0x0000, 0x0000, 0x0000, 0x0000, 0x0000, 0x0000, 0x0000, 0x0000, 0x0000, 0x0000, 0x0000, 0x0000, 0x0000, 0x0000,
    0x0000, 0x0000, 0x0000, 0x0000, 0x0000, 0x0000, 0x0000, 0x0000, 0x0000, 0x0000, 0x0000, 0x0000, 0x0000, 0x0000, 0x0000, 0x0000,
    0x0000, 0x0000, 0x0000, 0x0000, 0x0000, 0x0000, 0x0000, 0x0000, 0x0000, 0x0000, 0x0000, 0x0000, 0x0000, 0x0000, 0x0000, 0x0000,
    0x0000, 0x0000, 0x0000, 0x0000, 0x0000, 0x0000, 0x0000, 0x0000, 0x0000, 0x0000, 0x0000, 0x0000, 0x0000, 0x0000, 0x0000, 0x0000,
    0x0000, 0x0000, 0x0000, 0x0000, 0x0000, 0x0000, 0x0000, 0x0000, 0x0000, 0x0000, 0x0000, 0x0000, 0x0000, 0x0000, 0x0000, 0x0000,
    0x0000, 0x0000, 0x0000, 0x0000, 0x0000, 0x0000, 0x0000, 0x0000, 0x0000, 0x0000, 0x0000, 0x0000, 0x0000, 0x0000, 0x0000, 0x0000,
    0x0000, 0x0000, 0x0000, 0x0000, 0x0000, 0x0000, 0x0000, 0x0000, 0x0000, 0x0000, 0x0000, 0x0000, 0x0000, 0x0000, 0x0000, 0x0000,
    0x0000, 0x0000, 0x0000, 0x0000, 0x0000, 0x0000, 0x0000, 0x0000, 0x0000, 0x0000, 0x0000, 0x0000, 0x0000, 0x0000, 0x0000, 0x0000,
    0x0000, 0x0000, 0x0000, 0x0000, 0x0000, 0x0000, 0x0000, 0x0000, 0x0000, 0x0000, 0x0000, 0x0000, 0x0000, 0x0000, 0x0000, 0x0000,
    0x0000, 0x0000, 0x0000, 0x0000, 0x0000, 0x0000, 0x0000, 0x0000, 0x0000, 0x0000, 0x0000, 0x0000, 0x0000, 0x0000, 0x0000, 0x0000,
    0x0000, 0x0000, 0x0000, 0x0000, 0x0000, 0x0000, 0x0000, 0x0000, 0x0000, 0x0000, 0x0000, 0x0000, 0x0000, 0x0000, 0x0000, 0x0000,
    0x0000, 0x0000, 0x0000, 0x0000, 0x0000, 0x0000, 0x0000, 0x0000, 0x0000, 0x0000, 0x0000, 0x0000, 0x0000, 0x0000, 0x0000, 0x0000,
    0x0000, 0x0000, 0x0000, 0x0000, 0x0000, 0x0000, 0x0000, 0x0000, 0x0000, 0x0000, 0x0000, 0x0000, 0x0000, 0x0000, 0x0000, 0x0000,
    0x0000, 0x0000, 0x0000, 0x0000, 0x0000, 0x0000, 0x0000, 0x0000, 0x0000, 0x0000, 0x0000, 0x0000, 0x0000, 0x0000, 0x0000, 0x0000,
    0x0000, 0x0000, 0x0000, 0x0000, 0x0000, 0x0000, 0x0000, 0x0000, 0x0000, 0x0000, 0x0000, 0x0000, 0x0000, 0x0000, 0x0000, 0x0000,
    0x0000, 0x0000, 0x0000, 0x0000, 0x0000, 0x0000, 0x0000, 0x0000, 0x0000, 0x0000, 0x0000, 0x0000, 0x0000, 0x0000, 0x0000, 0x0000,
    0x0000, 0x0000, 0x0000, 0x0000, 0x0000, 0x0000, 0x0000, 0x0000, 0x0000, 0x0000, 0x0000, 0x0000, 0x0000, 0x0000, 0x0000, 0x0000,
    0x0000, 0x0000, 0x0000, 0x0000, 0x0000, 0x0000, 0x0000, 0x0000, 0x0000, 0x0000, 0x0000, 0x0000, 0x0000, 0x0000, 0x0000, 0x0000,
    0x0000, 0x0000, 0x0000, 0x0000, 0x0000, 0x0000, 0x0000, 0x0000, 0x0000, 0x0000, 0x0000, 0x0000, 0x0000, 0x0000, 0x0000, 0x0000,
    0x0000, 0x0000, 0x0000, 0x0000, 0x0000, 0x0000, 0x0000, 0x0000, 0x0000, 0x0000, 0x0000, 0x0000, 0x0000, 0x0000, 0x0000, 0x0000,
    0x0000, 0x0000, 0x0000, 0x0000, 0x0000, 0x0000, 0x0000, 0x0000, 0x0000, 0x0000, 0x0000, 0x0000, 0x0000, 0x0000, 0x0000, 0x0000,
    0x0000, 0x0000, 0x0000, 0x0000, 0x0000, 0x0000, 0x0000, 0x0000, 0x0000, 0x0000, 0x0000, 0x0000, 0x0000, 0x0000, 0x0000, 0x0000,
    0x0000, 0x0000, 0x0000, 0x0000, 0x0000, 0x0000, 0x0000, 0x0000, 0x0000, 0x0000, 0x0000, 0x0000, 0x0000, 0x0000, 0x0000, 0x0000,
    0x0000, 0x0000, 0x0000, 0x0000, 0x0000, 0x0000, 0x0000, 0x0000, 0x0000, 0x0000, 0x0000, 0x0000, 0x0000, 0x0000, 0x0000, 0x0000,
    0x0000, 0x0000, 0x0000, 0x0000, 0x0000, 0x0000, 0x0000, 0x0000, 0x0000, 0x0000, 0x0000, 0x0000, 0x0000, 0x0000, 0x0000, 0x0000,
    0x0000, 0x0000, 0x0000, 0x0000, 0x0000, 0x0000, 0x0000, 0x0000, 0x0000, 0x0000, 0x0000, 0x0000, 0x0000, 0x0000, 0x0000, 0x0000,
    0x0000, 0x0000, 0x0000, 0x0000, 0x0000, 0x0000, 0x0000, 0x0000, 0x0000, 0x0000, 0x0000, 0x0000, 0x0000, 0x0000, 0x0000, 0x0000,
    0x0000, 0x0000, 0x0000, 0x0000, 0x0000, 0x0000, 0x0000, 0x0000, 0x0000, 0x0000, 0x0000, 0x0000, 0x0000, 0x0000, 0x0000, 0x0000,
    0x0000, 0x0000, 0x0000, 0x0000, 0x0000, 0x0000, 0x0000, 0x0000, 0x0000, 0x0000, 0x0000, 0x0000, 0x0000, 0x0000, 0x0000, 0x0000,
    0x0000, 0x0000, 0x0000, 0x0000, 0x0000, 0x0000, 0x0000, 0x0000, 0x0000, 0x0000, 0x0000, 0x0000, 0x0000, 0x0000, 0x0000, 0x0000,
    0x0000, 0x0000, 0x0000, 0x0000, 0x0000, 0x0000, 0x0000, 0x0000, 0x0000, 0x0000, 0x0000, 0x0000, 0x0000, 0x0000, 0x0000, 0x0000,
    0x0000, 0x0000, 0x0000, 0x0000, 0x0000, 0x0000, 0x0000, 0x0000, 0x0000, 0x0000, 0x0000, 0x0000, 0x0000, 0x0000, 0x0000, 0x0000,
    0x0000, 0x0000, 0x0000, 0x0000, 0x0000, 0x0000, 0x0000, 0x0000, 0x0000, 0x0000, 0x0000, 0x0000, 0x0000, 0x0000, 0x0000, 0x0000,
    0x0000, 0x0000, 0x0000, 0x0000, 0x0000, 0x0000, 0x0000, 0x0000, 0x0000, 0x0000, 0x0000, 0x0000, 0x0000, 0x0000, 0x0000, 0x0000,
    0x0000, 0x0000, 0x0000, 0x0000, 0x0000, 0x0000, 0x0000, 0x0000, 0x0000, 0x0000, 0x0000, 0x0000, 0x0000, 0x0000, 0x0000, 0x0000,
    0x0000, 0x0000, 0x0000, 0x0000, 0x0000, 0x0000, 0x0000, 0x0000, 0x0000, 0x0000, 0x0000, 0x0000, 0x0000, 0x0000, 0x0000, 0x0000,
    0x0000, 0x0000, 0x0000, 0x0000, 0x0000, 0x0000, 0x0000, 0x0000, 0x0000, 0x0000, 0x0000, 0x0000, 0x0000, 0x0000, 0x0000, 0x0000,
    0x0000, 0x0000, 0x0000, 0x0000, 0x0000, 0x0000, 0x0000, 0x0000, 0x0000, 0x0000, 0x0000, 0x0000, 0x0000, 0x0000, 0x0000, 0x0000,
    0x0000, 0x0000, 0x0000, 0x0000, 0x0000, 0x0000, 0x0000, 0x0000, 0x0000, 0x0000, 0x0000, 0x0000, 0x0000, 0x0000, 0x0000, 0x0000,
    0x0000, 0x0000, 0x0000, 0x0000, 0x0000, 0x0000, 0x0000, 0x0000, 0x0000, 0x0000, 0x0000, 0x0000, 0x0000, 0x0000, 0x0000, 0x0000,
    0x0000, 0x0000, 0x0000, 0x0000, 0x0000, 0x0000, 0x0000, 0x0000, 0x0000, 0x0000, 0x0000, 0x0000, 0x0000, 0x0000, 0x0000, 0x0000,
    0x0000, 0x0000, 0x0000, 0x0000, 0x0000, 0x0000, 0x0000, 0x0000, 0x0000, 0x0000, 0x0000, 0x0000, 0x0000, 0x0000, 0x0000, 0x0000,
    0x0000, 0x0000, 0x0000, 0x0000, 0x0000, 0x0000, 0x0000, 0x0000, 0x0000, 0x0000, 0x0000, 0x0000, 0x0000, 0x0000, 0x0000, 0x0000,
    0x0000, 0x0000, 0x0000, 0x0000, 0x0000, 0x0000, 0x0000, 0x0000, 0x0000, 0x0000, 0x0000, 0x0000, 0x0000, 0x0000, 0x0000, 0x0000,
    0x0000, 0x0000, 0x0000, 0x0000, 0x0000, 0x0000, 0x0000, 0x0000, 0x0000, 0x0000, 0x0000, 0x0000, 0x0000, 0x0000, 0x0000, 0x0000,
    0x0000, 0x0000, 0x0000, 0x0000, 0x0000, 0x0000, 0x0000, 0x0000, 0x0000, 0x0000, 0x0000, 0x0000, 0x0000, 0x0000, 0x0000, 0x0000,
    0x0000, 0x0000, 0x0000, 0x0000, 0x0000, 0x0000, 0x0000, 0x0000, 0x0000, 0x0000, 0x0000, 0x0000, 0x0000, 0x0000, 0x0000, 0x0000,
    0x0000, 0x0000, 0x0000, 0x0000, 0x0000, 0x0000, 0x0000, 0x0000, 0x0000, 0x0000, 0x0000, 0x0000, 0x0000, 0x0000, 0x0000, 0x0000,
    0x0000, 0x0000, 0x0000, 0x0000, 0x0000, 0x0000, 0x0000, 0x0000, 0x0000, 0x0000, 0x0000, 0x0000, 0x0000, 0x0000, 0x0000, 0x0000,
    0x0000, 0x0000, 0x0000, 0x0000, 0x0000, 0x0000, 0x0000, 0x0000, 0x0000, 0x0000, 0x0000, 0x0000, 0x0000, 0x0000, 0x0000, 0x0000,
    0x0000, 0x0000, 0x0000, 0x0000, 0x0000, 0x0000, 0x0000, 0x0000, 0x0000, 0x0000, 0x0000, 0x0000, 0x0000, 0x0000, 0x0000, 0x0000,
    0x0000, 0x0000, 0x0000, 0x0000, 0x0000, 0x0000, 0x0000, 0x0000, 0x0000, 0x0000, 0x0000, 0x0000, 0x0000, 0x0000, 0x0000, 0x0000,
    0x0000, 0x0000, 0x0000, 0x0000, 0x0000, 0x0000, 0x0000, 0x0000, 0x0000, 0x0000, 0x0000, 0x0000, 0x0000, 0x0000, 0x0000, 0x0000,
    0x0000, 0x0000, 0x0000, 0x0000, 0x0000, 0x0000, 0x0000, 0x0000, 0x0000, 0x0000, 0x0000, 0x0000, 0x0000, 0x0000, 0x0000, 0x0000,
    0x0000, 0x0000, 0x0000, 0x0000, 0x0000, 0x0000, 0x0000, 0x0000, 0x0000, 0x0000, 0x0000, 0x0000, 0x0000, 0x0000, 0x0000, 0x0000,
    0x0000, 0x0000, 0x0000, 0x0000, 0x0000, 0x0000, 0x0000, 0x0000, 0x0000, 0x0000, 0x0000, 0x0000, 0x0000, 0x0000, 0x0000, 0x0000,
    0x0000, 0x0000, 0x0000, 0x0000, 0x0000, 0x0000, 0x0000, 0x0000, 0x0000, 0x0000, 0x0000, 0x0000, 0x0000, 0x0000, 0x0000, 0x0000,
    0x0000, 0x0000, 0x0000, 0x0000, 0x0000, 0x0000, 0x0000, 0x0000, 0x0000, 0x0000, 0x0000, 0x0000, 0x0000, 0x0000, 0x0000, 0x0000,
    0x0000, 0x0000, 0x0000, 0x0000, 0x0000, 0x0000, 0x0000, 0x0000, 0x0000, 0x0000, 0x0000, 0x0000, 0x0000, 0x0000, 0x0000, 0x0000,
    0x0000, 0x0000, 0x0000, 0x0000, 0x0000, 0x0000, 0x0000, 0x0000, 0x0000, 0x0000, 0x0000, 0x0000, 0x0000, 0x0000, 0x0000, 0x0000,
    0x0000, 0x0000, 0x0000, 0x0000, 0x0000, 0x0000, 0x0000, 0x0000, 0x0000, 0x0000, 0x0000, 0x0000, 0x0000, 0x0000, 0x0000, 0x0000,
    0x0000, 0x0000, 0x0000, 0x0000, 0x0000, 0x0000, 0x0000, 0x0000, 0x0000, 0x0000, 0x0000, 0x0000, 0x0000, 0x0000, 0x0000, 0x0000,
    0x0000, 0x0000, 0x0000, 0x0000, 0x0000, 0x0000, 0x0000, 0x0000, 0x0000, 0x0000, 0x0000, 0x0000, 0x0000, 0x0000, 0x0000, 0x0000,
    0x0000, 0x0000, 0x0000, 0x0000, 0x0000, 0x0000, 0x0000, 0x0000, 0x0000, 0x0000, 0x0000, 0x0000, 0x0000, 0x0000, 0x0000, 0x0000,
    0x0000, 0x0000, 0x0000, 0x0000, 0x0000, 0x0000, 0x0000, 0x0000, 0x0000, 0x0000, 0x0000, 0x0000, 0x0000, 0x0000, 0x0000, 0x0000,
    0x0000, 0x0000, 0x0000, 0x0000, 0x0000, 0x0000, 0x0000, 0x0000, 0x0000, 0x0000, 0x0000, 0x0000, 0x0000, 0x0000, 0x0000, 0x0000,
    0x0000, 0x0000, 0x0000, 0x0000, 0x0000, 0x0000, 0x0000, 0x0000, 0x0000, 0x0000, 0x0000, 0x0000, 0x0000, 0x0000, 0x0000, 0x0000,
    0x0000, 0x0000, 0x0000, 0x0000, 0x0000, 0x0000, 0x0000, 0x0000, 0x0000, 0x0000, 0x0000, 0x0000, 0x0000, 0x0000, 0x0000, 0x0000,
    0x0000, 0x0000, 0x0000, 0x0000, 0x0000, 0x0000, 0x0000, 0x0000, 0x0000, 0x0000, 0x0000, 0x0000, 0x0000, 0x0000, 0x0000, 0x0000,
    0x0000, 0x0000, 0x0000, 0x0000, 0x0000, 0x0000, 0x0000, 0x0000, 0x0000, 0x0000, 0x0000, 0x0000, 0x0000, 0x0000, 0x0000, 0x0000,
    0x0000, 0x0000, 0x0000, 0x0000, 0x0000, 0x0000, 0x0000, 0x0000, 0x0000, 0x0000, 0x0000, 0x0000, 0x0000, 0x0000, 0x0000, 0x0000,
    0x0000, 0x0000, 0x0000, 0x0000, 0x0000, 0x0000, 0x0000, 0x0000, 0x0000, 0x0000, 0x0000, 0x0000, 0x0000, 0x0000, 0x0000, 0x0000,
    0x0000, 0x0000, 0x0000, 0x0000, 0x0000, 0x0000, 0x0000, 0x0000, 0x0000, 0x0000, 0x0000, 0x0000, 0x0000, 0x0000, 0x0000, 0x0000,
    0x0000, 0x0000, 0x0000, 0x0000, 0x0000, 0x0000, 0x0000, 0x0000, 0x0000, 0x0000, 0x0000, 0x0000, 0x0000, 0x0000, 0x0000, 0x0000,
    0x0000, 0x0000, 0x0000, 0x0000, 0x0000, 0x0000, 0x0000, 0x0000, 0x0000, 0x0000, 0x0000, 0x0000, 0x0000, 0x0000, 0x0000, 0x0000,
    0x0000, 0x0000, 0x0000, 0x0000, 0x0000, 0x0000, 0x0000, 0x0000, 0x0000, 0x0000, 0x0000, 0x0000, 0x0000, 0x0000, 0x0000, 0x0000,
    0x0000, 0x0000, 0x0000, 0x0000, 0x0000, 0x0000, 0x0000, 0x0000, 0x0000, 0x0000, 0x0000, 0x0000, 0x0000, 0x0000, 0x0000, 0x0000,
    0x0000, 0x0000, 0x0000, 0x0000, 0x0000, 0x0000, 0x0000, 0x0000, 0x0000, 0x0000, 0x0000, 0x0000, 0x0000, 0x0000, 0x0000, 0x0000,
    0x0000, 0x0000, 0x0000, 0x0000, 0x0000, 0x0000, 0x0000, 0x0000, 0x0000, 0x0000, 0x0000, 0x0000, 0x0000, 0x0000, 0x0000, 0x0000,
    0x0000, 0x0000, 0x0000, 0x0000, 0x0000, 0x0000, 0x0000, 0x0000, 0x0000, 0x0000, 0x0000, 0x0000, 0x0000, 0x0000, 0x0000, 0x0000,
    0x0000, 0x0000, 0x0000, 0x0000, 0x0000, 0x0000, 0x0000, 0x0000, 0x0000, 0x0000, 0x0000, 0x0000, 0x0000, 0x0000, 0x0000, 0x0000,
    0x0000, 0x0000, 0x0000, 0x0000, 0x0000, 0x0000, 0x0000, 0x0000, 0x0000, 0x0000, 0x0000, 0x0000, 0x0000, 0x0000, 0x0000, 0x0000,
    0x0000, 0x0000, 0x0000, 0x0000, 0x0000, 0x0000, 0x0000, 0x0000, 0x0000, 0x0000, 0x0000, 0x0000, 0x0000, 0x0000, 0x0000, 0x0000,
    0x0000, 0x0000, 0x0000, 0x0000, 0x0000, 0x0000, 0x0000, 0x0000, 0x0000, 0x0000, 0x0000, 0x0000, 0x0000, 0x0000, 0x0000, 0x0000,
    0x0000, 0x0000, 0x0000, 0x0000, 0x0000, 0x0000, 0x0000, 0x0000, 0x0000, 0x0000, 0x0000, 0x0000, 0x0000, 0x0000, 0x0000, 0x0000,
    0x0000, 0x0000, 0x0000, 0x0000, 0x0000, 0x0000, 0x0000, 0x0000, 0x0000, 0x0000, 0x0000, 0x0000, 0x0000, 0x0000, 0x0000, 0x0000,
    0x0000, 0x0000, 0x0000, 0x0000, 0x0000, 0x0000, 0x0000, 0x0000, 0x0000, 0x0000, 0x0000, 0x0000, 0x0000, 0x0000, 0x0000, 0x0000,
    0x0000, 0x0000, 0x0000, 0x0000, 0x0000, 0x0000, 0x0000, 0x0000, 0x0000, 0x0000, 0x0000, 0x0000, 0x0000, 0x0000, 0x0000, 0x0000,
    0x0000, 0x0000, 0x0000, 0x0000, 0x0000, 0x0000, 0x0000, 0x0000, 0x0000, 0x0000, 0x0000, 0x0000, 0x0000, 0x0000, 0x0000, 0x0000,
    0x0000, 0x0000, 0x0000, 0x0000, 0x0000, 0x0000, 0x0000, 0x0000, 0x0000, 0x0000, 0x0000, 0x0000, 0x0000, 0x0000, 0x0000, 0x0000,
    0x0000, 0x0000, 0x0000, 0x0000, 0x0000, 0x0000, 0x0000, 0x0000, 0x0000, 0x0000, 0x0000, 0x0000, 0x0000, 0x0000, 0x0000, 0x0000,
    0x0000, 0x0000, 0x0000, 0x0000, 0x0000, 0x0000, 0x0000, 0x0000, 0x0000, 0x0000, 0x0000, 0x0000, 0x0000, 0x0000, 0x0000, 0x0000,
    0x0000, 0x0000, 0x0000, 0x0000, 0x0000, 0x0000, 0x0000, 0x0000, 0x0000, 0x0000, 0x0000, 0x0000, 0x0000, 0x0000, 0x0000, 0x0000,
    0x0000, 0x0000, 0x0000, 0x0000, 0x0000, 0x0000, 0x0000, 0x0000, 0x0000, 0x0000, 0x0000, 0x0000, 0x0000, 0x0000, 0x0000, 0x0000,
    0x0000, 0x0000, 0x0000, 0x0000, 0x0000, 0x0000, 0x0000, 0x0000, 0x0000, 0x0000, 0x0000, 0x0000, 0x0000, 0x0000, 0x0000, 0x0000,
    0x0000, 0x0000, 0x0000, 0x0000, 0x0000, 0x0000, 0x0000, 0x0000, 0x0000, 0x0000, 0x0000, 0x0000, 0x0000, 0x0000, 0x0000, 0x0000,
    0x0000, 0x0000, 0x0000, 0x0000, 0x0000, 0x0000, 0x0000, 0x0000, 0x0000, 0x0000, 0x0000, 0x0000, 0x0000, 0x0000, 0x0000, 0x0000,
    0x0000, 0x0000, 0x0000, 0x0000, 0x0000, 0x0000, 0x0000, 0x0000, 0x0000, 0x0000, 0x0000, 0x0000, 0x0000, 0x0000, 0x0000, 0x0000,
    0x0000, 0x0000, 0x0000, 0x0000, 0x0000, 0x0000, 0x0000, 0x0000, 0x0000, 0x0000, 0x0000, 0x0000, 0x0000, 0x0000, 0x0000, 0x0000,
    0x0000, 0x0000, 0x0000, 0x0000, 0x0000, 0x0000, 0x0000, 0x0000, 0x0000, 0x0000, 0x0000, 0x0000, 0x0000, 0x0000, 0x0000, 0x0000,
    0x0000, 0x0000, 0x0000, 0x0000, 0x0000, 0x0000, 0x0000, 0x0000, 0x0000, 0x0000, 0x0000, 0x0000, 0x0000, 0x0000, 0x0000, 0x0000,
    0x0000, 0x0000, 0x0000, 0x0000, 0x0000, 0x0000, 0x0000, 0x0000, 0x0000, 0x0000, 0x0000, 0x0000, 0x0000, 0x0000, 0x0000, 0x0000,
    0x0000, 0x0000, 0x0000, 0x0000, 0x0000, 0x0000, 0x0000, 0x0000, 0x0000, 0x0000, 0x0000, 0x0000, 0x0000, 0x0000, 0x0000, 0x0000,
    0x0000, 0x0000, 0x0000, 0x0000, 0x0000, 0x0000, 0x0000, 0x0000, 0x0000, 0x0000, 0x0000, 0x0000, 0x0000, 0x0000, 0x0000, 0x0000,
    0x0000, 0x0000, 0x0000, 0x0000, 0x0000, 0x0000, 0x0000, 0x0000, 0x0000, 0x0000, 0x0000, 0x0000, 0x0000, 0x0000, 0x0000, 0x0000,
    0x0000, 0x0000, 0x0000, 0x0000, 0x0000, 0x0000, 0x0000, 0x0000, 0x0000, 0x0000, 0x0000, 0x0000, 0x0000, 0x0000, 0x0000, 0x0000,
    0x0000, 0x0000, 0x0000, 0x0000, 0x0000, 0x0000, 0x0000, 0x0000, 0x0000, 0x0000, 0x0000, 0x0000, 0x0000, 0x0000, 0x0000, 0x0000,
    0x0000, 0x0000, 0x0000, 0x0000, 0x0000, 0x0000, 0x0000, 0x0000, 0x0000, 0x0000, 0x0000, 0x0000, 0x0000, 0x0000, 0x0000, 0x0000,
    0x0000, 0x0000, 0x0000, 0x0000, 0x0000, 0x0000, 0x0000, 0x0000, 0x0000, 0x0000, 0x0000, 0x0000, 0x0000, 0x0000, 0x0000, 0x0000,
    0x0000, 0x0000, 0x0000, 0x0000, 0x0000, 0x0000, 0x0000, 0x0000, 0x0000, 0x0000, 0x0000, 0x0000, 0x0000, 0x0000, 0x0000, 0x0000,
    0x0000, 0x0000, 0x0000, 0x0000, 0x0000, 0x0000, 0x0000, 0x0000, 0x0000, 0x0000, 0x0000, 0x0000, 0x0000, 0x0000, 0x0000, 0x0000,
    0x0000, 0x0000, 0x0000, 0x0000, 0x0000, 0x0000, 0x0000, 0x0000, 0x0000, 0x0000, 0x0000, 0x0000, 0x0000, 0x0000, 0x0000, 0x0000,
    0x0000, 0x0000, 0x0000, 0x0000, 0x0000, 0x0000, 0x0000, 0x0000, 0x0000, 0x0000, 0x0000, 0x0000, 0x0000, 0x0000, 0x0000, 0x0000,
    0x0000, 0x0000, 0x0000, 0x0000, 0x0000, 0x0000, 0x0000, 0x0000, 0x0000, 0x0000, 0x0000, 0x0000, 0x0000, 0x0000, 0x0000, 0x0000,
    0x0000, 0x0000, 0x0000, 0x0000, 0x0000, 0x0000, 0x0000, 0x0000, 0x0000, 0x0000, 0x0000, 0x0000, 0x0000, 0x0000, 0x0000, 0x0000,
    0x0000, 0x0000, 0x0000, 0x0000, 0x0000, 0x0000, 0x0000, 0x0000, 0x0000, 0x0000, 0x0000, 0x0000, 0x0000, 0x0000, 0x0000, 0x0000,
    0x0000, 0x0000, 0x0000, 0x0000, 0x0000, 0x0000, 0x0000, 0x0000, 0x0000, 0x0000, 0x0000, 0x0000, 0x0000, 0x0000, 0x0000, 0x0000,
    0x0000, 0x0000, 0x0000, 0x0000, 0x0000, 0x0000, 0x0000, 0x0000, 0x0000, 0x0000, 0x0000, 0x0000, 0x0000, 0x0000, 0x0000, 0x0000,
    0x0000, 0x0000, 0x0000, 0x0000, 0x0000, 0x0000, 0x0000, 0x0000, 0x0000, 0x0000, 0x0000, 0x0000, 0x0000, 0x0000, 0x0000, 0x0000,
    0x0000, 0x0000, 0x0000, 0x0000, 0x0000, 0x0000, 0x0000, 0x0000, 0x0000, 0x0000, 0x0000, 0x0000, 0x0000, 0x0000, 0x0000, 0x0000,
    0x0000, 0x0000, 0x0000, 0x0000, 0x0000, 0x0000, 0x0000, 0x0000, 0x0000, 0x0000, 0x0000, 0x0000, 0x0000, 0x0000, 0x0000, 0x0000,
    0x0000, 0x0000, 0x0000, 0x0000, 0x0000, 0x0000, 0x0000, 0x0000, 0x0000, 0x0000, 0x0000, 0x0000, 0x0000, 0x0000, 0x0000, 0x0000,
    0x0000, 0x0000, 0x0000, 0x0000, 0x0000, 0x0000, 0x0000, 0x0000, 0x0000, 0x0000, 0x0000, 0x0000, 0x0000, 0x0000, 0x0000, 0x0000,
    0x0000, 0x0000, 0x0000, 0x0000, 0x0000, 0x0000, 0x0000, 0x0000, 0x0000, 0x0000, 0x0000, 0x0000, 0x0000, 0x0000, 0x0000, 0x0000,
    0x0000, 0x0000, 0x0000, 0x0000, 0x0000, 0x0000, 0x0000, 0x0000, 0x0000, 0x0000, 0x0000, 0x0000, 0x0000, 0x0000, 0x0000, 0x0000,
    0x0000, 0x0000, 0x0000, 0x0000, 0x0000, 0x0000, 0x0000, 0x0000, 0x0000, 0x0000, 0x0000, 0x0000, 0x0000, 0x0000, 0x0000, 0x0000,
    0x0000, 0x0000, 0x0000, 0x0000, 0x0000, 0x0000, 0x0000, 0x0000, 0x0000, 0x0000, 0x0000, 0x0000, 0x0000, 0x0000, 0x0000, 0x0000,
    0x0000, 0x0000, 0x0000, 0x0000, 0x0000, 0x0000, 0x0000, 0x0000, 0x0000, 0x0000, 0x0000, 0x0000, 0x0000, 0x0000, 0x0000, 0x0000,
    0x0000, 0x0000, 0x0000, 0x0000, 0x0000, 0x0000, 0x0000, 0x0000, 0x0000, 0x0000, 0x0000, 0x0000, 0x0000, 0x0000, 0x0000, 0x0000,
    0x0000, 0x0000, 0x0000, 0x0000, 0x0000, 0x0000, 0x0000, 0x0000, 0x0000, 0x0000, 0x0000, 0x0000, 0x0000, 0x0000, 0x0000, 0x0000,
    0x0000, 0x0000, 0x0000, 0x0000, 0x0000, 0x0000, 0x0000, 0x0000, 0x0000, 0x0000, 0x0000, 0x0000, 0x0000, 0x0000, 0x0000, 0x0000,
    0x0000, 0x0000, 0x0000, 0x0000, 0x0000, 0x0000, 0x0000, 0x0000, 0x0000, 0x0000, 0x0000, 0x0000, 0x0000, 0x0000, 0x0000, 0x0000,
    0x0000, 0x0000, 0x0000, 0x0000, 0x0000, 0x0000, 0x0000, 0x0000, 0x0000, 0x0000, 0x0000, 0x0000, 0x0000, 0x0000, 0x0000, 0x0000,
    0x0000, 0x0000, 0x0000, 0x0000, 0x0000, 0x0000, 0x0000, 0x0000, 0x0000, 0x0000, 0x0000, 0x0000, 0x0000, 0x0000, 0x0000, 0x0000,
    0x0000, 0x0000, 0x0000, 0x0000, 0x0000, 0x0000, 0x0000, 0x0000, 0x0000, 0x0000, 0x0000, 0x0000, 0x0000, 0x0000, 0x0000, 0x0000,
    0x0000, 0x0000, 0x0000, 0x0000, 0x0000, 0x0000, 0x0000, 0x0000, 0x0000, 0x0000, 0x0000, 0x0000, 0x0000, 0x0000, 0x0000, 0x0000,
    0x0000, 0x0000, 0x0000, 0x0000, 0x0000, 0x0000, 0x0000, 0x0000, 0x0000, 0x0000, 0x0000, 0x0000, 0x0000, 0x0000, 0x0000, 0x0000,
    0x0000, 0x0000, 0x0000, 0x0000, 0x0000, 0x0000, 0x0000, 0x0000, 0x0000, 0x0000, 0x0000, 0x0000, 0x0000, 0x0000, 0x0000, 0x0000,
    0x0000, 0x0000, 0x0000, 0x0000, 0x0000, 0x0000, 0x0000, 0x0000, 0x0000, 0x0000, 0x0000, 0x0000, 0x0000, 0x0000, 0x0000, 0x0000,
    0x0000, 0x0000, 0x0000, 0x0000, 0x0000, 0x0000, 0x0000, 0x0000, 0x0000, 0x0000, 0x0000, 0x0000, 0x0000, 0x0000, 0x0000, 0x0000,
    0x0000, 0x0000, 0x0000, 0x0000, 0x0000, 0x0000, 0x0000, 0x0000, 0x0000, 0x0000, 0x0000, 0x0000, 0x0000, 0x0000, 0x0000, 0x0000,
    0x0000, 0x0000, 0x0000, 0x0000, 0x0000, 0x0000, 0x0000, 0x0000, 0x0000, 0x0000, 0x0000, 0x0000, 0x0000, 0x0000, 0x0000, 0x0000,
    0x0000, 0x0000, 0x0000, 0x0000, 0x0000, 0x0000, 0x0000, 0x0000, 0x0000, 0x0000, 0x0000, 0x0000, 0x0000, 0x0000, 0x0000, 0x0000,
    0x0000, 0x0000, 0x0000, 0x0000, 0x0000, 0x0000, 0x0000, 0x0000, 0x0000, 0x0000, 0x0000, 0x0000, 0x0000, 0x0000, 0x0000, 0x0000,
    0x0000, 0x0000, 0x0000, 0x0000, 0x0000, 0x0000, 0x0000, 0x0000, 0x0000, 0x0000, 0x0000, 0x0000, 0x0000, 0x0000, 0x0000, 0x0000,
    0x0000, 0x0000, 0x0000, 0x0000, 0x0000, 0x0000, 0x0000, 0x0000, 0x0000, 0x0000, 0x0000, 0x0000, 0x0000, 0x0000, 0x0000, 0x0000,
    0x0000, 0x0000, 0x0000, 0x0000, 0x0000, 0x0000, 0x0000, 0x0000, 0x0000, 0x0000, 0x0000, 0x0000, 0x0000, 0x0000, 0x0000, 0x0000,
    0x0000, 0x0000, 0x0000, 0x0000, 0x0000, 0x0000, 0x0000, 0x0000, 0x0000, 0x0000, 0x0000, 0x0000, 0x0000, 0x0000, 0x0000, 0x0000,
    0x0000, 0x0000, 0x0000, 0x0000, 0x0000, 0x0000, 0x0000, 0x0000, 0x0000, 0x0000, 0x0000, 0x0000, 0x0000, 0x0000, 0x0000, 0x0000,
    0x0000, 0x0000, 0x0000, 0x0000, 0x0000, 0x0000, 0x0000, 0x0000, 0x0000, 0x0000, 0x0000, 0x0000, 0x0000, 0x0000, 0x0000, 0x0000,
    0x0000, 0x0000, 0x0000, 0x0000, 0x0000, 0x0000, 0x0000, 0x0000, 0x0000, 0x0000, 0x0000, 0x0000, 0x0000, 0x0000, 0x0000, 0x0000,
    0x0000, 0x0000, 0x0000, 0x0000, 0x0000, 0x0000, 0x0000, 0x0000, 0x0000, 0x0000, 0x0000, 0x0000, 0x0000, 0x0000, 0x0000, 0x0000,
    0x0000, 0x0000, 0x0000, 0x0000, 0x0000, 0x0000, 0x0000, 0x0000, 0x0000, 0x0000, 0x0000, 0x0000, 0x0000, 0x0000, 0x0000, 0x0000,
    0x0000, 0x0000, 0x0000, 0x0000, 0x0000, 0x0000, 0x0000, 0x0000, 0x0000, 0x0000, 0x0000, 0x0000, 0x0000, 0x0000, 0x0000, 0x0000,
    0x0000, 0x0000, 0x0000, 0x0000, 0x0000, 0x0000, 0x0000, 0x0000, 0x0000, 0x0000, 0x0000, 0x0000, 0x0000, 0x0000, 0x0000, 0x0000,
    0x0000, 0x0000, 0x0000, 0x0000, 0x0000, 0x0000, 0x0000, 0x0000, 0x0000, 0x0000, 0x0000, 0x0000, 0x0000, 0x0000, 0x0000, 0x0000,
    0x0000, 0x0000, 0x0000, 0x0000, 0x0000, 0x0000, 0x0000, 0x0000, 0x0000, 0x0000, 0x0000, 0x0000, 0x0000, 0x0000, 0x0000, 0x0000,
    0x0000, 0x0000, 0x0000, 0x0000, 0x0000, 0x0000, 0x0000, 0x0000, 0x0000, 0x0000, 0x0000, 0x0000, 0x0000, 0x0000, 0x0000, 0x0000,
    0x0000, 0x0000, 0x0000, 0x0000, 0x0000, 0x0000, 0x0000, 0x0000, 0x0000, 0x0000, 0x0000, 0x0000, 0x0000, 0x0000, 0x0000, 0x0000,
    0x0000, 0x0000, 0x0000, 0x0000, 0x0000, 0x0000, 0x0000, 0x0000, 0x0000, 0x0000, 0x0000, 0x0000, 0x0000, 0x0000, 0x0000, 0x0000,
    0x0000, 0x0000, 0x0000, 0x0000, 0x0000, 0x0000, 0x0000, 0x0000, 0x0000, 0x0000, 0x0000, 0x0000, 0x0000, 0x0000, 0x0000, 0x0000,
    0x0000, 0x0000, 0x0000, 0x0000, 0x0000, 0x0000, 0x0000, 0x0000, 0x0000, 0x0000, 0x0000, 0x0000, 0x0000, 0x0000, 0x0000, 0x0000,
    0x0000, 0x0000, 0x0000, 0x0000, 0x0000, 0x0000, 0x0000, 0x0000, 0x0000, 0x0000, 0x0000, 0x0000, 0x0000, 0x0000, 0x0000, 0x0000,
};

/* Use assignment init to avoid LVGL 9 missing-field-initializer warnings */
static lv_image_dsc_t evj55_splash_img;
static inline void evj55_splash_img_init(void) {
    evj55_splash_img.header.cf     = LV_COLOR_FORMAT_RGB565;
    evj55_splash_img.header.magic  = LV_IMAGE_HEADER_MAGIC;
    evj55_splash_img.header.w      = SPLASH_EMBED_W;
    evj55_splash_img.header.h      = SPLASH_EMBED_H;
    evj55_splash_img.header.stride = SPLASH_EMBED_W * 2;
    evj55_splash_img.data_size     = sizeof(evj55_splash_data);
    evj55_splash_img.data          = (const uint8_t *)evj55_splash_data;
}
